2026-03-03 18:31:52,167 [INFO   ] __main__ (main.py:62): ============================================================
2026-03-03 18:31:52,168 [INFO   ] __main__ (main.py:63): Starting P&L pipeline
2026-03-03 18:31:52,168 [INFO   ] __main__ (main.py:64): Board ID: 2131896795 | Mode: INCLUDES_VAT | Currency: ILS
2026-03-03 18:31:52,168 [INFO   ] __main__ (main.py:66): ============================================================
2026-03-03 18:31:52,168 [INFO   ] __main__ (main.py:71): Step 1/4: Fetching items from Monday.com...
2026-03-03 18:31:52,168 [INFO   ] src.monday_client (monday_client.py:145): Fetching page 1 (cursor=START)...
2026-03-03 18:31:56,822 [INFO   ] src.monday_client (monday_client.py:162):   -> Got 100 items (total so far: 100)
2026-03-03 18:31:56,822 [INFO   ] src.monday_client (monday_client.py:145): Fetching page 2 (cursor=MSwyMTMxODk2Nzk1LE5lRlBwNkVUaE5uZi1tdm42Qkdqdiw2NzIsMTAwLHwzMzU0MTc3NjA5)...
2026-03-03 18:32:01,712 [INFO   ] src.monday_client (monday_client.py:162):   -> Got 100 items (total so far: 200)
2026-03-03 18:32:01,712 [INFO   ] src.monday_client (monday_client.py:145): Fetching page 3 (cursor=MSwyMTMxODk2Nzk1LE5lRlBwNkVUaE5uZi1tdm42Qkdqdiw2NzIsMjAwLHwzNTc5Mzg3ODE1)...
2026-03-03 18:32:05,993 [INFO   ] src.monday_client (monday_client.py:162):   -> Got 100 items (total so far: 300)
2026-03-03 18:32:05,993 [INFO   ] src.monday_client (monday_client.py:145): Fetching page 4 (cursor=MSwyMTMxODk2Nzk1LE5lRlBwNkVUaE5uZi1tdm42Qkdqdiw2NzIsMzAwLHwxODQzNzU1MjAy)...
2026-03-03 18:32:11,051 [INFO   ] src.monday_client (monday_client.py:162):   -> Got 100 items (total so far: 400)
2026-03-03 18:32:11,051 [INFO   ] src.monday_client (monday_client.py:145): Fetching page 5 (cursor=MSwyMTMxODk2Nzk1LE5lRlBwNkVUaE5uZi1tdm42Qkdqdiw2NzIsNDAwLHw0MDI5ODI1MTQ3)...
2026-03-03 18:32:14,564 [INFO   ] src.monday_client (monday_client.py:162):   -> Got 100 items (total so far: 500)
2026-03-03 18:32:14,564 [INFO   ] src.monday_client (monday_client.py:145): Fetching page 6 (cursor=MSwyMTMxODk2Nzk1LE5lRlBwNkVUaE5uZi1tdm42Qkdqdiw2NzIsNTAwLHwxMjE3Mjc1Njc4)...
2026-03-03 18:32:19,001 [INFO   ] src.monday_client (monday_client.py:162):   -> Got 100 items (total so far: 600)
2026-03-03 18:32:19,002 [INFO   ] src.monday_client (monday_client.py:145): Fetching page 7 (cursor=MSwyMTMxODk2Nzk1LE5lRlBwNkVUaE5uZi1tdm42Qkdqdiw2NzIsNjAwLHwxNTEzODUxMTIw)...
2026-03-03 18:32:22,684 [INFO   ] src.monday_client (monday_client.py:162):   -> Got 72 items (total so far: 672)
2026-03-03 18:32:22,684 [INFO   ] src.monday_client (monday_client.py:168): Finished fetching. Total items: 672
2026-03-03 18:32:22,684 [INFO   ] __main__ (main.py:75): Step 2/4: Normalizing orders...
2026-03-03 18:32:22,693 [INFO   ] src.order_mapper (order_mapper.py:203): Normalized 672 / 672 items
2026-03-03 18:32:22,693 [INFO   ] __main__ (main.py:82): Step 3/4: Computing P&L...
2026-03-03 18:32:22,695 [INFO   ] src.pnl_engine (pnl_engine.py:93): Computed P&L for 672 / 672 orders
2026-03-03 18:32:22,695 [INFO   ] __main__ (main.py:86): Step 4/4: Writing Excel workbook...
2026-03-03 18:32:22,696 [INFO   ] src.excel_writer (excel_writer.py:406): Creating new workbook: P&L.xlsx
2026-03-03 18:32:22,800 [INFO   ] src.excel_writer (excel_writer.py:193): Sheet 'Orders_Raw': 0 updated, 672 inserted
2026-03-03 18:32:22,953 [INFO   ] src.excel_writer (excel_writer.py:193): Sheet 'Calc': 0 updated, 672 inserted
2026-03-03 18:32:22,957 [INFO   ] src.excel_writer (excel_writer.py:445): No duplicate order_ids in Calc sheet.
2026-03-03 18:32:23,139 [INFO   ] src.excel_writer (excel_writer.py:426): Workbook saved: P&L.xlsx (672 orders)
2026-03-03 18:32:23,139 [INFO   ] __main__ (main.py:90): ============================================================
2026-03-03 18:32:23,139 [INFO   ] __main__ (main.py:91): Pipeline complete in 31.0s — 672 orders → P&L.xlsx
2026-03-03 18:32:23,142 [INFO   ] __main__ (main.py:93): ============================================================
2026-03-03 18:41:30,388 [INFO   ] __main__ (main.py:62): ============================================================
2026-03-03 18:41:30,388 [INFO   ] __main__ (main.py:63): Starting P&L pipeline
2026-03-03 18:41:30,389 [INFO   ] __main__ (main.py:64): Board ID: 2131896795 | Mode: INCLUDES_VAT | Currency: ILS
2026-03-03 18:41:30,389 [INFO   ] __main__ (main.py:66): ============================================================
2026-03-03 18:41:30,389 [INFO   ] __main__ (main.py:71): Step 1/4: Fetching items from Monday.com...
2026-03-03 18:41:30,389 [INFO   ] src.monday_client (monday_client.py:145): Fetching page 1 (cursor=START)...
2026-03-03 18:41:36,186 [INFO   ] src.monday_client (monday_client.py:162):   -> Got 100 items (total so far: 100)
2026-03-03 18:41:36,186 [INFO   ] src.monday_client (monday_client.py:145): Fetching page 2 (cursor=MSwyMTMxODk2Nzk1LHYzbVdjMF9xeWkwQ1VRbGFHeE1uYSw2NzIsMTAwLHwxMzM4NjIyMzU5)...
2026-03-03 18:41:40,694 [INFO   ] src.monday_client (monday_client.py:162):   -> Got 100 items (total so far: 200)
2026-03-03 18:41:40,694 [INFO   ] src.monday_client (monday_client.py:145): Fetching page 3 (cursor=MSwyMTMxODk2Nzk1LHYzbVdjMF9xeWkwQ1VRbGFHeE1uYSw2NzIsMjAwLHwxNTY4NDM1ODMz)...
2026-03-03 18:41:45,537 [INFO   ] src.monday_client (monday_client.py:162):   -> Got 100 items (total so far: 300)
2026-03-03 18:41:45,537 [INFO   ] src.monday_client (monday_client.py:145): Fetching page 4 (cursor=MSwyMTMxODk2Nzk1LHYzbVdjMF9xeWkwQ1VRbGFHeE1uYSw2NzIsMzAwLHwzODU0NTY3NzA4)...
2026-03-03 18:41:49,791 [INFO   ] src.monday_client (monday_client.py:162):   -> Got 100 items (total so far: 400)
2026-03-03 18:41:49,791 [INFO   ] src.monday_client (monday_client.py:145): Fetching page 5 (cursor=MSwyMTMxODk2Nzk1LHYzbVdjMF9xeWkwQ1VRbGFHeE1uYSw2NzIsNDAwLHwyMDE0Nzg1OTU3)...
2026-03-03 18:41:53,967 [INFO   ] src.monday_client (monday_client.py:162):   -> Got 100 items (total so far: 500)
2026-03-03 18:41:53,967 [INFO   ] src.monday_client (monday_client.py:145): Fetching page 6 (cursor=MSwyMTMxODk2Nzk1LHYzbVdjMF9xeWkwQ1VRbGFHeE1uYSw2NzIsNTAwLHwzMjMyNDU0MzM2)...
2026-03-03 18:41:59,355 [INFO   ] src.monday_client (monday_client.py:162):   -> Got 100 items (total so far: 600)
2026-03-03 18:41:59,355 [INFO   ] src.monday_client (monday_client.py:145): Fetching page 7 (cursor=MSwyMTMxODk2Nzk1LHYzbVdjMF9xeWkwQ1VRbGFHeE1uYSw2NzIsNjAwLHwzNTI1MjQ1MjMw)...
2026-03-03 18:42:02,972 [INFO   ] src.monday_client (monday_client.py:162):   -> Got 72 items (total so far: 672)
2026-03-03 18:42:02,972 [INFO   ] src.monday_client (monday_client.py:168): Finished fetching. Total items: 672
2026-03-03 18:42:02,972 [INFO   ] __main__ (main.py:75): Step 2/4: Normalizing orders...
2026-03-03 18:42:02,988 [INFO   ] src.order_mapper (order_mapper.py:234): Normalized 672 / 672 items
2026-03-03 18:42:02,988 [INFO   ] __main__ (main.py:82): Step 3/4: Computing P&L...
2026-03-03 18:42:02,995 [INFO   ] src.pnl_engine (pnl_engine.py:120): Computed P&L for 672 / 672 orders
2026-03-03 18:42:02,995 [INFO   ] __main__ (main.py:86): Step 4/4: Writing Excel workbook...
2026-03-03 18:42:02,995 [INFO   ] src.excel_writer (excel_writer.py:409): Creating new workbook: P&L.xlsx
2026-03-03 18:42:03,135 [INFO   ] src.excel_writer (excel_writer.py:196): Sheet 'Orders_Raw': 0 updated, 672 inserted
2026-03-03 18:42:03,330 [INFO   ] src.excel_writer (excel_writer.py:196): Sheet 'Calc': 0 updated, 672 inserted
2026-03-03 18:42:03,336 [INFO   ] src.excel_writer (excel_writer.py:448): No duplicate order_ids in Calc sheet.
2026-03-03 18:42:03,618 [INFO   ] src.excel_writer (excel_writer.py:429): Workbook saved: P&L.xlsx (672 orders)
2026-03-03 18:42:03,618 [INFO   ] __main__ (main.py:90): ============================================================
2026-03-03 18:42:03,618 [INFO   ] __main__ (main.py:91): Pipeline complete in 33.2s - 672 orders -> P&L.xlsx
2026-03-03 18:42:03,618 [INFO   ] __main__ (main.py:93): ============================================================
2026-03-03 19:02:07,728 [INFO   ] __main__ (main.py:62): ============================================================
2026-03-03 19:02:07,728 [INFO   ] __main__ (main.py:63): Starting P&L pipeline
2026-03-03 19:02:07,728 [INFO   ] __main__ (main.py:64): Board ID: 2131896795 | Mode: INCLUDES_VAT | Currency: ILS
2026-03-03 19:02:07,728 [INFO   ] __main__ (main.py:66): ============================================================
2026-03-03 19:02:07,728 [INFO   ] __main__ (main.py:71): Step 1/4: Fetching items from Monday.com...
2026-03-03 19:02:07,728 [INFO   ] src.monday_client (monday_client.py:145): Fetching page 1 (cursor=START)...
2026-03-03 19:02:12,516 [INFO   ] src.monday_client (monday_client.py:162):   -> Got 100 items (total so far: 100)
2026-03-03 19:02:12,516 [INFO   ] src.monday_client (monday_client.py:145): Fetching page 2 (cursor=MSwyMTMxODk2Nzk1LFBaelBqcFpUYU1rMG1wV2JwYVVKSiw2NzIsMTAwLHwxNDY5MTU4ODM1)...
2026-03-03 19:02:17,029 [INFO   ] src.monday_client (monday_client.py:162):   -> Got 100 items (total so far: 200)
2026-03-03 19:02:17,029 [INFO   ] src.monday_client (monday_client.py:145): Fetching page 3 (cursor=MSwyMTMxODk2Nzk1LFBaelBqcFpUYU1rMG1wV2JwYVVKSiw2NzIsMjAwLHwxMTYwMDAyMTQx)...
2026-03-03 19:02:21,637 [INFO   ] src.monday_client (monday_client.py:162):   -> Got 100 items (total so far: 300)
2026-03-03 19:02:21,637 [INFO   ] src.monday_client (monday_client.py:145): Fetching page 4 (cursor=MSwyMTMxODk2Nzk1LFBaelBqcFpUYU1rMG1wV2JwYVVKSiw2NzIsMzAwLHw0MjU0NjIwOTg0)...
2026-03-03 19:02:25,750 [INFO   ] src.monday_client (monday_client.py:162):   -> Got 100 items (total so far: 400)
2026-03-03 19:02:25,750 [INFO   ] src.monday_client (monday_client.py:145): Fetching page 5 (cursor=MSwyMTMxODk2Nzk1LFBaelBqcFpUYU1rMG1wV2JwYVVKSiw2NzIsNDAwLHwxNjE1ODE2MDY1)...
2026-03-03 19:02:30,283 [INFO   ] src.monday_client (monday_client.py:162):   -> Got 100 items (total so far: 500)
2026-03-03 19:02:30,283 [INFO   ] src.monday_client (monday_client.py:145): Fetching page 6 (cursor=MSwyMTMxODk2Nzk1LFBaelBqcFpUYU1rMG1wV2JwYVVKSiw2NzIsNTAwLHwzNjM5ODA0NjQ0)...
2026-03-03 19:02:34,977 [INFO   ] src.monday_client (monday_client.py:162):   -> Got 100 items (total so far: 600)
2026-03-03 19:02:34,977 [INFO   ] src.monday_client (monday_client.py:145): Fetching page 7 (cursor=MSwyMTMxODk2Nzk1LFBaelBqcFpUYU1rMG1wV2JwYVVKSiw2NzIsNjAwLHwzMzkzNjI5NDUw)...
2026-03-03 19:02:39,924 [INFO   ] src.monday_client (monday_client.py:162):   -> Got 72 items (total so far: 672)
2026-03-03 19:02:39,925 [INFO   ] src.monday_client (monday_client.py:168): Finished fetching. Total items: 672
2026-03-03 19:02:39,925 [INFO   ] __main__ (main.py:75): Step 2/4: Normalizing orders...
2026-03-03 19:02:39,938 [INFO   ] src.order_mapper (order_mapper.py:234): Normalized 672 / 672 items
2026-03-03 19:02:39,938 [INFO   ] __main__ (main.py:82): Step 3/4: Computing P&L...
2026-03-03 19:02:39,943 [INFO   ] src.pnl_engine (pnl_engine.py:120): Computed P&L for 672 / 672 orders
2026-03-03 19:02:39,943 [INFO   ] __main__ (main.py:86): Step 4/4: Writing Excel workbook...
2026-03-03 19:02:39,943 [INFO   ] src.excel_writer (excel_writer.py:409): Creating new workbook: PnL_v2.xlsx
2026-03-03 19:02:40,096 [INFO   ] src.excel_writer (excel_writer.py:196): Sheet 'Orders_Raw': 0 updated, 672 inserted
2026-03-03 19:02:40,318 [INFO   ] src.excel_writer (excel_writer.py:196): Sheet 'Calc': 0 updated, 672 inserted
2026-03-03 19:02:40,325 [INFO   ] src.excel_writer (excel_writer.py:448): No duplicate order_ids in Calc sheet.
2026-03-03 19:02:40,605 [INFO   ] src.excel_writer (excel_writer.py:429): Workbook saved: PnL_v2.xlsx (672 orders)
2026-03-03 19:02:40,605 [INFO   ] __main__ (main.py:90): ============================================================
2026-03-03 19:02:40,605 [INFO   ] __main__ (main.py:91): Pipeline complete in 32.9s - 672 orders -> PnL_v2.xlsx
2026-03-03 19:02:40,605 [INFO   ] __main__ (main.py:93): ============================================================
2026-03-03 19:07:44,337 [INFO   ] __main__ (main.py:62): ============================================================
2026-03-03 19:07:44,337 [INFO   ] __main__ (main.py:63): Starting P&L pipeline
2026-03-03 19:07:44,337 [INFO   ] __main__ (main.py:64): Board ID: 2131896795 | Mode: INCLUDES_VAT | Currency: ILS
2026-03-03 19:07:44,338 [INFO   ] __main__ (main.py:66): ============================================================
2026-03-03 19:07:44,338 [INFO   ] __main__ (main.py:71): Step 1/4: Fetching items from Monday.com...
2026-03-03 19:07:44,338 [INFO   ] src.monday_client (monday_client.py:145): Fetching page 1 (cursor=START)...
2026-03-03 19:07:49,094 [INFO   ] src.monday_client (monday_client.py:162):   -> Got 100 items (total so far: 100)
2026-03-03 19:07:49,095 [INFO   ] src.monday_client (monday_client.py:145): Fetching page 2 (cursor=MSwyMTMxODk2Nzk1LHVRM3BnLXJOMXA4Q3BqV0VzVHdGbyw2NzIsMTAwLHwxNDIyMjI2Mzg)...
2026-03-03 19:07:53,569 [INFO   ] src.monday_client (monday_client.py:162):   -> Got 100 items (total so far: 200)
2026-03-03 19:07:53,569 [INFO   ] src.monday_client (monday_client.py:145): Fetching page 3 (cursor=MSwyMTMxODk2Nzk1LHVRM3BnLXJOMXA4Q3BqV0VzVHdGbyw2NzIsMjAwLHw0NDk4MDkwODg)...
2026-03-03 19:07:58,221 [INFO   ] src.monday_client (monday_client.py:162):   -> Got 100 items (total so far: 300)
2026-03-03 19:07:58,222 [INFO   ] src.monday_client (monday_client.py:145): Fetching page 4 (cursor=MSwyMTMxODk2Nzk1LHVRM3BnLXJOMXA4Q3BqV0VzVHdGbyw2NzIsMzAwLHwyNzI1NTA2NDY5)...
2026-03-03 19:08:02,317 [INFO   ] src.monday_client (monday_client.py:162):   -> Got 100 items (total so far: 400)
2026-03-03 19:08:02,317 [INFO   ] src.monday_client (monday_client.py:145): Fetching page 5 (cursor=MSwyMTMxODk2Nzk1LHVRM3BnLXJOMXA4Q3BqV0VzVHdGbyw2NzIsNDAwLHwxMDY3NzY3MDY4)...
2026-03-03 19:08:07,359 [INFO   ] src.monday_client (monday_client.py:162):   -> Got 100 items (total so far: 500)
2026-03-03 19:08:07,359 [INFO   ] src.monday_client (monday_client.py:145): Fetching page 6 (cursor=MSwyMTMxODk2Nzk1LHVRM3BnLXJOMXA4Q3BqV0VzVHdGbyw2NzIsNTAwLHwyMjY2NTQyNzEz)...
2026-03-03 19:08:10,909 [INFO   ] src.monday_client (monday_client.py:162):   -> Got 100 items (total so far: 600)
2026-03-03 19:08:10,909 [INFO   ] src.monday_client (monday_client.py:145): Fetching page 7 (cursor=MSwyMTMxODk2Nzk1LHVRM3BnLXJOMXA4Q3BqV0VzVHdGbyw2NzIsNjAwLHwyNTExMTUwNDg3)...
2026-03-03 19:08:13,967 [INFO   ] src.monday_client (monday_client.py:162):   -> Got 72 items (total so far: 672)
2026-03-03 19:08:13,967 [INFO   ] src.monday_client (monday_client.py:168): Finished fetching. Total items: 672
2026-03-03 19:08:13,967 [INFO   ] __main__ (main.py:75): Step 2/4: Normalizing orders...
2026-03-03 19:08:13,982 [INFO   ] src.order_mapper (order_mapper.py:234): Normalized 672 / 672 items
2026-03-03 19:08:13,982 [INFO   ] __main__ (main.py:82): Step 3/4: Computing P&L...
2026-03-03 19:08:13,984 [INFO   ] src.pnl_engine (pnl_engine.py:120): Computed P&L for 672 / 672 orders
2026-03-03 19:08:13,985 [INFO   ] __main__ (main.py:86): Step 4/4: Writing Excel workbook...
2026-03-03 19:08:13,985 [INFO   ] src.excel_writer (excel_writer.py:409): Creating new workbook: PnL_v3.xlsx
2026-03-03 19:08:14,145 [INFO   ] src.excel_writer (excel_writer.py:196): Sheet 'Orders_Raw': 0 updated, 672 inserted
2026-03-03 19:08:14,387 [INFO   ] src.excel_writer (excel_writer.py:196): Sheet 'Calc': 0 updated, 672 inserted
2026-03-03 19:08:14,394 [INFO   ] src.excel_writer (excel_writer.py:448): No duplicate order_ids in Calc sheet.
2026-03-03 19:08:14,711 [INFO   ] src.excel_writer (excel_writer.py:429): Workbook saved: PnL_v3.xlsx (672 orders)
2026-03-03 19:08:14,712 [INFO   ] __main__ (main.py:90): ============================================================
2026-03-03 19:08:14,712 [INFO   ] __main__ (main.py:91): Pipeline complete in 30.4s - 672 orders -> PnL_v3.xlsx
2026-03-03 19:08:14,712 [INFO   ] __main__ (main.py:93): ============================================================
2026-03-03 19:24:39,364 [INFO   ] __main__ (main.py:62): ============================================================
2026-03-03 19:24:39,364 [INFO   ] __main__ (main.py:63): Starting P&L pipeline
2026-03-03 19:24:39,364 [INFO   ] __main__ (main.py:64): Board ID: 2131896795 | Mode: INCLUDES_VAT | Currency: ILS
2026-03-03 19:24:39,364 [INFO   ] __main__ (main.py:66): ============================================================
2026-03-03 19:24:39,364 [INFO   ] __main__ (main.py:71): Step 1/4: Fetching items from Monday.com...
2026-03-03 19:24:39,364 [INFO   ] src.monday_client (monday_client.py:145): Fetching page 1 (cursor=START)...
2026-03-03 19:24:45,755 [INFO   ] src.monday_client (monday_client.py:162):   -> Got 100 items (total so far: 100)
2026-03-03 19:24:45,755 [INFO   ] src.monday_client (monday_client.py:145): Fetching page 2 (cursor=MSwyMTMxODk2Nzk1LFdhWkgtUDZONjFOcVlJMkg2ODdGbSw2NzIsMTAwLHwxNTExNjU0ODgw)...
2026-03-03 19:24:51,035 [INFO   ] src.monday_client (monday_client.py:162):   -> Got 100 items (total so far: 200)
2026-03-03 19:24:51,035 [INFO   ] src.monday_client (monday_client.py:145): Fetching page 3 (cursor=MSwyMTMxODk2Nzk1LFdhWkgtUDZONjFOcVlJMkg2ODdGbSw2NzIsMjAwLHwxMjE5NDcxODg2)...
2026-03-03 19:24:55,085 [INFO   ] src.monday_client (monday_client.py:162):   -> Got 100 items (total so far: 300)
2026-03-03 19:24:55,085 [INFO   ] src.monday_client (monday_client.py:145): Fetching page 4 (cursor=MSwyMTMxODk2Nzk1LFdhWkgtUDZONjFOcVlJMkg2ODdGbSw2NzIsMzAwLHw0MDI3ODI5NjEx)...
2026-03-03 19:24:59,109 [INFO   ] src.monday_client (monday_client.py:162):   -> Got 100 items (total so far: 400)
2026-03-03 19:24:59,109 [INFO   ] src.monday_client (monday_client.py:145): Fetching page 5 (cursor=MSwyMTMxODk2Nzk1LFdhWkgtUDZONjFOcVlJMkg2ODdGbSw2NzIsNDAwLHwxODQxNjI0NTMw)...
2026-03-03 19:25:02,851 [INFO   ] src.monday_client (monday_client.py:162):   -> Got 100 items (total so far: 500)
2026-03-03 19:25:02,851 [INFO   ] src.monday_client (monday_client.py:145): Fetching page 6 (cursor=MSwyMTMxODk2Nzk1LFdhWkgtUDZONjFOcVlJMkg2ODdGbSw2NzIsNTAwLHwzNTgxNDQ4ODg3)...
2026-03-03 19:25:06,759 [INFO   ] src.monday_client (monday_client.py:162):   -> Got 100 items (total so far: 600)
2026-03-03 19:25:06,760 [INFO   ] src.monday_client (monday_client.py:145): Fetching page 7 (cursor=MSwyMTMxODk2Nzk1LFdhWkgtUDZONjFOcVlJMkg2ODdGbSw2NzIsNjAwLHwzMzUyMTE2NTY5)...
2026-03-03 19:25:10,366 [INFO   ] src.monday_client (monday_client.py:162):   -> Got 72 items (total so far: 672)
2026-03-03 19:25:10,367 [INFO   ] src.monday_client (monday_client.py:168): Finished fetching. Total items: 672
2026-03-03 19:25:10,367 [INFO   ] __main__ (main.py:75): Step 2/4: Normalizing orders...
2026-03-03 19:25:10,377 [INFO   ] src.order_mapper (order_mapper.py:234): Normalized 672 / 672 items
2026-03-03 19:25:10,377 [INFO   ] __main__ (main.py:82): Step 3/4: Computing P&L...
2026-03-03 19:25:10,380 [INFO   ] src.pnl_engine (pnl_engine.py:120): Computed P&L for 672 / 672 orders
2026-03-03 19:25:10,380 [INFO   ] __main__ (main.py:86): Step 4/4: Writing Excel workbook...
2026-03-03 19:25:10,380 [INFO   ] src.excel_writer (excel_writer.py:518): Creating new workbook: PnL_v4.xlsx
2026-03-03 19:25:10,471 [INFO   ] src.excel_writer (excel_writer.py:200): Sheet 'Orders_Raw': 0 updated, 672 inserted
2026-03-03 19:25:10,604 [INFO   ] src.excel_writer (excel_writer.py:315): Sheet 'Calc': 672 orders in 7 months
2026-03-03 19:25:10,607 [INFO   ] src.excel_writer (excel_writer.py:560): No duplicate order_ids in Calc sheet.
2026-03-03 19:25:10,762 [INFO   ] src.excel_writer (excel_writer.py:538): Workbook saved: PnL_v4.xlsx (672 orders)
2026-03-03 19:25:10,763 [INFO   ] __main__ (main.py:90): ============================================================
2026-03-03 19:25:10,763 [INFO   ] __main__ (main.py:91): Pipeline complete in 31.4s - 672 orders -> PnL_v4.xlsx
2026-03-03 19:25:10,763 [INFO   ] __main__ (main.py:93): ============================================================
2026-03-03 19:45:36,792 [INFO   ] __main__ (main.py:62): ============================================================
2026-03-03 19:45:36,792 [INFO   ] __main__ (main.py:63): Starting P&L pipeline
2026-03-03 19:45:36,792 [INFO   ] __main__ (main.py:64): Board ID: 2131896795 | Mode: INCLUDES_VAT | Currency: ILS
2026-03-03 19:45:36,792 [INFO   ] __main__ (main.py:66): ============================================================
2026-03-03 19:45:36,792 [INFO   ] __main__ (main.py:71): Step 1/4: Fetching items from Monday.com...
2026-03-03 19:45:36,792 [INFO   ] src.monday_client (monday_client.py:145): Fetching page 1 (cursor=START)...
2026-03-03 19:45:41,236 [INFO   ] src.monday_client (monday_client.py:162):   -> Got 100 items (total so far: 100)
2026-03-03 19:45:41,236 [INFO   ] src.monday_client (monday_client.py:145): Fetching page 2 (cursor=MSwyMTMxODk2Nzk1LGNqeFBzZk9FTl96VWVleEpUYi0wNSw2NzIsMTAwLHwyNzk1MTQzMDg2)...
2026-03-03 19:45:45,338 [INFO   ] src.monday_client (monday_client.py:162):   -> Got 100 items (total so far: 200)
2026-03-03 19:45:45,338 [INFO   ] src.monday_client (monday_client.py:145): Fetching page 3 (cursor=MSwyMTMxODk2Nzk1LGNqeFBzZk9FTl96VWVleEpUYi0wNSw2NzIsMjAwLHwzMDIzMDMyMzg0)...
2026-03-03 19:45:49,257 [INFO   ] src.monday_client (monday_client.py:162):   -> Got 100 items (total so far: 300)
2026-03-03 19:45:49,257 [INFO   ] src.monday_client (monday_client.py:145): Fetching page 4 (cursor=MSwyMTMxODk2Nzk1LGNqeFBzZk9FTl96VWVleEpUYi0wNSw2NzIsMzAwLHwyMTEwMDcyNjk)...
2026-03-03 19:45:54,266 [INFO   ] src.monday_client (monday_client.py:162):   -> Got 100 items (total so far: 400)
2026-03-03 19:45:54,266 [INFO   ] src.monday_client (monday_client.py:145): Fetching page 5 (cursor=MSwyMTMxODk2Nzk1LGNqeFBzZk9FTl96VWVleEpUYi0wNSw2NzIsNDAwLHwyNDM3MTg5NTMy)...
2026-03-03 19:45:58,380 [INFO   ] src.monday_client (monday_client.py:162):   -> Got 100 items (total so far: 500)
2026-03-03 19:45:58,380 [INFO   ] src.monday_client (monday_client.py:145): Fetching page 6 (cursor=MSwyMTMxODk2Nzk1LGNqeFBzZk9FTl96VWVleEpUYi0wNSw2NzIsNTAwLHw3MDQxNzg0MjU)...
2026-03-03 19:46:03,792 [INFO   ] src.monday_client (monday_client.py:162):   -> Got 100 items (total so far: 600)
2026-03-03 19:46:03,793 [INFO   ] src.monday_client (monday_client.py:145): Fetching page 7 (cursor=MSwyMTMxODk2Nzk1LGNqeFBzZk9FTl96VWVleEpUYi0wNSw2NzIsNjAwLHw5OTQ5MjAyMTU)...
2026-03-03 19:46:07,674 [INFO   ] src.monday_client (monday_client.py:162):   -> Got 72 items (total so far: 672)
2026-03-03 19:46:07,674 [INFO   ] src.monday_client (monday_client.py:168): Finished fetching. Total items: 672
2026-03-03 19:46:07,674 [INFO   ] __main__ (main.py:75): Step 2/4: Normalizing orders...
2026-03-03 19:46:07,684 [INFO   ] src.order_mapper (order_mapper.py:234): Normalized 672 / 672 items
2026-03-03 19:46:07,684 [INFO   ] __main__ (main.py:82): Step 3/4: Computing P&L...
2026-03-03 19:46:07,686 [INFO   ] src.pnl_engine (pnl_engine.py:103): Computed P&L for 672 / 672 orders
2026-03-03 19:46:07,686 [INFO   ] __main__ (main.py:86): Step 4/4: Writing Excel workbook...
2026-03-03 19:46:07,686 [INFO   ] src.excel_writer (excel_writer.py:516): Creating new workbook: P&L.xlsx
2026-03-03 19:46:07,782 [INFO   ] src.excel_writer (excel_writer.py:196): Sheet 'Orders_Raw': 0 updated, 672 inserted
2026-03-03 19:46:07,894 [INFO   ] src.excel_writer (excel_writer.py:302): Sheet 'Calc': 672 orders in 7 months
2026-03-03 19:46:07,898 [INFO   ] src.excel_writer (excel_writer.py:558): No duplicate order_ids in Calc sheet.
2026-03-03 19:46:08,042 [INFO   ] src.excel_writer (excel_writer.py:536): Workbook saved: P&L.xlsx (672 orders)
2026-03-03 19:46:08,042 [INFO   ] __main__ (main.py:90): ============================================================
2026-03-03 19:46:08,042 [INFO   ] __main__ (main.py:91): Pipeline complete in 31.2s - 672 orders -> P&L.xlsx
2026-03-03 19:46:08,042 [INFO   ] __main__ (main.py:93): ============================================================
2026-03-03 19:49:49,773 [INFO   ] __main__ (main.py:62): ============================================================
2026-03-03 19:49:49,773 [INFO   ] __main__ (main.py:63): Starting P&L pipeline
2026-03-03 19:49:49,773 [INFO   ] __main__ (main.py:64): Board ID: 2131896795 | Mode: INCLUDES_VAT | Currency: ILS
2026-03-03 19:49:49,773 [INFO   ] __main__ (main.py:66): ============================================================
2026-03-03 19:49:49,773 [INFO   ] __main__ (main.py:71): Step 1/4: Fetching items from Monday.com...
2026-03-03 19:49:49,773 [INFO   ] src.monday_client (monday_client.py:145): Fetching page 1 (cursor=START)...
2026-03-03 19:49:54,710 [INFO   ] src.monday_client (monday_client.py:162):   -> Got 100 items (total so far: 100)
2026-03-03 19:49:54,710 [INFO   ] src.monday_client (monday_client.py:145): Fetching page 2 (cursor=MSwyMTMxODk2Nzk1LGIybVhiUlYtQXI1TGkwZ0M4bHpFOCw2NzIsMTAwLHwzNjYxNzkwMzg0)...
2026-03-03 19:49:59,494 [INFO   ] src.monday_client (monday_client.py:162):   -> Got 100 items (total so far: 200)
2026-03-03 19:49:59,494 [INFO   ] src.monday_client (monday_client.py:145): Fetching page 3 (cursor=MSwyMTMxODk2Nzk1LGIybVhiUlYtQXI1TGkwZ0M4bHpFOCw2NzIsMjAwLHwzMzcxNjg0NzAy)...
2026-03-03 19:50:03,684 [INFO   ] src.monday_client (monday_client.py:162):   -> Got 100 items (total so far: 300)
2026-03-03 19:50:03,684 [INFO   ] src.monday_client (monday_client.py:145): Fetching page 4 (cursor=MSwyMTMxODk2Nzk1LGIybVhiUlYtQXI1TGkwZ0M4bHpFOCw2NzIsMzAwLHwxODg0MDA5NTMx)...
2026-03-03 19:50:08,021 [INFO   ] src.monday_client (monday_client.py:162):   -> Got 100 items (total so far: 400)
2026-03-03 19:50:08,021 [INFO   ] src.monday_client (monday_client.py:145): Fetching page 5 (cursor=MSwyMTMxODk2Nzk1LGIybVhiUlYtQXI1TGkwZ0M4bHpFOCw2NzIsNDAwLHwzOTg2NDU5Nzc4)...
2026-03-03 19:50:13,302 [INFO   ] src.monday_client (monday_client.py:162):   -> Got 100 items (total so far: 500)
2026-03-03 19:50:13,302 [INFO   ] src.monday_client (monday_client.py:145): Fetching page 6 (cursor=MSwyMTMxODk2Nzk1LGIybVhiUlYtQXI1TGkwZ0M4bHpFOCw2NzIsNTAwLHwxNDI4MjIwOTAz)...
2026-03-03 19:50:18,215 [INFO   ] src.monday_client (monday_client.py:162):   -> Got 100 items (total so far: 600)
2026-03-03 19:50:18,216 [INFO   ] src.monday_client (monday_client.py:145): Fetching page 7 (cursor=MSwyMTMxODk2Nzk1LGIybVhiUlYtQXI1TGkwZ0M4bHpFOCw2NzIsNjAwLHwxMjAwOTY0NjE3)...
2026-03-03 19:50:21,524 [INFO   ] src.monday_client (monday_client.py:162):   -> Got 72 items (total so far: 672)
2026-03-03 19:50:21,524 [INFO   ] src.monday_client (monday_client.py:168): Finished fetching. Total items: 672
2026-03-03 19:50:21,524 [INFO   ] __main__ (main.py:75): Step 2/4: Normalizing orders...
2026-03-03 19:50:21,534 [INFO   ] src.order_mapper (order_mapper.py:234): Normalized 672 / 672 items
2026-03-03 19:50:21,534 [INFO   ] __main__ (main.py:82): Step 3/4: Computing P&L...
2026-03-03 19:50:21,536 [INFO   ] src.pnl_engine (pnl_engine.py:103): Computed P&L for 672 / 672 orders
2026-03-03 19:50:21,536 [INFO   ] __main__ (main.py:86): Step 4/4: Writing Excel workbook...
2026-03-03 19:50:21,536 [INFO   ] src.excel_writer (excel_writer.py:517): Loading existing workbook: P&L.xlsx
2026-03-03 19:50:21,908 [INFO   ] src.excel_writer (excel_writer.py:198): Sheet 'Orders_Raw': 672 updated, 0 inserted
2026-03-03 19:50:22,259 [INFO   ] src.excel_writer (excel_writer.py:306): Sheet 'Calc': 672 orders in 7 months
2026-03-03 19:50:22,266 [INFO   ] src.excel_writer (excel_writer.py:562): No duplicate order_ids in Calc sheet.
2026-03-04 11:58:03,816 [INFO   ] __main__ (main.py:63): ============================================================
2026-03-04 11:58:03,817 [INFO   ] __main__ (main.py:64): Starting P&L pipeline
2026-03-04 11:58:03,817 [INFO   ] __main__ (main.py:65): Board ID: 2131896795 | Mode: INCLUDES_VAT | Currency: ILS
2026-03-04 11:58:03,817 [INFO   ] __main__ (main.py:67): ============================================================
2026-03-04 11:58:03,817 [INFO   ] __main__ (main.py:72): Step 1/4: Fetching items from Monday.com...
2026-03-04 11:58:03,817 [INFO   ] src.monday_client (monday_client.py:145): Fetching page 1 (cursor=START)...
2026-03-04 11:58:08,159 [INFO   ] src.monday_client (monday_client.py:162):   -> Got 100 items (total so far: 100)
2026-03-04 11:58:08,159 [INFO   ] src.monday_client (monday_client.py:145): Fetching page 2 (cursor=MSwyMTMxODk2Nzk1LEdMWU8yUnhuY1BNMXpaSTBkNWpaYyw2NzMsMTAwLHwyNjI3MzkyOTMw)...
2026-03-04 11:58:12,209 [INFO   ] src.monday_client (monday_client.py:162):   -> Got 100 items (total so far: 200)
2026-03-04 11:58:12,209 [INFO   ] src.monday_client (monday_client.py:145): Fetching page 3 (cursor=MSwyMTMxODk2Nzk1LEdMWU8yUnhuY1BNMXpaSTBkNWpaYyw2NzMsMjAwLHwyMzg1NDc2MTcy)...
2026-03-04 11:58:15,717 [INFO   ] src.monday_client (monday_client.py:162):   -> Got 100 items (total so far: 300)
2026-03-04 11:58:15,717 [INFO   ] src.monday_client (monday_client.py:145): Fetching page 4 (cursor=MSwyMTMxODk2Nzk1LEdMWU8yUnhuY1BNMXpaSTBkNWpaYyw2NzMsMzAwLHw5MTU2MTA5MjE)...
2026-03-04 11:58:20,124 [INFO   ] src.monday_client (monday_client.py:162):   -> Got 100 items (total so far: 400)
2026-03-04 11:58:20,124 [INFO   ] src.monday_client (monday_client.py:145): Fetching page 5 (cursor=MSwyMTMxODk2Nzk1LEdMWU8yUnhuY1BNMXpaSTBkNWpaYyw2NzMsNDAwLHwyODczMzcwMDAw)...
2026-03-04 11:58:23,323 [INFO   ] src.monday_client (monday_client.py:162):   -> Got 100 items (total so far: 500)
2026-03-04 11:58:23,323 [INFO   ] src.monday_client (monday_client.py:145): Fetching page 6 (cursor=MSwyMTMxODk2Nzk1LEdMWU8yUnhuY1BNMXpaSTBkNWpaYyw2NzMsNTAwLHwzMzUwMzcxNzM)...
2026-03-04 11:58:26,971 [INFO   ] src.monday_client (monday_client.py:162):   -> Got 100 items (total so far: 600)
2026-03-04 11:58:26,971 [INFO   ] src.monday_client (monday_client.py:145): Fetching page 7 (cursor=MSwyMTMxODk2Nzk1LEdMWU8yUnhuY1BNMXpaSTBkNWpaYyw2NzMsNjAwLHwyMTg4NDE4Nw)...
2026-03-04 11:58:29,992 [INFO   ] src.monday_client (monday_client.py:162):   -> Got 73 items (total so far: 673)
2026-03-04 11:58:29,992 [INFO   ] src.monday_client (monday_client.py:168): Finished fetching. Total items: 673
2026-03-04 11:58:29,992 [INFO   ] __main__ (main.py:76): Step 2/4: Normalizing orders...
2026-03-04 11:58:30,002 [INFO   ] src.order_mapper (order_mapper.py:234): Normalized 673 / 673 items
2026-03-04 11:58:30,002 [INFO   ] __main__ (main.py:83): Step 3/4: Computing P&L...
2026-03-04 11:58:30,004 [INFO   ] src.pnl_engine (pnl_engine.py:105): Computed P&L for 673 / 673 orders
2026-03-04 11:58:30,004 [INFO   ] __main__ (main.py:87): Step 4/5: Writing Excel workbook...
2026-03-04 11:58:30,004 [INFO   ] src.excel_writer (excel_writer.py:515): Creating new workbook: P&L.xlsx
2026-03-04 11:58:30,095 [INFO   ] src.excel_writer (excel_writer.py:194): Sheet 'Orders_Raw': 0 updated, 673 inserted
2026-03-04 11:58:30,210 [INFO   ] src.excel_writer (excel_writer.py:301): Sheet 'Calc': 673 orders in 7 months
2026-03-04 11:58:30,214 [INFO   ] src.excel_writer (excel_writer.py:557): No duplicate order_ids in Calc sheet.
2026-03-04 11:58:30,361 [INFO   ] src.excel_writer (excel_writer.py:535): Workbook saved: P&L.xlsx (673 orders)
2026-03-04 11:58:30,361 [INFO   ] __main__ (main.py:92): Step 5/5: Uploading to Google Drive...
2026-03-04 11:58:31,009 [INFO   ] src.drive_uploader (drive_uploader.py:51): Starting OAuth flow for Google Drive (browser will open)...
2026-03-04 11:58:39,873 [INFO   ] google_auth_oauthlib.flow (flow.py:474): "GET /?state=rpHMtKnWyxUxjIV2wxfgYAHzMoJX6a&iss=https://accounts.google.com&code=4/0AfrIepBiwKqalWIa5M1n2klDzQvsG1FB18pL-xmBB-g1Rz3B0tTWOX8MRyilcUP7qCE0Jw&scope=https://www.googleapis.com/auth/drive.file HTTP/1.1" 200 65
2026-03-04 11:58:40,296 [INFO   ] src.drive_uploader (drive_uploader.py:64): Drive token saved: C:\Users\amith\ads-dashboard\monday-pnl\drive_token.json
2026-03-04 11:58:40,299 [INFO   ] googleapiclient.discovery_cache (__init__.py:49): file_cache is only supported with oauth2client<4.0.0
2026-03-04 11:58:40,762 [WARNING] googleapiclient.http (http.py:140): Encountered 403 Forbidden with reason "accessNotConfigured"
2026-03-04 11:58:40,762 [ERROR  ] __main__ (main.py:98): Drive upload failed (pipeline still succeeded)
Traceback (most recent call last):
  File "C:\Users\amith\ads-dashboard\monday-pnl\src\main.py", line 95, in run_pipeline
    link = drive_upload(output_path)
           ^^^^^^^^^^^^^^^^^^^^^^^^^
  File "C:\Users\amith\ads-dashboard\monday-pnl\src\drive_uploader.py", line 107, in upload
    folder_id = _find_or_create_folder(service, DRIVE_FOLDER_NAME)
                ^^^^^^^^^^^^^^^^^^^^^^^^^^^^^^^^^^^^^^^^^^^^^^^^^^
  File "C:\Users\amith\ads-dashboard\monday-pnl\src\drive_uploader.py", line 75, in _find_or_create_folder
    results = service.files().list(q=query, spaces="drive", fields="files(id, name)").execute()
              ^^^^^^^^^^^^^^^^^^^^^^^^^^^^^^^^^^^^^^^^^^^^^^^^^^^^^^^^^^^^^^^^^^^^^^^^^^^^^^^^^
  File "C:\Users\amith\AppData\Local\Programs\Python\Python312\Lib\site-packages\googleapiclient\_helpers.py", line 130, in positional_wrapper
    return wrapped(*args, **kwargs)
           ^^^^^^^^^^^^^^^^^^^^^^^^
  File "C:\Users\amith\AppData\Local\Programs\Python\Python312\Lib\site-packages\googleapiclient\http.py", line 938, in execute
    raise HttpError(resp, content, uri=self.uri)
googleapiclient.errors.HttpError: <HttpError 403 when requesting https://www.googleapis.com/drive/v3/files?q=name+%3D+%27OneZoneJersey+P%26L%27+and+mimeType+%3D+%27application%2Fvnd.google-apps.folder%27+and+trashed+%3D+false&spaces=drive&fields=files%28id%2C+name%29&alt=json returned "Google Drive API has not been used in project 972649833659 before or it is disabled. Enable it by visiting https://console.developers.google.com/apis/api/drive.googleapis.com/overview?project=972649833659 then retry. If you enabled this API recently, wait a few minutes for the action to propagate to our systems and retry.". Details: "[{'message': 'Google Drive API has not been used in project 972649833659 before or it is disabled. Enable it by visiting https://console.developers.google.com/apis/api/drive.googleapis.com/overview?project=972649833659 then retry. If you enabled this API recently, wait a few minutes for the action to propagate to our systems and retry.', 'domain': 'usageLimits', 'reason': 'accessNotConfigured', 'extendedHelp': 'https://console.developers.google.com'}]">
2026-03-04 11:58:40,764 [INFO   ] __main__ (main.py:103): ============================================================
2026-03-04 11:58:40,764 [INFO   ] __main__ (main.py:104): Pipeline complete in 37.0s - 673 orders -> P&L.xlsx
2026-03-04 11:58:40,764 [INFO   ] __main__ (main.py:106): ============================================================
2026-03-04 12:14:46,749 [INFO   ] __main__ (main.py:63): ============================================================
2026-03-04 12:14:46,749 [INFO   ] __main__ (main.py:64): Starting P&L pipeline
2026-03-04 12:14:46,749 [INFO   ] __main__ (main.py:65): Board ID: 2131896795 | Mode: INCLUDES_VAT | Currency: ILS
2026-03-04 12:14:46,750 [INFO   ] __main__ (main.py:67): ============================================================
2026-03-04 12:14:46,750 [INFO   ] __main__ (main.py:72): Step 1/4: Fetching items from Monday.com...
2026-03-04 12:14:46,750 [INFO   ] src.monday_client (monday_client.py:145): Fetching page 1 (cursor=START)...
2026-03-04 12:14:51,394 [INFO   ] src.monday_client (monday_client.py:162):   -> Got 100 items (total so far: 100)
2026-03-04 12:14:51,394 [INFO   ] src.monday_client (monday_client.py:145): Fetching page 2 (cursor=MSwyMTMxODk2Nzk1LHI4ZXZzdXpNVElVaEJZSkE0aG5nWSw2NzMsMTAwLHw5MTY0Mzc0NDk)...
2026-03-04 12:14:55,788 [INFO   ] src.monday_client (monday_client.py:162):   -> Got 100 items (total so far: 200)
2026-03-04 12:14:55,788 [INFO   ] src.monday_client (monday_client.py:145): Fetching page 3 (cursor=MSwyMTMxODk2Nzk1LHI4ZXZzdXpNVElVaEJZSkE0aG5nWSw2NzMsMjAwLHw2MDY3Mzc5NTk)...
2026-03-04 12:14:59,668 [INFO   ] src.monday_client (monday_client.py:162):   -> Got 100 items (total so far: 300)
2026-03-04 12:14:59,668 [INFO   ] src.monday_client (monday_client.py:145): Fetching page 4 (cursor=MSwyMTMxODk2Nzk1LHI4ZXZzdXpNVElVaEJZSkE0aG5nWSw2NzMsMzAwLHwyNjI3MTA1MDkw)...
2026-03-04 12:15:03,951 [INFO   ] src.monday_client (monday_client.py:162):   -> Got 100 items (total so far: 400)
2026-03-04 12:15:03,951 [INFO   ] src.monday_client (monday_client.py:145): Fetching page 5 (cursor=MSwyMTMxODk2Nzk1LHI4ZXZzdXpNVElVaEJZSkE0aG5nWSw2NzMsNDAwLHwyMTA1NTk5NQ)...
2026-03-04 12:15:07,320 [INFO   ] src.monday_client (monday_client.py:162):   -> Got 100 items (total so far: 500)
2026-03-04 12:15:07,320 [INFO   ] src.monday_client (monday_client.py:145): Fetching page 6 (cursor=MSwyMTMxODk2Nzk1LHI4ZXZzdXpNVElVaEJZSkE0aG5nWSw2NzMsNTAwLHwzMTIwMzc3NTAy)...
2026-03-04 12:15:10,762 [INFO   ] src.monday_client (monday_client.py:162):   -> Got 100 items (total so far: 600)
2026-03-04 12:15:10,762 [INFO   ] src.monday_client (monday_client.py:145): Fetching page 7 (cursor=MSwyMTMxODk2Nzk1LHI4ZXZzdXpNVElVaEJZSkE0aG5nWSw2NzMsNjAwLHwyODczNjU1NjY0)...
2026-03-04 12:15:13,458 [INFO   ] src.monday_client (monday_client.py:162):   -> Got 73 items (total so far: 673)
2026-03-04 12:15:13,458 [INFO   ] src.monday_client (monday_client.py:168): Finished fetching. Total items: 673
2026-03-04 12:15:13,458 [INFO   ] __main__ (main.py:76): Step 2/4: Normalizing orders...
2026-03-04 12:15:13,470 [INFO   ] src.order_mapper (order_mapper.py:234): Normalized 673 / 673 items
2026-03-04 12:15:13,470 [INFO   ] __main__ (main.py:83): Step 3/4: Computing P&L...
2026-03-04 12:15:13,472 [INFO   ] src.pnl_engine (pnl_engine.py:105): Computed P&L for 673 / 673 orders
2026-03-04 12:15:13,473 [INFO   ] __main__ (main.py:87): Step 4/5: Writing Excel workbook...
2026-03-04 12:15:13,473 [INFO   ] src.excel_writer (excel_writer.py:515): Creating new workbook: P&L.xlsx
2026-03-04 12:15:13,575 [INFO   ] src.excel_writer (excel_writer.py:194): Sheet 'Orders_Raw': 0 updated, 673 inserted
2026-03-04 12:15:13,698 [INFO   ] src.excel_writer (excel_writer.py:301): Sheet 'Calc': 673 orders in 7 months
2026-03-04 12:15:13,702 [INFO   ] src.excel_writer (excel_writer.py:557): No duplicate order_ids in Calc sheet.
2026-03-04 12:15:13,862 [INFO   ] src.excel_writer (excel_writer.py:535): Workbook saved: P&L.xlsx (673 orders)
2026-03-04 12:15:13,862 [INFO   ] __main__ (main.py:92): Step 5/5: Uploading to Google Drive...
2026-03-04 12:15:14,084 [INFO   ] src.drive_uploader (drive_uploader.py:43): Refreshing Drive token...
2026-03-04 12:15:14,485 [INFO   ] src.drive_uploader (drive_uploader.py:64): Drive token saved: C:\Users\amith\ads-dashboard\monday-pnl\drive_token.json
2026-03-04 12:15:14,486 [INFO   ] googleapiclient.discovery_cache (__init__.py:49): file_cache is only supported with oauth2client<4.0.0
2026-03-04 12:15:15,160 [INFO   ] src.drive_uploader (drive_uploader.py:80): Found Drive folder 'OneZoneJersey P&L' (ID: 1khCm1hAcwdCqo_R5Fs3OzOLZPEdDdRx_)
2026-03-04 12:15:21,382 [INFO   ] src.drive_uploader (drive_uploader.py:124): Updated 'P&L.xlsx' on Drive (ID: 1yk9uZhQHsoyH7TZe-itiUfqHmUb76YJN)
2026-03-04 12:15:21,382 [INFO   ] src.drive_uploader (drive_uploader.py:149): Drive link: https://drive.google.com/file/d/1yk9uZhQHsoyH7TZe-itiUfqHmUb76YJN/view
2026-03-04 12:15:21,382 [INFO   ] __main__ (main.py:96): Drive link: https://drive.google.com/file/d/1yk9uZhQHsoyH7TZe-itiUfqHmUb76YJN/view
2026-03-04 12:15:21,382 [INFO   ] __main__ (main.py:103): ============================================================
2026-03-04 12:15:21,382 [INFO   ] __main__ (main.py:104): Pipeline complete in 34.6s - 673 orders -> P&L.xlsx
2026-03-04 12:15:21,382 [INFO   ] __main__ (main.py:106): ============================================================
2026-03-10 09:00:02,721 [INFO   ] __main__ (main.py:63): ============================================================
2026-03-10 09:00:02,721 [INFO   ] __main__ (main.py:64): Starting P&L pipeline
2026-03-10 09:00:02,722 [INFO   ] __main__ (main.py:65): Board ID: 2131896795 | Mode: INCLUDES_VAT | Currency: ILS
2026-03-10 09:00:02,722 [INFO   ] __main__ (main.py:67): ============================================================
2026-03-10 09:00:02,722 [INFO   ] __main__ (main.py:72): Step 1/4: Fetching items from Monday.com...
2026-03-10 09:00:02,722 [INFO   ] src.monday_client (monday_client.py:145): Fetching page 1 (cursor=START)...
2026-03-11 09:00:02,345 [INFO   ] __main__ (main.py:63): ============================================================
2026-03-11 09:00:02,345 [INFO   ] __main__ (main.py:64): Starting P&L pipeline
2026-03-11 09:00:02,345 [INFO   ] __main__ (main.py:65): Board ID: 2131896795 | Mode: INCLUDES_VAT | Currency: ILS
2026-03-11 09:00:02,345 [INFO   ] __main__ (main.py:67): ============================================================
2026-03-11 09:00:02,345 [INFO   ] __main__ (main.py:72): Step 1/4: Fetching items from Monday.com...
2026-03-11 09:00:02,345 [INFO   ] src.monday_client (monday_client.py:145): Fetching page 1 (cursor=START)...
2026-03-11 09:00:07,763 [INFO   ] src.monday_client (monday_client.py:162):   -> Got 100 items (total so far: 100)
2026-03-11 09:00:07,763 [INFO   ] src.monday_client (monday_client.py:145): Fetching page 2 (cursor=MSwyMTMxODk2Nzk1LF9sNmQtZU5ORTVKNVBNWFZ6V2l4LSw3MDIsMTAwLHwzNDE4NjgwMzcz)...
2026-03-11 09:00:12,392 [INFO   ] src.monday_client (monday_client.py:162):   -> Got 100 items (total so far: 200)
2026-03-11 09:00:12,392 [INFO   ] src.monday_client (monday_client.py:145): Fetching page 3 (cursor=MSwyMTMxODk2Nzk1LF9sNmQtZU5ORTVKNVBNWFZ6V2l4LSw3MDIsMjAwLHwzNjQ4MDc4ODEx)...
2026-03-11 09:00:17,466 [INFO   ] src.monday_client (monday_client.py:162):   -> Got 100 items (total so far: 300)
2026-03-11 09:00:17,468 [INFO   ] src.monday_client (monday_client.py:145): Fetching page 4 (cursor=MSwyMTMxODk2Nzk1LF9sNmQtZU5ORTVKNVBNWFZ6V2l4LSw3MDIsMzAwLHwxNjQwODM0MjM4)...
2026-03-11 09:00:21,965 [INFO   ] src.monday_client (monday_client.py:162):   -> Got 100 items (total so far: 400)
2026-03-11 09:00:21,965 [INFO   ] src.monday_client (monday_client.py:145): Fetching page 5 (cursor=MSwyMTMxODk2Nzk1LF9sNmQtZU5ORTVKNVBNWFZ6V2l4LSw3MDIsNDAwLHw0MjI5NTY5NTQz)...
2026-03-11 09:00:25,660 [INFO   ] src.monday_client (monday_client.py:162):   -> Got 100 items (total so far: 500)
2026-03-11 09:00:25,660 [INFO   ] src.monday_client (monday_client.py:145): Fetching page 6 (cursor=MSwyMTMxODk2Nzk1LF9sNmQtZU5ORTVKNVBNWFZ6V2l4LSw3MDIsNTAwLHwxMTUxNzYxMjUw)...
2026-03-11 09:00:29,752 [INFO   ] src.monday_client (monday_client.py:162):   -> Got 100 items (total so far: 600)
2026-03-11 09:00:29,752 [INFO   ] src.monday_client (monday_client.py:145): Fetching page 7 (cursor=MSwyMTMxODk2Nzk1LF9sNmQtZU5ORTVKNVBNWFZ6V2l4LSw3MDIsNjAwLHwxNDQ0MTQwMTcy)...
2026-03-11 09:00:33,515 [INFO   ] src.monday_client (monday_client.py:162):   -> Got 100 items (total so far: 700)
2026-03-11 09:00:33,515 [INFO   ] src.monday_client (monday_client.py:145): Fetching page 8 (cursor=MSwyMTMxODk2Nzk1LF9sNmQtZU5ORTVKNVBNWFZ6V2l4LSw3MDIsNzAwLHw0MDA0NDkyMjY1)...
2026-03-11 09:00:34,624 [INFO   ] src.monday_client (monday_client.py:162):   -> Got 2 items (total so far: 702)
2026-03-11 09:00:34,624 [INFO   ] src.monday_client (monday_client.py:168): Finished fetching. Total items: 702
2026-03-11 09:00:34,624 [INFO   ] __main__ (main.py:76): Step 2/4: Normalizing orders...
2026-03-11 09:00:34,634 [INFO   ] src.order_mapper (order_mapper.py:234): Normalized 702 / 702 items
2026-03-11 09:00:34,634 [INFO   ] __main__ (main.py:83): Step 3/4: Computing P&L...
2026-03-11 09:00:34,634 [INFO   ] src.pnl_engine (pnl_engine.py:105): Computed P&L for 702 / 702 orders
2026-03-11 09:00:34,634 [INFO   ] __main__ (main.py:87): Step 4/5: Writing Excel workbook...
2026-03-11 09:00:34,634 [INFO   ] src.excel_writer (excel_writer.py:512): Loading existing workbook: P&L.xlsx
2026-03-11 09:00:35,036 [INFO   ] src.excel_writer (excel_writer.py:194): Sheet 'Orders_Raw': 673 updated, 29 inserted
2026-03-11 09:00:35,439 [INFO   ] src.excel_writer (excel_writer.py:301): Sheet 'Calc': 702 orders in 7 months
2026-03-11 09:00:35,454 [INFO   ] src.excel_writer (excel_writer.py:557): No duplicate order_ids in Calc sheet.
2026-03-11 09:00:35,594 [INFO   ] src.excel_writer (excel_writer.py:535): Workbook saved: P&L.xlsx (702 orders)
2026-03-11 09:00:35,594 [INFO   ] __main__ (main.py:92): Step 5/5: Uploading to Google Drive...
2026-03-11 09:00:36,273 [INFO   ] src.drive_uploader (drive_uploader.py:43): Refreshing Drive token...
2026-03-11 09:00:36,664 [INFO   ] src.drive_uploader (drive_uploader.py:64): Drive token saved: C:\Users\amith\ads-dashboard\monday-pnl\drive_token.json
2026-03-11 09:00:36,664 [INFO   ] googleapiclient.discovery_cache (__init__.py:49): file_cache is only supported with oauth2client<4.0.0
2026-03-11 09:00:37,385 [INFO   ] src.drive_uploader (drive_uploader.py:80): Found Drive folder 'OneZoneJersey P&L' (ID: 1khCm1hAcwdCqo_R5Fs3OzOLZPEdDdRx_)
2026-03-11 09:00:39,899 [INFO   ] src.drive_uploader (drive_uploader.py:124): Updated 'P&L.xlsx' on Drive (ID: 1yk9uZhQHsoyH7TZe-itiUfqHmUb76YJN)
2026-03-11 09:00:39,899 [INFO   ] src.drive_uploader (drive_uploader.py:149): Drive link: https://drive.google.com/file/d/1yk9uZhQHsoyH7TZe-itiUfqHmUb76YJN/view
2026-03-11 09:00:39,899 [INFO   ] __main__ (main.py:96): Drive link: https://drive.google.com/file/d/1yk9uZhQHsoyH7TZe-itiUfqHmUb76YJN/view
2026-03-11 09:00:39,899 [INFO   ] __main__ (main.py:103): ============================================================
2026-03-11 09:00:39,899 [INFO   ] __main__ (main.py:104): Pipeline complete in 37.5s - 702 orders -> P&L.xlsx
2026-03-11 09:00:39,899 [INFO   ] __main__ (main.py:106): ============================================================
2026-03-11 10:25:59,750 [INFO   ] __main__ (main.py:63): ============================================================
2026-03-11 10:25:59,750 [INFO   ] __main__ (main.py:64): Starting P&L pipeline
2026-03-11 10:25:59,750 [INFO   ] __main__ (main.py:65): Board ID: 2131896795 | Mode: INCLUDES_VAT | Currency: ILS
2026-03-11 10:25:59,750 [INFO   ] __main__ (main.py:67): ============================================================
2026-03-11 10:25:59,750 [INFO   ] __main__ (main.py:72): Step 1/4: Fetching items from Monday.com...
2026-03-11 10:25:59,750 [INFO   ] src.monday_client (monday_client.py:145): Fetching page 1 (cursor=START)...
2026-03-11 10:26:04,233 [INFO   ] src.monday_client (monday_client.py:162):   -> Got 100 items (total so far: 100)
2026-03-11 10:26:04,233 [INFO   ] src.monday_client (monday_client.py:145): Fetching page 2 (cursor=MSwyMTMxODk2Nzk1LDRfUUJ0d3Y0TkpGUEtxY0kxSVNYcCw3MDIsMTAwLHwyNTg2ODM5MDAy)...
2026-03-11 10:26:08,764 [INFO   ] src.monday_client (monday_client.py:162):   -> Got 100 items (total so far: 200)
2026-03-11 10:26:08,764 [INFO   ] src.monday_client (monday_client.py:145): Fetching page 3 (cursor=MSwyMTMxODk2Nzk1LDRfUUJ0d3Y0TkpGUEtxY0kxSVNYcCw3MDIsMjAwLHwyMjkwNDYwNzI0)...
2026-03-11 10:26:12,240 [INFO   ] src.monday_client (monday_client.py:162):   -> Got 100 items (total so far: 300)
2026-03-11 10:26:12,240 [INFO   ] src.monday_client (monday_client.py:145): Fetching page 4 (cursor=MSwyMTMxODk2Nzk1LDRfUUJ0d3Y0TkpGUEtxY0kxSVNYcCw3MDIsMzAwLHw4MDkwOTQ5OTM)...
2026-03-11 10:26:16,160 [INFO   ] src.monday_client (monday_client.py:162):   -> Got 100 items (total so far: 400)
2026-03-11 10:26:16,160 [INFO   ] src.monday_client (monday_client.py:145): Fetching page 5 (cursor=MSwyMTMxODk2Nzk1LDRfUUJ0d3Y0TkpGUEtxY0kxSVNYcCw3MDIsNDAwLHwyOTE4MTE5NDAw)...
2026-03-11 10:26:19,643 [INFO   ] src.monday_client (monday_client.py:162):   -> Got 100 items (total so far: 500)
2026-03-11 10:26:19,643 [INFO   ] src.monday_client (monday_client.py:145): Fetching page 6 (cursor=MSwyMTMxODk2Nzk1LDRfUUJ0d3Y0TkpGUEtxY0kxSVNYcCw3MDIsNTAwLHwzNTc3MzI0OTM)...
2026-03-11 10:26:23,314 [INFO   ] src.monday_client (monday_client.py:162):   -> Got 100 items (total so far: 600)
2026-03-11 10:26:23,314 [INFO   ] src.monday_client (monday_client.py:145): Fetching page 7 (cursor=MSwyMTMxODk2Nzk1LDRfUUJ0d3Y0TkpGUEtxY0kxSVNYcCw3MDIsNjAwLHwxMzI1OTU1NTU)...
2026-03-11 10:26:27,089 [INFO   ] src.monday_client (monday_client.py:162):   -> Got 100 items (total so far: 700)
2026-03-11 10:26:27,089 [INFO   ] src.monday_client (monday_client.py:145): Fetching page 8 (cursor=MSwyMTMxODk2Nzk1LDRfUUJ0d3Y0TkpGUEtxY0kxSVNYcCw3MDIsNzAwLHwzMjEwNDM0NTY2)...
2026-03-11 10:26:28,189 [INFO   ] src.monday_client (monday_client.py:162):   -> Got 2 items (total so far: 702)
2026-03-11 10:26:28,189 [INFO   ] src.monday_client (monday_client.py:168): Finished fetching. Total items: 702
2026-03-11 10:26:28,189 [INFO   ] __main__ (main.py:76): Step 2/4: Normalizing orders...
2026-03-11 10:26:28,189 [INFO   ] src.order_mapper (order_mapper.py:234): Normalized 702 / 702 items
2026-03-11 10:26:28,189 [INFO   ] __main__ (main.py:83): Step 3/4: Computing P&L...
2026-03-11 10:26:28,204 [INFO   ] src.pnl_engine (pnl_engine.py:105): Computed P&L for 702 / 702 orders
2026-03-11 10:26:28,204 [INFO   ] __main__ (main.py:87): Step 4/5: Writing Excel workbook...
2026-03-11 10:26:28,204 [INFO   ] src.excel_writer (excel_writer.py:512): Loading existing workbook: P&L.xlsx
2026-03-11 10:26:28,605 [INFO   ] src.excel_writer (excel_writer.py:194): Sheet 'Orders_Raw': 702 updated, 0 inserted
2026-03-11 10:26:29,009 [INFO   ] src.excel_writer (excel_writer.py:301): Sheet 'Calc': 702 orders in 7 months
2026-03-11 10:26:29,017 [INFO   ] src.excel_writer (excel_writer.py:557): No duplicate order_ids in Calc sheet.
2026-03-11 10:26:29,180 [INFO   ] src.excel_writer (excel_writer.py:535): Workbook saved: P&L.xlsx (702 orders)
2026-03-11 10:26:29,180 [INFO   ] __main__ (main.py:92): Step 5/5: Uploading to Google Drive...
2026-03-11 10:26:29,767 [INFO   ] src.drive_uploader (drive_uploader.py:43): Refreshing Drive token...
2026-03-11 10:26:30,186 [INFO   ] src.drive_uploader (drive_uploader.py:64): Drive token saved: C:\Users\amith\ads-dashboard\monday-pnl\drive_token.json
2026-03-11 10:26:30,189 [INFO   ] googleapiclient.discovery_cache (__init__.py:49): file_cache is only supported with oauth2client<4.0.0
2026-03-11 10:26:31,049 [INFO   ] src.drive_uploader (drive_uploader.py:80): Found Drive folder 'OneZoneJersey P&L' (ID: 1khCm1hAcwdCqo_R5Fs3OzOLZPEdDdRx_)
2026-03-11 10:26:33,681 [INFO   ] src.drive_uploader (drive_uploader.py:124): Updated 'P&L.xlsx' on Drive (ID: 1yk9uZhQHsoyH7TZe-itiUfqHmUb76YJN)
2026-03-11 10:26:33,681 [INFO   ] src.drive_uploader (drive_uploader.py:149): Drive link: https://drive.google.com/file/d/1yk9uZhQHsoyH7TZe-itiUfqHmUb76YJN/view
2026-03-11 10:26:33,681 [INFO   ] __main__ (main.py:96): Drive link: https://drive.google.com/file/d/1yk9uZhQHsoyH7TZe-itiUfqHmUb76YJN/view
2026-03-11 10:26:33,681 [INFO   ] __main__ (main.py:103): ============================================================
2026-03-11 10:26:33,681 [INFO   ] __main__ (main.py:104): Pipeline complete in 33.9s - 702 orders -> P&L.xlsx
2026-03-11 10:26:33,681 [INFO   ] __main__ (main.py:106): ============================================================
2026-03-19 11:59:58,775 [INFO   ] __main__ (main.py:63): ============================================================
2026-03-19 11:59:58,777 [INFO   ] __main__ (main.py:64): Starting P&L pipeline
2026-03-19 11:59:58,777 [INFO   ] __main__ (main.py:65): Board ID: 2131896795 | Mode: INCLUDES_VAT | Currency: ILS
2026-03-19 11:59:58,777 [INFO   ] __main__ (main.py:67): ============================================================
2026-03-19 11:59:58,777 [INFO   ] __main__ (main.py:72): Step 1/4: Fetching items from Monday.com...
2026-03-19 11:59:58,777 [INFO   ] src.monday_client (monday_client.py:145): Fetching page 1 (cursor=START)...
2026-03-19 12:00:03,484 [INFO   ] src.monday_client (monday_client.py:162):   -> Got 100 items (total so far: 100)
2026-03-19 12:00:03,488 [INFO   ] src.monday_client (monday_client.py:145): Fetching page 2 (cursor=MSwyMTMxODk2Nzk1LG1DNlNLSE01X1ZwbzBDcVJZSjJPOCw3NjAsMTAwLHwyODQzOTU2NjE2)...
2026-03-19 12:00:08,161 [INFO   ] src.monday_client (monday_client.py:162):   -> Got 100 items (total so far: 200)
2026-03-19 12:00:08,161 [INFO   ] src.monday_client (monday_client.py:145): Fetching page 3 (cursor=MSwyMTMxODk2Nzk1LG1DNlNLSE01X1ZwbzBDcVJZSjJPOCw3NjAsMjAwLHwzMTQwOTQyNDM4)...
2026-03-19 12:00:12,748 [INFO   ] src.monday_client (monday_client.py:162):   -> Got 100 items (total so far: 300)
2026-03-19 12:00:12,748 [INFO   ] src.monday_client (monday_client.py:145): Fetching page 4 (cursor=MSwyMTMxODk2Nzk1LG1DNlNLSE01X1ZwbzBDcVJZSjJPOCw3NjAsMzAwLHw1OTQxNTgxMQ)...
2026-03-19 12:00:17,516 [INFO   ] src.monday_client (monday_client.py:162):   -> Got 100 items (total so far: 400)
2026-03-19 12:00:17,516 [INFO   ] src.monday_client (monday_client.py:145): Fetching page 5 (cursor=MSwyMTMxODk2Nzk1LG1DNlNLSE01X1ZwbzBDcVJZSjJPOCw3NjAsNDAwLHwyNjU2OTM3NDAy)...
2026-03-19 12:00:21,496 [INFO   ] src.monday_client (monday_client.py:162):   -> Got 100 items (total so far: 500)
2026-03-19 12:00:21,496 [INFO   ] src.monday_client (monday_client.py:145): Fetching page 6 (cursor=MSwyMTMxODk2Nzk1LG1DNlNLSE01X1ZwbzBDcVJZSjJPOCw3NjAsNTAwLHw2NTIzMjk2OTU)...
2026-03-19 12:00:26,316 [INFO   ] src.monday_client (monday_client.py:162):   -> Got 100 items (total so far: 600)
2026-03-19 12:00:26,316 [INFO   ] src.monday_client (monday_client.py:145): Fetching page 7 (cursor=MSwyMTMxODk2Nzk1LG1DNlNLSE01X1ZwbzBDcVJZSjJPOCw3NjAsNjAwLHw4Nzc5NDgyMDk)...
2026-03-19 12:00:31,382 [INFO   ] src.monday_client (monday_client.py:162):   -> Got 100 items (total so far: 700)
2026-03-19 12:00:31,382 [INFO   ] src.monday_client (monday_client.py:145): Fetching page 8 (cursor=MSwyMTMxODk2Nzk1LG1DNlNLSE01X1ZwbzBDcVJZSjJPOCw3NjAsNzAwLHwyMzY0MDE3MjM2)...
2026-03-19 12:00:33,931 [INFO   ] src.monday_client (monday_client.py:162):   -> Got 60 items (total so far: 760)
2026-03-19 12:00:33,932 [INFO   ] src.monday_client (monday_client.py:168): Finished fetching. Total items: 760
2026-03-19 12:00:33,932 [INFO   ] __main__ (main.py:76): Step 2/4: Normalizing orders...
2026-03-19 12:00:33,948 [INFO   ] src.order_mapper (order_mapper.py:234): Normalized 760 / 760 items
2026-03-19 12:00:33,948 [INFO   ] __main__ (main.py:83): Step 3/4: Computing P&L...
2026-03-19 12:00:33,952 [INFO   ] src.pnl_engine (pnl_engine.py:105): Computed P&L for 760 / 760 orders
2026-03-19 12:00:33,952 [INFO   ] __main__ (main.py:87): Step 4/5: Writing Excel workbook...
2026-03-19 12:00:33,952 [INFO   ] src.excel_writer (excel_writer.py:512): Loading existing workbook: P&L.xlsx
2026-03-19 12:00:34,842 [INFO   ] src.excel_writer (excel_writer.py:194): Sheet 'Orders_Raw': 702 updated, 58 inserted
2026-03-19 12:00:35,630 [INFO   ] src.excel_writer (excel_writer.py:301): Sheet 'Calc': 760 orders in 7 months
2026-03-19 12:00:35,644 [INFO   ] src.excel_writer (excel_writer.py:557): No duplicate order_ids in Calc sheet.
2026-03-19 12:00:35,892 [INFO   ] src.excel_writer (excel_writer.py:535): Workbook saved: P&L.xlsx (760 orders)
2026-03-19 12:00:35,892 [INFO   ] __main__ (main.py:92): Step 5/5: Uploading to Google Drive...
2026-03-19 12:00:36,923 [INFO   ] src.drive_uploader (drive_uploader.py:43): Refreshing Drive token...
2026-03-19 12:00:37,449 [ERROR  ] __main__ (main.py:98): Drive upload failed (pipeline still succeeded)
Traceback (most recent call last):
  File "C:\Users\amith\ads-dashboard\monday-pnl\src\main.py", line 95, in run_pipeline
    link = drive_upload(output_path)
           ^^^^^^^^^^^^^^^^^^^^^^^^^
  File "C:\Users\amith\ads-dashboard\monday-pnl\src\drive_uploader.py", line 103, in upload
    creds = _get_credentials()
            ^^^^^^^^^^^^^^^^^^
  File "C:\Users\amith\ads-dashboard\monday-pnl\src\drive_uploader.py", line 44, in _get_credentials
    creds.refresh(Request())
  File "C:\Users\amith\AppData\Local\Programs\Python\Python312\Lib\site-packages\google\oauth2\credentials.py", line 431, in refresh
    ) = reauth.refresh_grant(
        ^^^^^^^^^^^^^^^^^^^^^
  File "C:\Users\amith\AppData\Local\Programs\Python\Python312\Lib\site-packages\google\oauth2\reauth.py", line 365, in refresh_grant
    _client._handle_error_response(response_data, retryable_error)
  File "C:\Users\amith\AppData\Local\Programs\Python\Python312\Lib\site-packages\google\oauth2\_client.py", line 72, in _handle_error_response
    raise exceptions.RefreshError(
google.auth.exceptions.RefreshError: ('invalid_grant: Token has been expired or revoked.', {'error': 'invalid_grant', 'error_description': 'Token has been expired or revoked.'})
2026-03-19 12:00:37,453 [INFO   ] __main__ (main.py:103): ============================================================
2026-03-19 12:00:37,454 [INFO   ] __main__ (main.py:104): Pipeline complete in 38.7s - 760 orders -> P&L.xlsx
2026-03-19 12:00:37,454 [INFO   ] __main__ (main.py:106): ============================================================
2026-03-19 12:01:39,205 [INFO   ] __main__ (main.py:63): ============================================================
2026-03-19 12:01:39,205 [INFO   ] __main__ (main.py:64): Starting P&L pipeline
2026-03-19 12:01:39,205 [INFO   ] __main__ (main.py:65): Board ID: 2131896795 | Mode: INCLUDES_VAT | Currency: ILS
2026-03-19 12:01:39,205 [INFO   ] __main__ (main.py:67): ============================================================
2026-03-19 12:01:39,205 [INFO   ] __main__ (main.py:72): Step 1/4: Fetching items from Monday.com...
2026-03-19 12:01:39,205 [INFO   ] src.monday_client (monday_client.py:145): Fetching page 1 (cursor=START)...
2026-03-19 12:01:43,827 [INFO   ] src.monday_client (monday_client.py:162):   -> Got 100 items (total so far: 100)
2026-03-19 12:01:43,827 [INFO   ] src.monday_client (monday_client.py:145): Fetching page 2 (cursor=MSwyMTMxODk2Nzk1LHNDZlR1UDZndjMyRVk0bjdkOWFrQiw3NjAsMTAwLHwyNTkyMzk5Nzc2)...
2026-03-19 12:01:48,103 [INFO   ] src.monday_client (monday_client.py:162):   -> Got 100 items (total so far: 200)
2026-03-19 12:01:48,103 [INFO   ] src.monday_client (monday_client.py:145): Fetching page 3 (cursor=MSwyMTMxODk2Nzk1LHNDZlR1UDZndjMyRVk0bjdkOWFrQiw3NjAsMjAwLHwyMjg0OTMyNjg2)...
2026-03-19 12:01:51,871 [INFO   ] src.monday_client (monday_client.py:162):   -> Got 100 items (total so far: 300)
2026-03-19 12:01:51,871 [INFO   ] src.monday_client (monday_client.py:145): Fetching page 4 (cursor=MSwyMTMxODk2Nzk1LHNDZlR1UDZndjMyRVk0bjdkOWFrQiw3NjAsMzAwLHw4MTQ1NTc0ODM)...
2026-03-19 12:01:55,661 [INFO   ] src.monday_client (monday_client.py:162):   -> Got 100 items (total so far: 400)
2026-03-19 12:01:55,661 [INFO   ] src.monday_client (monday_client.py:145): Fetching page 5 (cursor=MSwyMTMxODk2Nzk1LHNDZlR1UDZndjMyRVk0bjdkOWFrQiw3NjAsNDAwLHwyOTA4MzYxMTA2)...
2026-03-19 12:01:59,871 [INFO   ] src.monday_client (monday_client.py:162):   -> Got 100 items (total so far: 500)
2026-03-19 12:01:59,871 [INFO   ] src.monday_client (monday_client.py:145): Fetching page 6 (cursor=MSwyMTMxODk2Nzk1LHNDZlR1UDZndjMyRVk0bjdkOWFrQiw3NjAsNTAwLHwzNjc0MjUyNzE)...
2026-03-19 12:02:03,627 [INFO   ] src.monday_client (monday_client.py:162):   -> Got 100 items (total so far: 600)
2026-03-19 12:02:03,627 [INFO   ] src.monday_client (monday_client.py:145): Fetching page 7 (cursor=MSwyMTMxODk2Nzk1LHNDZlR1UDZndjMyRVk0bjdkOWFrQiw3NjAsNjAwLHwxMjI5MzU1Nzc)...
2026-03-19 12:02:08,656 [INFO   ] src.monday_client (monday_client.py:162):   -> Got 100 items (total so far: 700)
2026-03-19 12:02:08,657 [INFO   ] src.monday_client (monday_client.py:145): Fetching page 8 (cursor=MSwyMTMxODk2Nzk1LHNDZlR1UDZndjMyRVk0bjdkOWFrQiw3NjAsNzAwLHwzMjIwMTYwMTI0)...
2026-03-19 12:02:11,370 [INFO   ] src.monday_client (monday_client.py:162):   -> Got 60 items (total so far: 760)
2026-03-19 12:02:11,370 [INFO   ] src.monday_client (monday_client.py:168): Finished fetching. Total items: 760
2026-03-19 12:02:11,370 [INFO   ] __main__ (main.py:76): Step 2/4: Normalizing orders...
2026-03-19 12:02:11,385 [INFO   ] src.order_mapper (order_mapper.py:234): Normalized 760 / 760 items
2026-03-19 12:02:11,385 [INFO   ] __main__ (main.py:83): Step 3/4: Computing P&L...
2026-03-19 12:02:11,388 [INFO   ] src.pnl_engine (pnl_engine.py:105): Computed P&L for 760 / 760 orders
2026-03-19 12:02:11,388 [INFO   ] __main__ (main.py:87): Step 4/5: Writing Excel workbook...
2026-03-19 12:02:11,388 [INFO   ] src.excel_writer (excel_writer.py:512): Loading existing workbook: P&L.xlsx
2026-03-19 12:02:11,977 [INFO   ] src.excel_writer (excel_writer.py:194): Sheet 'Orders_Raw': 760 updated, 0 inserted
2026-03-19 12:02:12,465 [INFO   ] src.excel_writer (excel_writer.py:301): Sheet 'Calc': 760 orders in 7 months
2026-03-19 12:02:12,475 [INFO   ] src.excel_writer (excel_writer.py:557): No duplicate order_ids in Calc sheet.
2026-03-19 12:02:12,641 [INFO   ] src.excel_writer (excel_writer.py:535): Workbook saved: P&L.xlsx (760 orders)
2026-03-19 12:02:12,641 [INFO   ] __main__ (main.py:92): Step 5/5: Uploading to Google Drive...
2026-03-19 12:02:13,696 [INFO   ] src.drive_uploader (drive_uploader.py:51): Starting OAuth flow for Google Drive (browser will open)...
2026-03-19 12:02:37,593 [INFO   ] google_auth_oauthlib.flow (flow.py:474): "GET /?state=FbKpeVzuWluzdzAKaOjiDhrbpFsLfY&iss=https://accounts.google.com&code=4/0AfrIepD_p9vKqxMs8New8j1VEkZWfoOYna5yF0py9Kj71VVC0ZEL8ZYyFztYB62j4Vw2rQ&scope=https://www.googleapis.com/auth/drive.file HTTP/1.1" 200 65
2026-03-19 12:02:38,057 [INFO   ] src.drive_uploader (drive_uploader.py:64): Drive token saved: C:\Users\amith\ads-dashboard\monday-pnl\drive_token.json
2026-03-19 12:02:38,061 [INFO   ] googleapiclient.discovery_cache (__init__.py:49): file_cache is only supported with oauth2client<4.0.0
2026-03-19 12:02:38,834 [INFO   ] src.drive_uploader (drive_uploader.py:80): Found Drive folder 'OneZoneJersey P&L' (ID: 1khCm1hAcwdCqo_R5Fs3OzOLZPEdDdRx_)
2026-03-19 12:02:41,437 [INFO   ] src.drive_uploader (drive_uploader.py:124): Updated 'P&L.xlsx' on Drive (ID: 1yk9uZhQHsoyH7TZe-itiUfqHmUb76YJN)
2026-03-19 12:02:41,437 [INFO   ] src.drive_uploader (drive_uploader.py:149): Drive link: https://drive.google.com/file/d/1yk9uZhQHsoyH7TZe-itiUfqHmUb76YJN/view
2026-03-19 12:02:41,437 [INFO   ] __main__ (main.py:96): Drive link: https://drive.google.com/file/d/1yk9uZhQHsoyH7TZe-itiUfqHmUb76YJN/view
2026-03-19 12:02:41,437 [INFO   ] __main__ (main.py:103): ============================================================
2026-03-19 12:02:41,437 [INFO   ] __main__ (main.py:104): Pipeline complete in 62.2s - 760 orders -> P&L.xlsx
2026-03-19 12:02:41,437 [INFO   ] __main__ (main.py:106): ============================================================
2026-03-19 12:10:27,533 [INFO   ] __main__ (main.py:63): ============================================================
2026-03-19 12:10:27,533 [INFO   ] __main__ (main.py:64): Starting P&L pipeline
2026-03-19 12:10:27,534 [INFO   ] __main__ (main.py:65): Board ID: 2131896795 | Mode: INCLUDES_VAT | Currency: ILS
2026-03-19 12:10:27,534 [INFO   ] __main__ (main.py:67): ============================================================
2026-03-19 12:10:27,534 [INFO   ] __main__ (main.py:72): Step 1/4: Fetching items from Monday.com...
2026-03-19 12:10:27,534 [INFO   ] src.monday_client (monday_client.py:145): Fetching page 1 (cursor=START)...
2026-03-19 12:10:32,156 [INFO   ] src.monday_client (monday_client.py:162):   -> Got 100 items (total so far: 100)
2026-03-19 12:10:32,156 [INFO   ] src.monday_client (monday_client.py:145): Fetching page 2 (cursor=MSwyMTMxODk2Nzk1LGd1aG1taGw3LTNzbDBnMXdIVEJBOSw3NjAsMTAwLHwyNjE3MTM5ODIy)...
2026-03-19 12:10:36,127 [INFO   ] src.monday_client (monday_client.py:162):   -> Got 100 items (total so far: 200)
2026-03-19 12:10:36,127 [INFO   ] src.monday_client (monday_client.py:145): Fetching page 3 (cursor=MSwyMTMxODk2Nzk1LGd1aG1taGw3LTNzbDBnMXdIVEJBOSw3NjAsMjAwLHwyMzAzNDQ2NDAw)...
2026-03-19 12:10:39,563 [INFO   ] src.monday_client (monday_client.py:162):   -> Got 100 items (total so far: 300)
2026-03-19 12:10:39,564 [INFO   ] src.monday_client (monday_client.py:145): Fetching page 4 (cursor=MSwyMTMxODk2Nzk1LGd1aG1taGw3LTNzbDBnMXdIVEJBOSw3NjAsMzAwLHw4MzgzMTQ3MjU)...
2026-03-19 12:10:44,333 [INFO   ] src.monday_client (monday_client.py:162):   -> Got 100 items (total so far: 400)
2026-03-19 12:10:44,333 [INFO   ] src.monday_client (monday_client.py:145): Fetching page 5 (cursor=MSwyMTMxODk2Nzk1LGd1aG1taGw3LTNzbDBnMXdIVEJBOSw3NjAsNDAwLHwyODg3ODE1Nzcy)...
2026-03-19 12:10:47,546 [INFO   ] src.monday_client (monday_client.py:162):   -> Got 100 items (total so far: 500)
2026-03-19 12:10:47,546 [INFO   ] src.monday_client (monday_client.py:145): Fetching page 6 (cursor=MSwyMTMxODk2Nzk1LGd1aG1taGw3LTNzbDBnMXdIVEJBOSw3NjAsNTAwLHwzNDU4MzA3MTM)...
2026-03-19 12:10:50,806 [INFO   ] src.monday_client (monday_client.py:162):   -> Got 100 items (total so far: 600)
2026-03-19 12:10:50,807 [INFO   ] src.monday_client (monday_client.py:145): Fetching page 7 (cursor=MSwyMTMxODk2Nzk1LGd1aG1taGw3LTNzbDBnMXdIVEJBOSw3NjAsNjAwLHwxMDMzNzM1Mjc)...
2026-03-19 12:10:54,809 [INFO   ] src.monday_client (monday_client.py:162):   -> Got 100 items (total so far: 700)
2026-03-19 12:10:54,809 [INFO   ] src.monday_client (monday_client.py:145): Fetching page 8 (cursor=MSwyMTMxODk2Nzk1LGd1aG1taGw3LTNzbDBnMXdIVEJBOSw3NjAsNzAwLHwzMTk3NDUxNjk4)...
2026-03-19 12:10:57,169 [INFO   ] src.monday_client (monday_client.py:162):   -> Got 60 items (total so far: 760)
2026-03-19 12:10:57,169 [INFO   ] src.monday_client (monday_client.py:168): Finished fetching. Total items: 760
2026-03-19 12:10:57,169 [INFO   ] __main__ (main.py:76): Step 2/4: Normalizing orders...
2026-03-19 12:10:57,181 [INFO   ] src.order_mapper (order_mapper.py:234): Normalized 760 / 760 items
2026-03-19 12:10:57,181 [INFO   ] __main__ (main.py:83): Step 3/4: Computing P&L...
2026-03-19 12:10:57,184 [INFO   ] src.pnl_engine (pnl_engine.py:105): Computed P&L for 760 / 760 orders
2026-03-19 12:10:57,184 [INFO   ] __main__ (main.py:87): Step 4/5: Writing Excel workbook...
2026-03-19 12:10:57,184 [INFO   ] src.excel_writer (excel_writer.py:727): Loading existing workbook: P&L.xlsx
2026-03-19 12:10:57,698 [INFO   ] src.excel_writer (excel_writer.py:198): Sheet 'Orders_Raw': 760 updated, 0 inserted
2026-03-19 12:10:58,130 [INFO   ] src.excel_writer (excel_writer.py:304): Sheet 'Calc': 760 orders in 7 months
2026-03-19 12:10:58,151 [INFO   ] src.excel_writer (excel_writer.py:772): No duplicate order_ids in Calc sheet.
2026-03-19 12:10:58,308 [INFO   ] src.excel_writer (excel_writer.py:750): Workbook saved: P&L.xlsx (760 orders)
2026-03-19 12:10:58,308 [INFO   ] __main__ (main.py:92): Step 5/5: Uploading to Google Drive...
2026-03-19 12:10:59,069 [INFO   ] src.drive_uploader (drive_uploader.py:43): Refreshing Drive token...
2026-03-19 12:10:59,493 [INFO   ] src.drive_uploader (drive_uploader.py:64): Drive token saved: C:\Users\amith\ads-dashboard\monday-pnl\drive_token.json
2026-03-19 12:10:59,495 [INFO   ] googleapiclient.discovery_cache (__init__.py:49): file_cache is only supported with oauth2client<4.0.0
2026-03-19 12:11:00,333 [INFO   ] src.drive_uploader (drive_uploader.py:80): Found Drive folder 'OneZoneJersey P&L' (ID: 1khCm1hAcwdCqo_R5Fs3OzOLZPEdDdRx_)
2026-03-19 12:11:02,696 [INFO   ] src.drive_uploader (drive_uploader.py:124): Updated 'P&L.xlsx' on Drive (ID: 1yk9uZhQHsoyH7TZe-itiUfqHmUb76YJN)
2026-03-19 12:11:02,696 [INFO   ] src.drive_uploader (drive_uploader.py:149): Drive link: https://drive.google.com/file/d/1yk9uZhQHsoyH7TZe-itiUfqHmUb76YJN/view
2026-03-19 12:11:02,696 [INFO   ] __main__ (main.py:96): Drive link: https://drive.google.com/file/d/1yk9uZhQHsoyH7TZe-itiUfqHmUb76YJN/view
2026-03-19 12:11:02,696 [INFO   ] __main__ (main.py:103): ============================================================
2026-03-19 12:11:02,696 [INFO   ] __main__ (main.py:104): Pipeline complete in 35.2s - 760 orders -> P&L.xlsx
2026-03-19 12:11:02,696 [INFO   ] __main__ (main.py:106): ============================================================
2026-03-19 12:15:53,352 [INFO   ] __main__ (main.py:63): ============================================================
2026-03-19 12:15:53,352 [INFO   ] __main__ (main.py:64): Starting P&L pipeline
2026-03-19 12:15:53,352 [INFO   ] __main__ (main.py:65): Board ID: 2131896795 | Mode: INCLUDES_VAT | Currency: ILS
2026-03-19 12:15:53,352 [INFO   ] __main__ (main.py:67): ============================================================
2026-03-19 12:15:53,352 [INFO   ] __main__ (main.py:72): Step 1/4: Fetching items from Monday.com...
2026-03-19 12:15:53,352 [INFO   ] src.monday_client (monday_client.py:145): Fetching page 1 (cursor=START)...
2026-03-19 12:15:57,903 [INFO   ] src.monday_client (monday_client.py:162):   -> Got 100 items (total so far: 100)
2026-03-19 12:15:57,904 [INFO   ] src.monday_client (monday_client.py:145): Fetching page 2 (cursor=MSwyMTMxODk2Nzk1LDdKNEU5R0VRODE1NVFDNTVUWThyWSw3NjAsMTAwLHwzNjk4MjcwMTUx)...
2026-03-19 12:16:01,885 [INFO   ] src.monday_client (monday_client.py:162):   -> Got 100 items (total so far: 200)
2026-03-19 12:16:01,885 [INFO   ] src.monday_client (monday_client.py:145): Fetching page 3 (cursor=MSwyMTMxODk2Nzk1LDdKNEU5R0VRODE1NVFDNTVUWThyWSw3NjAsMjAwLHwzNDcwNDM4NDQx)...
2026-03-19 12:16:05,836 [INFO   ] src.monday_client (monday_client.py:162):   -> Got 100 items (total so far: 300)
2026-03-19 12:16:05,836 [INFO   ] src.monday_client (monday_client.py:145): Fetching page 4 (cursor=MSwyMTMxODk2Nzk1LDdKNEU5R0VRODE1NVFDNTVUWThyWSw3NjAsMzAwLHwxOTg2NDUxMjc2)...
2026-03-19 12:16:09,886 [INFO   ] src.monday_client (monday_client.py:162):   -> Got 100 items (total so far: 400)
2026-03-19 12:16:09,886 [INFO   ] src.monday_client (monday_client.py:145): Fetching page 5 (cursor=MSwyMTMxODk2Nzk1LDdKNEU5R0VRODE1NVFDNTVUWThyWSw3NjAsNDAwLHwzOTU0MzA3MDYx)...
2026-03-19 12:16:13,222 [INFO   ] src.monday_client (monday_client.py:162):   -> Got 100 items (total so far: 500)
2026-03-19 12:16:13,222 [INFO   ] src.monday_client (monday_client.py:145): Fetching page 6 (cursor=MSwyMTMxODk2Nzk1LDdKNEU5R0VRODE1NVFDNTVUWThyWSw3NjAsNTAwLHwxMzkzMzk1ODU2)...
2026-03-19 12:16:16,921 [INFO   ] src.monday_client (monday_client.py:162):   -> Got 100 items (total so far: 600)
2026-03-19 12:16:16,921 [INFO   ] src.monday_client (monday_client.py:145): Fetching page 7 (cursor=MSwyMTMxODk2Nzk1LDdKNEU5R0VRODE1NVFDNTVUWThyWSw3NjAsNjAwLHwxMTAyNTg3Nzc0)...
2026-03-19 12:16:21,072 [INFO   ] src.monday_client (monday_client.py:162):   -> Got 100 items (total so far: 700)
2026-03-19 12:16:21,072 [INFO   ] src.monday_client (monday_client.py:145): Fetching page 8 (cursor=MSwyMTMxODk2Nzk1LDdKNEU5R0VRODE1NVFDNTVUWThyWSw3NjAsNzAwLHw0MTc3ODA1MzM5)...
2026-03-19 12:16:23,812 [INFO   ] src.monday_client (monday_client.py:162):   -> Got 60 items (total so far: 760)
2026-03-19 12:16:23,812 [INFO   ] src.monday_client (monday_client.py:168): Finished fetching. Total items: 760
2026-03-19 12:16:23,812 [INFO   ] __main__ (main.py:76): Step 2/4: Normalizing orders...
2026-03-19 12:16:23,823 [INFO   ] src.order_mapper (order_mapper.py:234): Normalized 760 / 760 items
2026-03-19 12:16:23,823 [INFO   ] __main__ (main.py:83): Step 3/4: Computing P&L...
2026-03-19 12:16:23,826 [INFO   ] src.pnl_engine (pnl_engine.py:105): Computed P&L for 760 / 760 orders
2026-03-19 12:16:23,826 [INFO   ] __main__ (main.py:87): Step 4/5: Writing Excel workbook...
2026-03-19 12:16:23,826 [INFO   ] src.excel_writer (excel_writer.py:765): Loading existing workbook: P&L.xlsx
2026-03-19 12:16:24,400 [INFO   ] src.excel_writer (excel_writer.py:229): Sheet 'הזמנות_גולמי': 0 updated, 760 inserted
2026-03-19 12:16:24,899 [INFO   ] src.excel_writer (excel_writer.py:334): Sheet 'חישוב': 760 orders in 7 months
2026-03-19 12:16:24,922 [INFO   ] src.excel_writer (excel_writer.py:815): No duplicate order_ids in Calc sheet.
2026-03-19 12:16:25,088 [INFO   ] src.excel_writer (excel_writer.py:793): Workbook saved: P&L.xlsx (760 orders)
2026-03-19 12:16:25,088 [INFO   ] __main__ (main.py:92): Step 5/5: Uploading to Google Drive...
2026-03-19 12:16:25,854 [INFO   ] src.drive_uploader (drive_uploader.py:43): Refreshing Drive token...
2026-03-19 12:16:26,325 [INFO   ] src.drive_uploader (drive_uploader.py:64): Drive token saved: C:\Users\amith\ads-dashboard\monday-pnl\drive_token.json
2026-03-19 12:16:26,328 [INFO   ] googleapiclient.discovery_cache (__init__.py:49): file_cache is only supported with oauth2client<4.0.0
2026-03-19 12:16:27,074 [INFO   ] src.drive_uploader (drive_uploader.py:80): Found Drive folder 'OneZoneJersey P&L' (ID: 1khCm1hAcwdCqo_R5Fs3OzOLZPEdDdRx_)
2026-03-19 12:16:29,557 [INFO   ] src.drive_uploader (drive_uploader.py:124): Updated 'P&L.xlsx' on Drive (ID: 1yk9uZhQHsoyH7TZe-itiUfqHmUb76YJN)
2026-03-19 12:16:29,558 [INFO   ] src.drive_uploader (drive_uploader.py:149): Drive link: https://drive.google.com/file/d/1yk9uZhQHsoyH7TZe-itiUfqHmUb76YJN/view
2026-03-19 12:16:29,558 [INFO   ] __main__ (main.py:96): Drive link: https://drive.google.com/file/d/1yk9uZhQHsoyH7TZe-itiUfqHmUb76YJN/view
2026-03-19 12:16:29,558 [INFO   ] __main__ (main.py:103): ============================================================
2026-03-19 12:16:29,558 [INFO   ] __main__ (main.py:104): Pipeline complete in 36.2s - 760 orders -> P&L.xlsx
2026-03-19 12:16:29,558 [INFO   ] __main__ (main.py:106): ============================================================
2026-03-19 12:43:48,417 [INFO   ] __main__ (main.py:63): ============================================================
2026-03-19 12:43:48,417 [INFO   ] __main__ (main.py:64): Starting P&L pipeline
2026-03-19 12:43:48,417 [INFO   ] __main__ (main.py:65): Board ID: 2131896795 | Mode: INCLUDES_VAT | Currency: ILS
2026-03-19 12:43:48,417 [INFO   ] __main__ (main.py:67): ============================================================
2026-03-19 12:43:48,417 [INFO   ] __main__ (main.py:72): Step 1/4: Fetching items from Monday.com...
2026-03-19 12:43:48,417 [INFO   ] src.monday_client (monday_client.py:145): Fetching page 1 (cursor=START)...
2026-03-19 12:43:53,359 [INFO   ] src.monday_client (monday_client.py:162):   -> Got 100 items (total so far: 100)
2026-03-19 12:43:53,359 [INFO   ] src.monday_client (monday_client.py:145): Fetching page 2 (cursor=MSwyMTMxODk2Nzk1LENNR1hhUS1jVmtPVFRjWDhJcXh3Uiw3NjAsMTAwLHwxMDYwODAxOTAz)...
2026-03-19 12:43:58,411 [INFO   ] src.monday_client (monday_client.py:162):   -> Got 100 items (total so far: 200)
2026-03-19 12:43:58,411 [INFO   ] src.monday_client (monday_client.py:145): Fetching page 3 (cursor=MSwyMTMxODk2Nzk1LENNR1hhUS1jVmtPVFRjWDhJcXh3Uiw3NjAsMjAwLHw3NjQzNTUyMDE)...
2026-03-19 12:44:02,085 [INFO   ] src.monday_client (monday_client.py:162):   -> Got 100 items (total so far: 300)
2026-03-19 12:44:02,085 [INFO   ] src.monday_client (monday_client.py:145): Fetching page 4 (cursor=MSwyMTMxODk2Nzk1LENNR1hhUS1jVmtPVFRjWDhJcXh3Uiw3NjAsMzAwLHwyNTAzMTY1NDEy)...
2026-03-19 12:44:05,942 [INFO   ] src.monday_client (monday_client.py:162):   -> Got 100 items (total so far: 400)
2026-03-19 12:44:05,942 [INFO   ] src.monday_client (monday_client.py:145): Fetching page 5 (cursor=MSwyMTMxODk2Nzk1LENNR1hhUS1jVmtPVFRjWDhJcXh3Uiw3NjAsNDAwLHwxNDkxOTIwMjk)...
2026-03-19 12:44:09,908 [INFO   ] src.monday_client (monday_client.py:162):   -> Got 100 items (total so far: 500)
2026-03-19 12:44:09,908 [INFO   ] src.monday_client (monday_client.py:145): Fetching page 6 (cursor=MSwyMTMxODk2Nzk1LENNR1hhUS1jVmtPVFRjWDhJcXh3Uiw3NjAsNTAwLHwyOTU4NTYzODk2)...
2026-03-19 12:44:14,625 [INFO   ] src.monday_client (monday_client.py:162):   -> Got 100 items (total so far: 600)
2026-03-19 12:44:14,625 [INFO   ] src.monday_client (monday_client.py:145): Fetching page 7 (cursor=MSwyMTMxODk2Nzk1LENNR1hhUS1jVmtPVFRjWDhJcXh3Uiw3NjAsNjAwLHwyNzMzNDg3NTc0)...
2026-03-19 12:44:18,501 [INFO   ] src.monday_client (monday_client.py:162):   -> Got 100 items (total so far: 700)
2026-03-19 12:44:18,501 [INFO   ] src.monday_client (monday_client.py:145): Fetching page 8 (cursor=MSwyMTMxODk2Nzk1LENNR1hhUS1jVmtPVFRjWDhJcXh3Uiw3NjAsNzAwLHw0NDE1Njk5NzE)...
2026-03-19 12:44:21,056 [INFO   ] src.monday_client (monday_client.py:162):   -> Got 60 items (total so far: 760)
2026-03-19 12:44:21,056 [INFO   ] src.monday_client (monday_client.py:168): Finished fetching. Total items: 760
2026-03-19 12:44:21,056 [INFO   ] __main__ (main.py:76): Step 2/4: Normalizing orders...
2026-03-19 12:44:21,067 [INFO   ] src.order_mapper (order_mapper.py:234): Normalized 760 / 760 items
2026-03-19 12:44:21,068 [INFO   ] __main__ (main.py:83): Step 3/4: Computing P&L...
2026-03-19 12:44:21,070 [INFO   ] src.pnl_engine (pnl_engine.py:105): Computed P&L for 760 / 760 orders
2026-03-19 12:44:21,070 [INFO   ] __main__ (main.py:87): Step 4/6: Writing Excel workbook...
2026-03-19 12:44:21,070 [INFO   ] src.excel_writer (excel_writer.py:765): Loading existing workbook: P&L.xlsx
2026-03-19 12:44:21,606 [INFO   ] src.excel_writer (excel_writer.py:229): Sheet 'הזמנות_גולמי': 760 updated, 0 inserted
2026-03-19 12:44:22,059 [INFO   ] src.excel_writer (excel_writer.py:334): Sheet 'חישוב': 760 orders in 7 months
2026-03-19 12:44:22,081 [INFO   ] src.excel_writer (excel_writer.py:815): No duplicate order_ids in Calc sheet.
2026-03-19 12:44:22,237 [INFO   ] src.excel_writer (excel_writer.py:793): Workbook saved: P&L.xlsx (760 orders)
2026-03-19 12:44:22,237 [INFO   ] __main__ (main.py:100): Step 5/6: Skipping Drive upload (--no-upload)
2026-03-19 12:44:22,237 [INFO   ] __main__ (main.py:103): Step 6/6: Sending WhatsApp summary...
2026-03-19 12:44:23,109 [ERROR  ] src.whatsapp_notifier (whatsapp_notifier.py:111): WhatsApp API error: 400 Client Error: Bad Request for url: https://graph.facebook.com/v22.0/1032171949979127/messages — {"error":{"message":"(#131030) Recipient phone number not in allowed list","type":"OAuthException","code":131030,"error_data":{"messaging_product":"whatsapp","details":"\u05de\u05e1\u05e4\u05e8 \u05d4\u05d8\u05dc\u05e4\u05d5\u05df \u05e9\u05dc \u05d4\u05e0\u05de\u05e2\u05df \u05dc\u05d0 \u05e0\u05de\u05e6\u05d0 \u05d1\u05e8\u05e9\u05d9\u05de\u05ea \u05d4\u05d4\u05d9\u05ea\u05e8\u05d9\u05dd: \u05d9\u05e9 \u05dc\u05d4\u05d5\u05e1\u05d9\u05e3 \u05d0\u05ea \u05de\u05e1\u05e4\u05e8 \u05d4\u05d8\u05dc\u05e4\u05d5\u05df \u05e9\u05dc \u05d4\u05e0\u05de\u05e2\u05df \u05dc\u05e8\u05e9\u05d9\u05de\u05ea \u05d4\u05e0\u05de\u05e2\u05e0\u05d9\u05dd \u05d5\u05dc\u05e0\u05e1\u05d5\u05ea \u05e9\u05d5\u05d1."},"fbtrace_id":"AZHt1NrxmTAFdUGnvr84_vP"}}
2026-03-19 12:44:23,110 [WARNING] __main__ (main.py:109): WhatsApp summary skipped or failed
2026-03-19 12:44:23,110 [INFO   ] __main__ (main.py:114): ============================================================
2026-03-19 12:44:23,110 [INFO   ] __main__ (main.py:115): Pipeline complete in 34.7s - 760 orders -> P&L.xlsx
2026-03-19 12:44:23,110 [INFO   ] __main__ (main.py:117): ============================================================
2026-03-19 12:46:25,563 [INFO   ] __main__ (main.py:63): ============================================================
2026-03-19 12:46:25,563 [INFO   ] __main__ (main.py:64): Starting P&L pipeline
2026-03-19 12:46:25,563 [INFO   ] __main__ (main.py:65): Board ID: 2131896795 | Mode: INCLUDES_VAT | Currency: ILS
2026-03-19 12:46:25,563 [INFO   ] __main__ (main.py:67): ============================================================
2026-03-19 12:46:25,563 [INFO   ] __main__ (main.py:72): Step 1/4: Fetching items from Monday.com...
2026-03-19 12:46:25,563 [INFO   ] src.monday_client (monday_client.py:145): Fetching page 1 (cursor=START)...
2026-03-19 12:46:30,486 [INFO   ] src.monday_client (monday_client.py:162):   -> Got 100 items (total so far: 100)
2026-03-19 12:46:30,486 [INFO   ] src.monday_client (monday_client.py:145): Fetching page 2 (cursor=MSwyMTMxODk2Nzk1LHZ6ejBabUZlYjh2TnlmdUpwbDM3Qiw3NjEsMTAwLHwyMzMwNzY4MDYw)...
2026-03-19 12:46:34,900 [INFO   ] src.monday_client (monday_client.py:162):   -> Got 100 items (total so far: 200)
2026-03-19 12:46:34,900 [INFO   ] src.monday_client (monday_client.py:145): Fetching page 3 (cursor=MSwyMTMxODk2Nzk1LHZ6ejBabUZlYjh2TnlmdUpwbDM3Qiw3NjEsMjAwLHwyNTU1OTc3MDQy)...
2026-03-19 12:46:38,580 [INFO   ] src.monday_client (monday_client.py:162):   -> Got 100 items (total so far: 300)
2026-03-19 12:46:38,581 [INFO   ] src.monday_client (monday_client.py:145): Fetching page 4 (cursor=MSwyMTMxODk2Nzk1LHZ6ejBabUZlYjh2TnlmdUpwbDM3Qiw3NjEsMzAwLHw1NTE5MDk5NDM)...
2026-03-19 12:46:42,518 [INFO   ] src.monday_client (monday_client.py:162):   -> Got 100 items (total so far: 400)
2026-03-19 12:46:42,518 [INFO   ] src.monday_client (monday_client.py:145): Fetching page 5 (cursor=MSwyMTMxODk2Nzk1LHZ6ejBabUZlYjh2TnlmdUpwbDM3Qiw3NjEsNDAwLHwzMTc0MTg3NjYy)...
2026-03-19 12:46:46,116 [INFO   ] src.monday_client (monday_client.py:162):   -> Got 100 items (total so far: 500)
2026-03-19 12:46:46,116 [INFO   ] src.monday_client (monday_client.py:145): Fetching page 6 (cursor=MSwyMTMxODk2Nzk1LHZ6ejBabUZlYjh2TnlmdUpwbDM3Qiw3NjEsNTAwLHw5MzIwMTg5OQ)...
2026-03-19 12:46:49,869 [INFO   ] src.monday_client (monday_client.py:162):   -> Got 100 items (total so far: 600)
2026-03-19 12:46:49,870 [INFO   ] src.monday_client (monday_client.py:145): Fetching page 7 (cursor=MSwyMTMxODk2Nzk1LHZ6ejBabUZlYjh2TnlmdUpwbDM3Qiw3NjEsNjAwLHwzODk3Nzc5MjU)...
2026-03-19 12:46:53,777 [INFO   ] src.monday_client (monday_client.py:162):   -> Got 100 items (total so far: 700)
2026-03-19 12:46:53,777 [INFO   ] src.monday_client (monday_client.py:145): Fetching page 8 (cursor=MSwyMTMxODk2Nzk1LHZ6ejBabUZlYjh2TnlmdUpwbDM3Qiw3NjEsNzAwLHwyOTQ0OTIwOTI4)...
2026-03-19 12:46:56,422 [INFO   ] src.monday_client (monday_client.py:162):   -> Got 61 items (total so far: 761)
2026-03-19 12:46:56,422 [INFO   ] src.monday_client (monday_client.py:168): Finished fetching. Total items: 761
2026-03-19 12:46:56,422 [INFO   ] __main__ (main.py:76): Step 2/4: Normalizing orders...
2026-03-19 12:46:56,433 [INFO   ] src.order_mapper (order_mapper.py:234): Normalized 761 / 761 items
2026-03-19 12:46:56,433 [INFO   ] __main__ (main.py:83): Step 3/4: Computing P&L...
2026-03-19 12:46:56,437 [INFO   ] src.pnl_engine (pnl_engine.py:105): Computed P&L for 761 / 761 orders
2026-03-19 12:46:56,437 [INFO   ] __main__ (main.py:87): Step 4/6: Writing Excel workbook...
2026-03-19 12:46:56,437 [INFO   ] src.excel_writer (excel_writer.py:765): Loading existing workbook: P&L.xlsx
2026-03-19 12:46:56,970 [INFO   ] src.excel_writer (excel_writer.py:229): Sheet 'הזמנות_גולמי': 760 updated, 1 inserted
2026-03-19 12:46:57,436 [INFO   ] src.excel_writer (excel_writer.py:334): Sheet 'חישוב': 761 orders in 7 months
2026-03-19 12:46:57,458 [INFO   ] src.excel_writer (excel_writer.py:815): No duplicate order_ids in Calc sheet.
2026-03-19 12:46:57,617 [INFO   ] src.excel_writer (excel_writer.py:793): Workbook saved: P&L.xlsx (761 orders)
2026-03-19 12:46:57,617 [INFO   ] __main__ (main.py:100): Step 5/6: Skipping Drive upload (--no-upload)
2026-03-19 12:46:57,617 [INFO   ] __main__ (main.py:103): Step 6/6: Sending WhatsApp summary...
2026-03-19 12:46:59,277 [INFO   ] src.whatsapp_notifier (whatsapp_notifier.py:108): WhatsApp message sent (ID: wamid.HBgMOTcyNTU5NjYyMDY0FQIAERgSRjAwMEZFMkY2QUQ1OTU3MkQyAA==)
2026-03-19 12:46:59,278 [INFO   ] __main__ (main.py:107): WhatsApp summary sent successfully
2026-03-19 12:46:59,278 [INFO   ] __main__ (main.py:114): ============================================================
2026-03-19 12:46:59,278 [INFO   ] __main__ (main.py:115): Pipeline complete in 33.7s - 761 orders -> P&L.xlsx
2026-03-19 12:46:59,278 [INFO   ] __main__ (main.py:117): ============================================================
2026-03-19 12:52:53,956 [INFO   ] __main__ (main.py:63): ============================================================
2026-03-19 12:52:53,956 [INFO   ] __main__ (main.py:64): Starting P&L pipeline
2026-03-19 12:52:53,956 [INFO   ] __main__ (main.py:65): Board ID: 2131896795 | Mode: INCLUDES_VAT | Currency: ILS
2026-03-19 12:52:53,956 [INFO   ] __main__ (main.py:67): ============================================================
2026-03-19 12:52:53,956 [INFO   ] __main__ (main.py:72): Step 1/4: Fetching items from Monday.com...
2026-03-19 12:52:53,956 [INFO   ] src.monday_client (monday_client.py:145): Fetching page 1 (cursor=START)...
2026-03-19 12:52:57,969 [INFO   ] src.monday_client (monday_client.py:162):   -> Got 100 items (total so far: 100)
2026-03-19 12:52:57,969 [INFO   ] src.monday_client (monday_client.py:145): Fetching page 2 (cursor=MSwyMTMxODk2Nzk1LDgxTUxLUmhodFNUNWd5MEl2TloySSw3NjEsMTAwLHwyMjIwMjU5MDc2)...
2026-03-19 12:53:02,291 [INFO   ] src.monday_client (monday_client.py:162):   -> Got 100 items (total so far: 200)
2026-03-19 12:53:02,291 [INFO   ] src.monday_client (monday_client.py:145): Fetching page 3 (cursor=MSwyMTMxODk2Nzk1LDgxTUxLUmhodFNUNWd5MEl2TloySSw3NjEsMjAwLHwyNTMxNTE0NjAy)...
2026-03-19 12:53:06,526 [INFO   ] src.monday_client (monday_client.py:162):   -> Got 100 items (total so far: 300)
2026-03-19 12:53:06,526 [INFO   ] src.monday_client (monday_client.py:145): Fetching page 4 (cursor=MSwyMTMxODk2Nzk1LDgxTUxLUmhodFNUNWd5MEl2TloySSw3NjEsMzAwLHw3NzgwMjY4OTU)...
2026-03-19 12:53:11,055 [INFO   ] src.monday_client (monday_client.py:162):   -> Got 100 items (total so far: 400)
2026-03-19 12:53:11,055 [INFO   ] src.monday_client (monday_client.py:145): Fetching page 5 (cursor=MSwyMTMxODk2Nzk1LDgxTUxLUmhodFNUNWd5MEl2TloySSw3NjEsNDAwLHwzMDEyMDY5MTc0)...
2026-03-19 12:53:15,137 [INFO   ] src.monday_client (monday_client.py:162):   -> Got 100 items (total so far: 500)
2026-03-19 12:53:15,137 [INFO   ] src.monday_client (monday_client.py:145): Fetching page 6 (cursor=MSwyMTMxODk2Nzk1LDgxTUxLUmhodFNUNWd5MEl2TloySSw3NjEsNTAwLHwxODgwMTQ2NzU)...
2026-03-19 12:53:19,341 [INFO   ] src.monday_client (monday_client.py:162):   -> Got 100 items (total so far: 600)
2026-03-19 12:53:19,341 [INFO   ] src.monday_client (monday_client.py:145): Fetching page 7 (cursor=MSwyMTMxODk2Nzk1LDgxTUxLUmhodFNUNWd5MEl2TloySSw3NjEsNjAwLHw0Mjc5MDQ5NTc)...
2026-03-19 12:53:23,143 [INFO   ] src.monday_client (monday_client.py:162):   -> Got 100 items (total so far: 700)
2026-03-19 12:53:23,143 [INFO   ] src.monday_client (monday_client.py:145): Fetching page 8 (cursor=MSwyMTMxODk2Nzk1LDgxTUxLUmhodFNUNWd5MEl2TloySSw3NjEsNzAwLHwyNzA1MTM5OTI4)...
2026-03-19 12:53:26,272 [INFO   ] src.monday_client (monday_client.py:162):   -> Got 61 items (total so far: 761)
2026-03-19 12:53:26,272 [INFO   ] src.monday_client (monday_client.py:168): Finished fetching. Total items: 761
2026-03-19 12:53:26,272 [INFO   ] __main__ (main.py:76): Step 2/4: Normalizing orders...
2026-03-19 12:53:26,285 [INFO   ] src.order_mapper (order_mapper.py:234): Normalized 761 / 761 items
2026-03-19 12:53:26,285 [INFO   ] __main__ (main.py:83): Step 3/4: Computing P&L...
2026-03-19 12:53:26,288 [INFO   ] src.pnl_engine (pnl_engine.py:105): Computed P&L for 761 / 761 orders
2026-03-19 12:53:26,288 [INFO   ] __main__ (main.py:87): Step 4/6: Writing Excel workbook...
2026-03-19 12:53:26,288 [INFO   ] src.excel_writer (excel_writer.py:765): Loading existing workbook: P&L.xlsx
2026-03-19 12:53:26,799 [INFO   ] src.excel_writer (excel_writer.py:229): Sheet 'הזמנות_גולמי': 761 updated, 0 inserted
2026-03-19 12:53:27,229 [INFO   ] src.excel_writer (excel_writer.py:334): Sheet 'חישוב': 761 orders in 7 months
2026-03-19 12:53:27,251 [INFO   ] src.excel_writer (excel_writer.py:815): No duplicate order_ids in Calc sheet.
2026-03-19 12:53:27,407 [INFO   ] src.excel_writer (excel_writer.py:793): Workbook saved: P&L.xlsx (761 orders)
2026-03-19 12:53:27,407 [INFO   ] __main__ (main.py:92): Step 5/6: Uploading to Google Drive...
2026-03-19 12:53:28,179 [INFO   ] src.drive_uploader (drive_uploader.py:43): Refreshing Drive token...
2026-03-19 12:53:28,621 [INFO   ] src.drive_uploader (drive_uploader.py:64): Drive token saved: C:\Users\amith\ads-dashboard\monday-pnl\drive_token.json
2026-03-19 12:53:28,624 [INFO   ] googleapiclient.discovery_cache (__init__.py:49): file_cache is only supported with oauth2client<4.0.0
2026-03-19 12:53:29,266 [INFO   ] src.drive_uploader (drive_uploader.py:80): Found Drive folder 'OneZoneJersey P&L' (ID: 1khCm1hAcwdCqo_R5Fs3OzOLZPEdDdRx_)
2026-03-19 12:53:33,149 [INFO   ] src.drive_uploader (drive_uploader.py:124): Updated 'P&L.xlsx' on Drive (ID: 1yk9uZhQHsoyH7TZe-itiUfqHmUb76YJN)
2026-03-19 12:53:33,149 [INFO   ] src.drive_uploader (drive_uploader.py:149): Drive link: https://drive.google.com/file/d/1yk9uZhQHsoyH7TZe-itiUfqHmUb76YJN/view
2026-03-19 12:53:33,149 [INFO   ] __main__ (main.py:96): Drive link: https://drive.google.com/file/d/1yk9uZhQHsoyH7TZe-itiUfqHmUb76YJN/view
2026-03-19 12:53:33,149 [INFO   ] __main__ (main.py:103): Step 6/6: Sending WhatsApp summary...
2026-03-19 12:53:34,134 [INFO   ] src.whatsapp_notifier (whatsapp_notifier.py:108): WhatsApp message sent (ID: wamid.HBgMOTcyNTU5NjYyMDY0FQIAERgSM0EyRDYwNjAyMDYwMjM0MTI4AA==)
2026-03-19 12:53:34,135 [INFO   ] __main__ (main.py:107): WhatsApp summary sent successfully
2026-03-19 12:53:34,135 [INFO   ] __main__ (main.py:114): ============================================================
2026-03-19 12:53:34,135 [INFO   ] __main__ (main.py:115): Pipeline complete in 40.2s - 761 orders -> P&L.xlsx
2026-03-19 12:53:34,135 [INFO   ] __main__ (main.py:117): ============================================================
2026-03-19 13:12:09,366 [INFO   ] __main__ (main.py:63): ============================================================
2026-03-19 13:12:09,366 [INFO   ] __main__ (main.py:64): Starting P&L pipeline
2026-03-19 13:12:09,366 [INFO   ] __main__ (main.py:65): Board ID: 2131896795 | Mode: INCLUDES_VAT | Currency: ILS
2026-03-19 13:12:09,366 [INFO   ] __main__ (main.py:67): ============================================================
2026-03-19 13:12:09,366 [INFO   ] __main__ (main.py:72): Step 1/4: Fetching items from Monday.com...
2026-03-19 13:12:09,366 [INFO   ] src.monday_client (monday_client.py:145): Fetching page 1 (cursor=START)...
2026-03-19 13:12:13,608 [INFO   ] src.monday_client (monday_client.py:162):   -> Got 100 items (total so far: 100)
2026-03-19 13:12:13,608 [INFO   ] src.monday_client (monday_client.py:145): Fetching page 2 (cursor=MSwyMTMxODk2Nzk1LGlBWkpNN0Rtd0Mta2NOdGl1VGZlZyw3NjEsMTAwLHwzOTc2NzQ5NzU2)...
2026-03-19 13:12:18,187 [INFO   ] src.monday_client (monday_client.py:162):   -> Got 100 items (total so far: 200)
2026-03-19 13:12:18,187 [INFO   ] src.monday_client (monday_client.py:145): Fetching page 3 (cursor=MSwyMTMxODk2Nzk1LGlBWkpNN0Rtd0Mta2NOdGl1VGZlZyw3NjEsMjAwLHw0MjkwNjI4OTQ2)...
2026-03-19 13:12:22,496 [INFO   ] src.monday_client (monday_client.py:162):   -> Got 100 items (total so far: 300)
2026-03-19 13:12:22,496 [INFO   ] src.monday_client (monday_client.py:145): Fetching page 4 (cursor=MSwyMTMxODk2Nzk1LGlBWkpNN0Rtd0Mta2NOdGl1VGZlZyw3NjEsMzAwLHwxMTkxMjkxNDQ3)...
2026-03-19 13:12:26,073 [INFO   ] src.monday_client (monday_client.py:162):   -> Got 100 items (total so far: 400)
2026-03-19 13:12:26,073 [INFO   ] src.monday_client (monday_client.py:145): Fetching page 5 (cursor=MSwyMTMxODk2Nzk1LGlBWkpNN0Rtd0Mta2NOdGl1VGZlZyw3NjEsNDAwLHwzNjcxNDk1MzEw)...
2026-03-19 13:12:29,605 [INFO   ] src.monday_client (monday_client.py:162):   -> Got 100 items (total so far: 500)
2026-03-19 13:12:29,605 [INFO   ] src.monday_client (monday_client.py:145): Fetching page 6 (cursor=MSwyMTMxODk2Nzk1LGlBWkpNN0Rtd0Mta2NOdGl1VGZlZyw3NjEsNTAwLHwxNjUxMTc2OTM5)...
2026-03-19 13:12:33,261 [INFO   ] src.monday_client (monday_client.py:162):   -> Got 100 items (total so far: 600)
2026-03-19 13:12:33,261 [INFO   ] src.monday_client (monday_client.py:145): Fetching page 7 (cursor=MSwyMTMxODk2Nzk1LGlBWkpNN0Rtd0Mta2NOdGl1VGZlZyw3NjEsNjAwLHwxODkzNjg1NzY1)...
2026-03-19 13:12:37,449 [INFO   ] src.monday_client (monday_client.py:162):   -> Got 100 items (total so far: 700)
2026-03-19 13:12:37,449 [INFO   ] src.monday_client (monday_client.py:145): Fetching page 8 (cursor=MSwyMTMxODk2Nzk1LGlBWkpNN0Rtd0Mta2NOdGl1VGZlZyw3NjEsNzAwLHwzMzYxOTQ2OTc2)...
2026-03-19 13:12:40,369 [INFO   ] src.monday_client (monday_client.py:162):   -> Got 61 items (total so far: 761)
2026-03-19 13:12:40,370 [INFO   ] src.monday_client (monday_client.py:168): Finished fetching. Total items: 761
2026-03-19 13:12:40,370 [INFO   ] __main__ (main.py:76): Step 2/4: Normalizing orders...
2026-03-19 13:12:40,384 [INFO   ] src.order_mapper (order_mapper.py:234): Normalized 761 / 761 items
2026-03-19 13:12:40,384 [INFO   ] __main__ (main.py:83): Step 3/7: Computing P&L...
2026-03-19 13:12:40,387 [INFO   ] src.pnl_engine (pnl_engine.py:105): Computed P&L for 761 / 761 orders
2026-03-19 13:12:40,387 [INFO   ] __main__ (main.py:87): Step 4/7: Fetching Facebook Ads data...
2026-03-19 13:12:42,372 [INFO   ] src.facebook_ads (facebook_ads.py:120): Fetched 19 days of Facebook Ads data
2026-03-19 13:12:42,373 [INFO   ] __main__ (main.py:95): Ad spend this month: 10415.00
2026-03-19 13:12:42,373 [INFO   ] __main__ (main.py:100): Step 5/7: Writing Excel workbook...
2026-03-19 13:12:42,373 [INFO   ] src.excel_writer (excel_writer.py:959): Loading existing workbook: P&L.xlsx
2026-03-19 13:12:42,972 [INFO   ] src.excel_writer (excel_writer.py:229): Sheet 'הזמנות_גולמי': 761 updated, 0 inserted
2026-03-19 13:12:43,498 [INFO   ] src.excel_writer (excel_writer.py:334): Sheet 'חישוב': 761 orders in 7 months
2026-03-19 13:12:43,551 [INFO   ] src.excel_writer (excel_writer.py:1010): No duplicate order_ids in Calc sheet.
2026-03-19 13:12:43,738 [INFO   ] src.excel_writer (excel_writer.py:988): Workbook saved: P&L.xlsx (761 orders)
2026-03-19 13:12:43,738 [INFO   ] __main__ (main.py:105): Step 6/7: Uploading to Google Drive...
2026-03-19 13:12:44,552 [INFO   ] src.drive_uploader (drive_uploader.py:43): Refreshing Drive token...
2026-03-19 13:12:44,987 [INFO   ] src.drive_uploader (drive_uploader.py:64): Drive token saved: C:\Users\amith\ads-dashboard\monday-pnl\drive_token.json
2026-03-19 13:12:44,990 [INFO   ] googleapiclient.discovery_cache (__init__.py:49): file_cache is only supported with oauth2client<4.0.0
2026-03-19 13:12:45,798 [INFO   ] src.drive_uploader (drive_uploader.py:80): Found Drive folder 'OneZoneJersey P&L' (ID: 1khCm1hAcwdCqo_R5Fs3OzOLZPEdDdRx_)
2026-03-19 13:12:48,432 [INFO   ] src.drive_uploader (drive_uploader.py:124): Updated 'P&L.xlsx' on Drive (ID: 1yk9uZhQHsoyH7TZe-itiUfqHmUb76YJN)
2026-03-19 13:12:48,433 [INFO   ] src.drive_uploader (drive_uploader.py:149): Drive link: https://drive.google.com/file/d/1yk9uZhQHsoyH7TZe-itiUfqHmUb76YJN/view
2026-03-19 13:12:48,433 [INFO   ] __main__ (main.py:109): Drive link: https://drive.google.com/file/d/1yk9uZhQHsoyH7TZe-itiUfqHmUb76YJN/view
2026-03-19 13:12:48,433 [INFO   ] __main__ (main.py:116): Step 7/7: Sending WhatsApp summary...
2026-03-19 13:12:49,010 [ERROR  ] src.whatsapp_notifier (whatsapp_notifier.py:139): WhatsApp API error: 400 Client Error: Bad Request for url: https://graph.facebook.com/v22.0/1032171949979127/messages — {"error":{"message":"Unsupported post request. Object with ID '1032171949979127' does not exist, cannot be loaded due to missing permissions, or does not support this operation. Please read the Graph API documentation at https:\/\/developers.facebook.com\/docs\/graph-api","type":"GraphMethodException","code":100,"error_subcode":33,"fbtrace_id":"AW8r9fhOZW5TvfslEC8IQzu"}}
2026-03-19 13:12:49,011 [WARNING] __main__ (main.py:122): WhatsApp summary skipped or failed
2026-03-19 13:12:49,011 [INFO   ] __main__ (main.py:127): ============================================================
2026-03-19 13:12:49,011 [INFO   ] __main__ (main.py:128): Pipeline complete in 39.6s - 761 orders -> P&L.xlsx
2026-03-19 13:12:49,011 [INFO   ] __main__ (main.py:130): ============================================================
2026-03-19 13:20:06,427 [INFO   ] __main__ (main.py:63): ============================================================
2026-03-19 13:20:06,427 [INFO   ] __main__ (main.py:64): Starting P&L pipeline
2026-03-19 13:20:06,428 [INFO   ] __main__ (main.py:65): Board ID: 2131896795 | Mode: INCLUDES_VAT | Currency: ILS
2026-03-19 13:20:06,428 [INFO   ] __main__ (main.py:67): ============================================================
2026-03-19 13:20:06,428 [INFO   ] __main__ (main.py:72): Step 1/4: Fetching items from Monday.com...
2026-03-19 13:20:06,428 [INFO   ] src.monday_client (monday_client.py:145): Fetching page 1 (cursor=START)...
2026-03-19 13:20:11,675 [INFO   ] src.monday_client (monday_client.py:162):   -> Got 100 items (total so far: 100)
2026-03-19 13:20:11,675 [INFO   ] src.monday_client (monday_client.py:145): Fetching page 2 (cursor=MSwyMTMxODk2Nzk1LDhaeGp6MHVMT1BuSGlfUy04MG1oTSw3NjEsMTAwLHwxMzgzMDIxOTEw)...
2026-03-19 13:20:16,079 [INFO   ] src.monday_client (monday_client.py:162):   -> Got 100 items (total so far: 200)
2026-03-19 13:20:16,079 [INFO   ] src.monday_client (monday_client.py:145): Fetching page 3 (cursor=MSwyMTMxODk2Nzk1LDhaeGp6MHVMT1BuSGlfUy04MG1oTSw3NjEsMjAwLHwxMDg4MDY2MjMy)...
2026-03-19 13:20:19,821 [INFO   ] src.monday_client (monday_client.py:162):   -> Got 100 items (total so far: 300)
2026-03-19 13:20:19,822 [INFO   ] src.monday_client (monday_client.py:145): Fetching page 4 (cursor=MSwyMTMxODk2Nzk1LDhaeGp6MHVMT1BuSGlfUy04MG1oTSw3NjEsMzAwLHw0MTY3NDk3MTgx)...
2026-03-19 13:20:24,243 [INFO   ] src.monday_client (monday_client.py:162):   -> Got 100 items (total so far: 400)
2026-03-19 13:20:24,243 [INFO   ] src.monday_client (monday_client.py:145): Fetching page 5 (cursor=MSwyMTMxODk2Nzk1LDhaeGp6MHVMT1BuSGlfUy04MG1oTSw3NjEsNDAwLHwxNzA2MTUxMjY4)...
2026-03-19 13:20:28,394 [INFO   ] src.monday_client (monday_client.py:162):   -> Got 100 items (total so far: 500)
2026-03-19 13:20:28,394 [INFO   ] src.monday_client (monday_client.py:145): Fetching page 6 (cursor=MSwyMTMxODk2Nzk1LDhaeGp6MHVMT1BuSGlfUy04MG1oTSw3NjEsNTAwLHwzNzA4NjYwMjI1)...
2026-03-19 13:20:32,125 [INFO   ] src.monday_client (monday_client.py:162):   -> Got 100 items (total so far: 600)
2026-03-19 13:20:32,125 [INFO   ] src.monday_client (monday_client.py:145): Fetching page 7 (cursor=MSwyMTMxODk2Nzk1LDhaeGp6MHVMT1BuSGlfUy04MG1oTSw3NjEsNjAwLHwzNDg0OTQzODU1)...
2026-03-19 13:20:36,288 [INFO   ] src.monday_client (monday_client.py:162):   -> Got 100 items (total so far: 700)
2026-03-19 13:20:36,288 [INFO   ] src.monday_client (monday_client.py:145): Fetching page 8 (cursor=MSwyMTMxODk2Nzk1LDhaeGp6MHVMT1BuSGlfUy04MG1oTSw3NjEsNzAwLHwxOTk2Nzc2MDc0)...
2026-03-19 13:20:39,146 [INFO   ] src.monday_client (monday_client.py:162):   -> Got 61 items (total so far: 761)
2026-03-19 13:20:39,146 [INFO   ] src.monday_client (monday_client.py:168): Finished fetching. Total items: 761
2026-03-19 13:20:39,146 [INFO   ] __main__ (main.py:76): Step 2/4: Normalizing orders...
2026-03-19 13:20:39,159 [INFO   ] src.order_mapper (order_mapper.py:234): Normalized 761 / 761 items
2026-03-19 13:20:39,159 [INFO   ] __main__ (main.py:83): Step 3/7: Computing P&L...
2026-03-19 13:20:39,162 [INFO   ] src.pnl_engine (pnl_engine.py:105): Computed P&L for 761 / 761 orders
2026-03-19 13:20:39,162 [INFO   ] __main__ (main.py:87): Step 4/7: Fetching Facebook Ads data...
2026-03-19 13:20:40,904 [INFO   ] src.facebook_ads (facebook_ads.py:120): Fetched 19 days of Facebook Ads data
2026-03-19 13:20:40,906 [INFO   ] __main__ (main.py:95): Ad spend this month: 10421.45
2026-03-19 13:20:40,906 [INFO   ] __main__ (main.py:100): Step 5/7: Writing Excel workbook...
2026-03-19 13:20:40,906 [INFO   ] src.excel_writer (excel_writer.py:959): Loading existing workbook: P&L.xlsx
2026-03-19 13:20:41,627 [INFO   ] src.excel_writer (excel_writer.py:229): Sheet 'הזמנות_גולמי': 761 updated, 0 inserted
2026-03-19 13:20:42,231 [INFO   ] src.excel_writer (excel_writer.py:334): Sheet 'חישוב': 761 orders in 7 months
2026-03-19 13:20:42,266 [INFO   ] src.excel_writer (excel_writer.py:1010): No duplicate order_ids in Calc sheet.
2026-03-19 13:20:42,465 [INFO   ] src.excel_writer (excel_writer.py:988): Workbook saved: P&L.xlsx (761 orders)
2026-03-19 13:20:42,465 [INFO   ] __main__ (main.py:105): Step 6/7: Uploading to Google Drive...
2026-03-19 13:20:43,467 [INFO   ] src.drive_uploader (drive_uploader.py:43): Refreshing Drive token...
2026-03-19 13:20:43,949 [INFO   ] src.drive_uploader (drive_uploader.py:64): Drive token saved: C:\Users\amith\ads-dashboard\monday-pnl\drive_token.json
2026-03-19 13:20:43,952 [INFO   ] googleapiclient.discovery_cache (__init__.py:49): file_cache is only supported with oauth2client<4.0.0
2026-03-19 13:20:44,755 [INFO   ] src.drive_uploader (drive_uploader.py:80): Found Drive folder 'OneZoneJersey P&L' (ID: 1khCm1hAcwdCqo_R5Fs3OzOLZPEdDdRx_)
2026-03-19 13:20:47,372 [INFO   ] src.drive_uploader (drive_uploader.py:124): Updated 'P&L.xlsx' on Drive (ID: 1yk9uZhQHsoyH7TZe-itiUfqHmUb76YJN)
2026-03-19 13:20:47,372 [INFO   ] src.drive_uploader (drive_uploader.py:149): Drive link: https://drive.google.com/file/d/1yk9uZhQHsoyH7TZe-itiUfqHmUb76YJN/view
2026-03-19 13:20:47,372 [INFO   ] __main__ (main.py:109): Drive link: https://drive.google.com/file/d/1yk9uZhQHsoyH7TZe-itiUfqHmUb76YJN/view
2026-03-19 13:20:47,372 [INFO   ] __main__ (main.py:116): Step 7/7: Sending WhatsApp summary...
2026-03-19 13:20:48,447 [INFO   ] src.whatsapp_notifier (whatsapp_notifier.py:136): WhatsApp message sent (ID: wamid.HBgMOTcyNTU5NjYyMDY0FQIAERgSMzEzM0IyMDE1MUUwNEQ0QjM1AA==)
2026-03-19 13:20:48,448 [INFO   ] __main__ (main.py:120): WhatsApp summary sent successfully
2026-03-19 13:20:48,448 [INFO   ] __main__ (main.py:127): ============================================================
2026-03-19 13:20:48,448 [INFO   ] __main__ (main.py:128): Pipeline complete in 42.0s - 761 orders -> P&L.xlsx
2026-03-19 13:20:48,448 [INFO   ] __main__ (main.py:130): ============================================================
2026-03-19 14:10:57,125 [INFO   ] __main__ (main.py:63): ============================================================
2026-03-19 14:10:57,125 [INFO   ] __main__ (main.py:64): Starting P&L pipeline
2026-03-19 14:10:57,125 [INFO   ] __main__ (main.py:65): Board ID: 2131896795 | Mode: INCLUDES_VAT | Currency: ILS
2026-03-19 14:10:57,125 [INFO   ] __main__ (main.py:67): ============================================================
2026-03-19 14:10:57,125 [INFO   ] __main__ (main.py:72): Step 1/4: Fetching items from Monday.com...
2026-03-19 14:10:57,125 [INFO   ] src.monday_client (monday_client.py:145): Fetching page 1 (cursor=START)...
2026-03-19 14:11:01,909 [INFO   ] src.monday_client (monday_client.py:162):   -> Got 100 items (total so far: 100)
2026-03-19 14:11:01,909 [INFO   ] src.monday_client (monday_client.py:145): Fetching page 2 (cursor=MSwyMTMxODk2Nzk1LC1mU3RXb1JsVXdWT2d1ZkNlT3pTUCw3NjEsMTAwLHwzODQwOTg0NTAw)...
2026-03-19 14:11:06,550 [INFO   ] src.monday_client (monday_client.py:162):   -> Got 100 items (total so far: 200)
2026-03-19 14:11:06,550 [INFO   ] src.monday_client (monday_client.py:145): Fetching page 3 (cursor=MSwyMTMxODk2Nzk1LC1mU3RXb1JsVXdWT2d1ZkNlT3pTUCw3NjEsMjAwLHw0MTMxNzQ0MzQ2)...
2026-03-19 14:11:10,695 [INFO   ] src.monday_client (monday_client.py:162):   -> Got 100 items (total so far: 300)
2026-03-19 14:11:10,695 [INFO   ] src.monday_client (monday_client.py:145): Fetching page 4 (cursor=MSwyMTMxODk2Nzk1LC1mU3RXb1JsVXdWT2d1ZkNlT3pTUCw3NjEsMzAwLHwxMzI0OTQ0NzAz)...
2026-03-19 14:11:14,928 [INFO   ] src.monday_client (monday_client.py:162):   -> Got 100 items (total so far: 400)
2026-03-19 14:11:14,929 [INFO   ] src.monday_client (monday_client.py:145): Fetching page 5 (cursor=MSwyMTMxODk2Nzk1LC1mU3RXb1JsVXdWT2d1ZkNlT3pTUCw3NjEsNDAwLHwzNTQzMDIwOTM0)...
2026-03-19 14:11:18,769 [INFO   ] src.monday_client (monday_client.py:162):   -> Got 100 items (total so far: 500)
2026-03-19 14:11:18,769 [INFO   ] src.monday_client (monday_client.py:145): Fetching page 6 (cursor=MSwyMTMxODk2Nzk1LC1mU3RXb1JsVXdWT2d1ZkNlT3pTUCw3NjEsNTAwLHwxODA0NzUxNTg3)...
2026-03-19 14:11:22,372 [INFO   ] src.monday_client (monday_client.py:162):   -> Got 100 items (total so far: 600)
2026-03-19 14:11:22,372 [INFO   ] src.monday_client (monday_client.py:145): Fetching page 7 (cursor=MSwyMTMxODk2Nzk1LC1mU3RXb1JsVXdWT2d1ZkNlT3pTUCw3NjEsNjAwLHwyMDMyNjYzODIx)...
2026-03-19 14:11:26,737 [INFO   ] src.monday_client (monday_client.py:162):   -> Got 100 items (total so far: 700)
2026-03-19 14:11:26,737 [INFO   ] src.monday_client (monday_client.py:145): Fetching page 8 (cursor=MSwyMTMxODk2Nzk1LC1mU3RXb1JsVXdWT2d1ZkNlT3pTUCw3NjEsNzAwLHwzMjQ4MjAwMjk2)...
2026-03-19 14:11:29,977 [INFO   ] src.monday_client (monday_client.py:162):   -> Got 61 items (total so far: 761)
2026-03-19 14:11:29,978 [INFO   ] src.monday_client (monday_client.py:168): Finished fetching. Total items: 761
2026-03-19 14:11:29,978 [INFO   ] __main__ (main.py:76): Step 2/4: Normalizing orders...
2026-03-19 14:11:29,996 [INFO   ] src.order_mapper (order_mapper.py:234): Normalized 761 / 761 items
2026-03-19 14:11:29,996 [INFO   ] __main__ (main.py:83): Step 3/7: Computing P&L...
2026-03-19 14:11:30,001 [INFO   ] src.pnl_engine (pnl_engine.py:105): Computed P&L for 761 / 761 orders
2026-03-19 14:11:30,001 [INFO   ] __main__ (main.py:87): Step 4/7: Fetching Facebook Ads data...
2026-03-19 14:11:32,491 [INFO   ] src.facebook_ads (facebook_ads.py:120): Fetched 19 days of Facebook Ads data
2026-03-19 14:11:33,625 [INFO   ] src.facebook_ads (facebook_ads.py:120): Fetched 19 days of Facebook Ads data
2026-03-19 14:11:33,626 [INFO   ] __main__ (main.py:96): Ad spend this month: 10455.50
2026-03-19 14:11:33,626 [INFO   ] __main__ (main.py:101): Step 5/7: Writing Excel workbook...
2026-03-19 14:11:33,626 [INFO   ] src.excel_writer (excel_writer.py:959): Loading existing workbook: P&L.xlsx
2026-03-19 14:11:34,689 [INFO   ] src.excel_writer (excel_writer.py:229): Sheet 'הזמנות_גולמי': 761 updated, 0 inserted
2026-03-19 14:11:35,611 [INFO   ] src.excel_writer (excel_writer.py:334): Sheet 'חישוב': 761 orders in 7 months
2026-03-19 14:11:35,675 [INFO   ] src.excel_writer (excel_writer.py:1010): No duplicate order_ids in Calc sheet.
2026-03-19 14:11:35,955 [INFO   ] src.excel_writer (excel_writer.py:988): Workbook saved: P&L.xlsx (761 orders)
2026-03-19 14:11:35,955 [INFO   ] __main__ (main.py:106): Step 6/7: Uploading to Google Drive...
2026-03-19 14:11:38,638 [INFO   ] src.drive_uploader (drive_uploader.py:43): Refreshing Drive token...
2026-03-19 14:11:39,247 [INFO   ] src.drive_uploader (drive_uploader.py:64): Drive token saved: C:\Users\amith\ads-dashboard\monday-pnl\drive_token.json
2026-03-19 14:11:39,251 [INFO   ] googleapiclient.discovery_cache (__init__.py:49): file_cache is only supported with oauth2client<4.0.0
2026-03-19 14:11:40,152 [INFO   ] src.drive_uploader (drive_uploader.py:80): Found Drive folder 'OneZoneJersey P&L' (ID: 1khCm1hAcwdCqo_R5Fs3OzOLZPEdDdRx_)
2026-03-19 14:11:42,944 [INFO   ] src.drive_uploader (drive_uploader.py:124): Updated 'P&L.xlsx' on Drive (ID: 1yk9uZhQHsoyH7TZe-itiUfqHmUb76YJN)
2026-03-19 14:11:42,944 [INFO   ] src.drive_uploader (drive_uploader.py:149): Drive link: https://drive.google.com/file/d/1yk9uZhQHsoyH7TZe-itiUfqHmUb76YJN/view
2026-03-19 14:11:42,944 [INFO   ] __main__ (main.py:110): Drive link: https://drive.google.com/file/d/1yk9uZhQHsoyH7TZe-itiUfqHmUb76YJN/view
2026-03-19 14:11:42,944 [INFO   ] __main__ (main.py:117): Step 7/7: Sending WhatsApp summary...
2026-03-19 14:11:44,386 [INFO   ] src.whatsapp_notifier (whatsapp_notifier.py:76): WhatsApp message sent (ID: wamid.HBgMOTcyNTU5NjYyMDY0FQIAERgSREIzNkIyOTEyNzlFMUUwOTQ0AA==)
2026-03-19 14:11:44,387 [INFO   ] __main__ (main.py:121): WhatsApp summary sent successfully
2026-03-19 14:11:44,387 [INFO   ] __main__ (main.py:128): ============================================================
2026-03-19 14:11:44,388 [INFO   ] __main__ (main.py:129): Pipeline complete in 47.2s - 761 orders -> P&L.xlsx
2026-03-19 14:11:44,388 [INFO   ] __main__ (main.py:131): ============================================================
2026-03-19 14:12:57,565 [INFO   ] __main__ (main.py:63): ============================================================
2026-03-19 14:12:57,566 [INFO   ] __main__ (main.py:64): Starting P&L pipeline
2026-03-19 14:12:57,566 [INFO   ] __main__ (main.py:65): Board ID: 2131896795 | Mode: INCLUDES_VAT | Currency: ILS
2026-03-19 14:12:57,566 [INFO   ] __main__ (main.py:67): ============================================================
2026-03-19 14:12:57,566 [INFO   ] __main__ (main.py:72): Step 1/4: Fetching items from Monday.com...
2026-03-19 14:12:57,566 [INFO   ] src.monday_client (monday_client.py:145): Fetching page 1 (cursor=START)...
2026-03-19 14:13:02,076 [INFO   ] src.monday_client (monday_client.py:162):   -> Got 100 items (total so far: 100)
2026-03-19 14:13:02,076 [INFO   ] src.monday_client (monday_client.py:145): Fetching page 2 (cursor=MSwyMTMxODk2Nzk1LEJXNFFCX0NXY3FhVTA0X0M5dVpiNiw3NjEsMTAwLHw5ODc0NjA3NA)...
2026-03-19 14:13:06,412 [INFO   ] src.monday_client (monday_client.py:162):   -> Got 100 items (total so far: 200)
2026-03-19 14:13:06,412 [INFO   ] src.monday_client (monday_client.py:145): Fetching page 3 (cursor=MSwyMTMxODk2Nzk1LEJXNFFCX0NXY3FhVTA0X0M5dVpiNiw3NjEsMjAwLHwzOTE1ODIwMDQ)...
2026-03-19 14:13:10,194 [INFO   ] src.monday_client (monday_client.py:162):   -> Got 100 items (total so far: 300)
2026-03-19 14:13:10,194 [INFO   ] src.monday_client (monday_client.py:145): Fetching page 4 (cursor=MSwyMTMxODk2Nzk1LEJXNFFCX0NXY3FhVTA0X0M5dVpiNiw3NjEsMzAwLHwyOTUxNDQ0MDQ5)...
2026-03-19 14:13:14,245 [INFO   ] src.monday_client (monday_client.py:162):   -> Got 100 items (total so far: 400)
2026-03-19 14:13:14,245 [INFO   ] src.monday_client (monday_client.py:145): Fetching page 5 (cursor=MSwyMTMxODk2Nzk1LEJXNFFCX0NXY3FhVTA0X0M5dVpiNiw3NjEsNDAwLHw4NDI4MTMxNjA)...
2026-03-19 14:13:17,610 [INFO   ] src.monday_client (monday_client.py:162):   -> Got 100 items (total so far: 500)
2026-03-19 14:13:17,610 [INFO   ] src.monday_client (monday_client.py:145): Fetching page 6 (cursor=MSwyMTMxODk2Nzk1LEJXNFFCX0NXY3FhVTA0X0M5dVpiNiw3NjEsNTAwLHwyMzIzNjU1MDUz)...
2026-03-19 14:13:21,595 [INFO   ] src.monday_client (monday_client.py:162):   -> Got 100 items (total so far: 600)
2026-03-19 14:13:21,595 [INFO   ] src.monday_client (monday_client.py:145): Fetching page 7 (cursor=MSwyMTMxODk2Nzk1LEJXNFFCX0NXY3FhVTA0X0M5dVpiNiw3NjEsNjAwLHwyNTUzNjQ0NjQz)...
2026-03-19 14:13:25,341 [INFO   ] src.monday_client (monday_client.py:162):   -> Got 100 items (total so far: 700)
2026-03-19 14:13:25,342 [INFO   ] src.monday_client (monday_client.py:145): Fetching page 8 (cursor=MSwyMTMxODk2Nzk1LEJXNFFCX0NXY3FhVTA0X0M5dVpiNiw3NjEsNzAwLHw1NDU5MDY5NTA)...
2026-03-19 14:13:28,560 [INFO   ] src.monday_client (monday_client.py:162):   -> Got 61 items (total so far: 761)
2026-03-19 14:13:28,560 [INFO   ] src.monday_client (monday_client.py:168): Finished fetching. Total items: 761
2026-03-19 14:13:28,560 [INFO   ] __main__ (main.py:76): Step 2/4: Normalizing orders...
2026-03-19 14:13:28,579 [INFO   ] src.order_mapper (order_mapper.py:234): Normalized 761 / 761 items
2026-03-19 14:13:28,580 [INFO   ] __main__ (main.py:83): Step 3/7: Computing P&L...
2026-03-19 14:13:28,585 [INFO   ] src.pnl_engine (pnl_engine.py:105): Computed P&L for 761 / 761 orders
2026-03-19 14:13:28,585 [INFO   ] __main__ (main.py:87): Step 4/7: Fetching Facebook Ads data...
2026-03-19 14:13:30,496 [INFO   ] src.facebook_ads (facebook_ads.py:120): Fetched 19 days of Facebook Ads data
2026-03-19 14:13:32,065 [INFO   ] src.facebook_ads (facebook_ads.py:120): Fetched 19 days of Facebook Ads data
2026-03-19 14:13:32,067 [INFO   ] __main__ (main.py:96): Ad spend this month: 10457.84
2026-03-19 14:13:32,067 [INFO   ] __main__ (main.py:101): Step 5/7: Writing Excel workbook...
2026-03-19 14:13:32,067 [INFO   ] src.excel_writer (excel_writer.py:959): Loading existing workbook: P&L.xlsx
2026-03-19 14:13:33,001 [INFO   ] src.excel_writer (excel_writer.py:229): Sheet 'הזמנות_גולמי': 761 updated, 0 inserted
2026-03-19 14:13:33,762 [INFO   ] src.excel_writer (excel_writer.py:334): Sheet 'חישוב': 761 orders in 7 months
2026-03-19 14:13:33,823 [INFO   ] src.excel_writer (excel_writer.py:1010): No duplicate order_ids in Calc sheet.
2026-03-19 14:13:34,102 [INFO   ] src.excel_writer (excel_writer.py:988): Workbook saved: P&L.xlsx (761 orders)
2026-03-19 14:13:34,103 [INFO   ] __main__ (main.py:106): Step 6/7: Uploading to Google Drive...
2026-03-19 14:13:35,650 [INFO   ] src.drive_uploader (drive_uploader.py:43): Refreshing Drive token...
2026-03-19 14:13:36,232 [INFO   ] src.drive_uploader (drive_uploader.py:64): Drive token saved: C:\Users\amith\ads-dashboard\monday-pnl\drive_token.json
2026-03-19 14:13:36,237 [INFO   ] googleapiclient.discovery_cache (__init__.py:49): file_cache is only supported with oauth2client<4.0.0
2026-03-19 14:13:37,182 [INFO   ] src.drive_uploader (drive_uploader.py:80): Found Drive folder 'OneZoneJersey P&L' (ID: 1khCm1hAcwdCqo_R5Fs3OzOLZPEdDdRx_)
2026-03-19 14:13:39,653 [INFO   ] src.drive_uploader (drive_uploader.py:124): Updated 'P&L.xlsx' on Drive (ID: 1yk9uZhQHsoyH7TZe-itiUfqHmUb76YJN)
2026-03-19 14:13:39,653 [INFO   ] src.drive_uploader (drive_uploader.py:149): Drive link: https://drive.google.com/file/d/1yk9uZhQHsoyH7TZe-itiUfqHmUb76YJN/view
2026-03-19 14:13:39,653 [INFO   ] __main__ (main.py:110): Drive link: https://drive.google.com/file/d/1yk9uZhQHsoyH7TZe-itiUfqHmUb76YJN/view
2026-03-19 14:13:39,653 [INFO   ] __main__ (main.py:117): Step 7/7: Sending WhatsApp summary...
2026-03-19 14:13:40,651 [INFO   ] src.whatsapp_notifier (whatsapp_notifier.py:77): WhatsApp message sent (ID: wamid.HBgMOTcyNTU5NjYyMDY0FQIAERgSOUM3N0YzQzFGREY0NTU0RDFCAA==)
2026-03-19 14:13:40,653 [INFO   ] __main__ (main.py:121): WhatsApp summary sent successfully
2026-03-19 14:13:40,653 [INFO   ] __main__ (main.py:128): ============================================================
2026-03-19 14:13:40,653 [INFO   ] __main__ (main.py:129): Pipeline complete in 43.1s - 761 orders -> P&L.xlsx
2026-03-19 14:13:40,653 [INFO   ] __main__ (main.py:131): ============================================================
2026-03-20 10:29:17,985 [INFO   ] __main__ (main.py:63): ============================================================
2026-03-20 10:29:17,986 [INFO   ] __main__ (main.py:64): Starting P&L pipeline
2026-03-20 10:29:17,986 [INFO   ] __main__ (main.py:65): Board ID: 2131896795 | Mode: INCLUDES_VAT | Currency: ILS
2026-03-20 10:29:17,986 [INFO   ] __main__ (main.py:67): ============================================================
2026-03-20 10:29:17,986 [INFO   ] __main__ (main.py:72): Step 1/4: Fetching items from Monday.com...
2026-03-20 10:29:17,986 [INFO   ] src.monday_client (monday_client.py:145): Fetching page 1 (cursor=START)...
2026-03-20 10:29:22,403 [INFO   ] src.monday_client (monday_client.py:162):   -> Got 100 items (total so far: 100)
2026-03-20 10:29:22,403 [INFO   ] src.monday_client (monday_client.py:145): Fetching page 2 (cursor=MSwyMTMxODk2Nzk1LFZMNDdJQlFST2o5TE5jYVZmNkg1Ryw3NjQsMTAwLHwxOTQxOTQ5Njc0)...
2026-03-20 10:29:26,878 [INFO   ] src.monday_client (monday_client.py:162):   -> Got 100 items (total so far: 200)
2026-03-20 10:29:26,878 [INFO   ] src.monday_client (monday_client.py:145): Fetching page 3 (cursor=MSwyMTMxODk2Nzk1LFZMNDdJQlFST2o5TE5jYVZmNkg1Ryw3NjQsMjAwLHwxNjI4MDcwNjYw)...
2026-03-20 10:29:31,032 [INFO   ] src.monday_client (monday_client.py:162):   -> Got 100 items (total so far: 300)
2026-03-20 10:29:31,032 [INFO   ] src.monday_client (monday_client.py:145): Fetching page 4 (cursor=MSwyMTMxODk2Nzk1LFZMNDdJQlFST2o5TE5jYVZmNkg1Ryw3NjQsMzAwLHwzNjUyNTg0NTQ1)...
2026-03-20 10:29:34,759 [INFO   ] src.monday_client (monday_client.py:162):   -> Got 100 items (total so far: 400)
2026-03-20 10:29:34,759 [INFO   ] src.monday_client (monday_client.py:145): Fetching page 5 (cursor=MSwyMTMxODk2Nzk1LFZMNDdJQlFST2o5TE5jYVZmNkg1Ryw3NjQsNDAwLHwxMTQ3MjIzMjU2)...
2026-03-20 10:29:38,381 [INFO   ] src.monday_client (monday_client.py:162):   -> Got 100 items (total so far: 500)
2026-03-20 10:29:38,381 [INFO   ] src.monday_client (monday_client.py:145): Fetching page 6 (cursor=MSwyMTMxODk2Nzk1LFZMNDdJQlFST2o5TE5jYVZmNkg1Ryw3NjQsNTAwLHw0MjQyMzY1Mzcz)...
2026-03-20 10:29:42,785 [INFO   ] src.monday_client (monday_client.py:162):   -> Got 100 items (total so far: 600)
2026-03-20 10:29:42,785 [INFO   ] src.monday_client (monday_client.py:145): Fetching page 7 (cursor=MSwyMTMxODk2Nzk1LFZMNDdJQlFST2o5TE5jYVZmNkg1Ryw3NjQsNjAwLHwzOTk5ODU1Njk5)...
2026-03-20 10:29:47,312 [INFO   ] src.monday_client (monday_client.py:162):   -> Got 100 items (total so far: 700)
2026-03-20 10:29:47,312 [INFO   ] src.monday_client (monday_client.py:145): Fetching page 8 (cursor=MSwyMTMxODk2Nzk1LFZMNDdJQlFST2o5TE5jYVZmNkg1Ryw3NjQsNzAwLHwxNDU2NzcxODk0)...
2026-03-20 10:29:50,058 [INFO   ] src.monday_client (monday_client.py:162):   -> Got 64 items (total so far: 764)
2026-03-20 10:29:50,058 [INFO   ] src.monday_client (monday_client.py:168): Finished fetching. Total items: 764
2026-03-20 10:29:50,058 [INFO   ] __main__ (main.py:76): Step 2/4: Normalizing orders...
2026-03-20 10:29:50,070 [INFO   ] src.order_mapper (order_mapper.py:234): Normalized 764 / 764 items
2026-03-20 10:29:50,070 [INFO   ] __main__ (main.py:83): Step 3/7: Computing P&L...
2026-03-20 10:29:50,073 [INFO   ] src.pnl_engine (pnl_engine.py:105): Computed P&L for 764 / 764 orders
2026-03-20 10:29:50,073 [INFO   ] __main__ (main.py:87): Step 4/7: Fetching Facebook Ads data...
2026-03-20 10:29:52,282 [INFO   ] src.facebook_ads (facebook_ads.py:120): Fetched 20 days of Facebook Ads data
2026-03-20 10:29:53,436 [INFO   ] src.facebook_ads (facebook_ads.py:120): Fetched 20 days of Facebook Ads data
2026-03-20 10:29:53,438 [INFO   ] __main__ (main.py:96): Ad spend this month: 11120.32
2026-03-20 10:29:53,438 [INFO   ] __main__ (main.py:101): Step 5/7: Writing Excel workbook...
2026-03-20 10:29:53,438 [INFO   ] src.excel_writer (excel_writer.py:959): Loading existing workbook: P&L.xlsx
2026-03-20 10:29:53,938 [INFO   ] src.excel_writer (excel_writer.py:229): Sheet 'הזמנות_גולמי': 761 updated, 3 inserted
2026-03-20 10:29:54,342 [INFO   ] src.excel_writer (excel_writer.py:334): Sheet 'חישוב': 764 orders in 7 months
2026-03-20 10:29:54,367 [INFO   ] src.excel_writer (excel_writer.py:1010): No duplicate order_ids in Calc sheet.
2026-03-20 10:29:54,519 [INFO   ] src.excel_writer (excel_writer.py:988): Workbook saved: P&L.xlsx (764 orders)
2026-03-20 10:29:54,519 [INFO   ] __main__ (main.py:106): Step 6/7: Uploading to Google Drive...
2026-03-20 10:29:55,249 [INFO   ] src.drive_uploader (drive_uploader.py:43): Refreshing Drive token...
2026-03-20 10:29:55,673 [INFO   ] src.drive_uploader (drive_uploader.py:64): Drive token saved: C:\Users\amith\ads-dashboard\monday-pnl\drive_token.json
2026-03-20 10:29:55,674 [INFO   ] googleapiclient.discovery_cache (__init__.py:49): file_cache is only supported with oauth2client<4.0.0
2026-03-20 10:29:56,370 [INFO   ] src.drive_uploader (drive_uploader.py:80): Found Drive folder 'OneZoneJersey P&L' (ID: 1khCm1hAcwdCqo_R5Fs3OzOLZPEdDdRx_)
2026-03-20 10:29:58,731 [INFO   ] src.drive_uploader (drive_uploader.py:124): Updated 'P&L.xlsx' on Drive (ID: 1yk9uZhQHsoyH7TZe-itiUfqHmUb76YJN)
2026-03-20 10:29:58,731 [INFO   ] src.drive_uploader (drive_uploader.py:149): Drive link: https://drive.google.com/file/d/1yk9uZhQHsoyH7TZe-itiUfqHmUb76YJN/view
2026-03-20 10:29:58,731 [INFO   ] __main__ (main.py:110): Drive link: https://drive.google.com/file/d/1yk9uZhQHsoyH7TZe-itiUfqHmUb76YJN/view
2026-03-20 10:29:58,731 [INFO   ] __main__ (main.py:117): Step 7/7: Sending WhatsApp summary...
2026-03-20 10:29:59,268 [ERROR  ] src.whatsapp_notifier (whatsapp_notifier.py:80): WhatsApp API error: 401 Client Error: Unauthorized for url: https://graph.facebook.com/v22.0/1032171949979127/messages — {"error":{"message":"Error validating access token: Session has expired on Thursday, 19-Mar-26 06:00:00 PDT. The current time is Friday, 20-Mar-26 01:29:59 PDT.","type":"OAuthException","code":190,"error_subcode":463,"fbtrace_id":"A3SLW031r8VncEalNHUnah2"}}
2026-03-20 10:29:59,269 [WARNING] __main__ (main.py:123): WhatsApp summary skipped or failed
2026-03-20 10:29:59,269 [INFO   ] __main__ (main.py:128): ============================================================
2026-03-20 10:29:59,269 [INFO   ] __main__ (main.py:129): Pipeline complete in 41.3s - 764 orders -> P&L.xlsx
2026-03-20 10:29:59,269 [INFO   ] __main__ (main.py:131): ============================================================
2026-03-20 11:18:43,522 [INFO   ] __main__ (main.py:63): ============================================================
2026-03-20 11:18:43,522 [INFO   ] __main__ (main.py:64): Starting P&L pipeline
2026-03-20 11:18:43,522 [INFO   ] __main__ (main.py:65): Board ID: 2131896795 | Mode: INCLUDES_VAT | Currency: ILS
2026-03-20 11:18:43,522 [INFO   ] __main__ (main.py:67): ============================================================
2026-03-20 11:18:43,522 [INFO   ] __main__ (main.py:72): Step 1/4: Fetching items from Monday.com...
2026-03-20 11:18:43,522 [INFO   ] src.monday_client (monday_client.py:145): Fetching page 1 (cursor=START)...
2026-03-20 11:18:47,979 [INFO   ] src.monday_client (monday_client.py:162):   -> Got 100 items (total so far: 100)
2026-03-20 11:18:47,979 [INFO   ] src.monday_client (monday_client.py:145): Fetching page 2 (cursor=MSwyMTMxODk2Nzk1LFBPMTdvWlVhYUs0SUJOU3NmN3JRUyw3NjQsMTAwLHwxMTM3NTgwMDYx)...
2026-03-20 11:18:52,178 [INFO   ] src.monday_client (monday_client.py:162):   -> Got 100 items (total so far: 200)
2026-03-20 11:18:52,178 [INFO   ] src.monday_client (monday_client.py:145): Fetching page 3 (cursor=MSwyMTMxODk2Nzk1LFBPMTdvWlVhYUs0SUJOU3NmN3JRUyw3NjQsMjAwLHwxMzY3MDYyNTE1)...
2026-03-20 11:18:55,436 [INFO   ] src.monday_client (monday_client.py:162):   -> Got 100 items (total so far: 300)
2026-03-20 11:18:55,437 [INFO   ] src.monday_client (monday_client.py:145): Fetching page 4 (cursor=MSwyMTMxODk2Nzk1LFBPMTdvWlVhYUs0SUJOU3NmN3JRUyw3NjQsMzAwLHwzOTIyMTg2Mzkw)...
2026-03-20 11:18:59,467 [INFO   ] src.monday_client (monday_client.py:162):   -> Got 100 items (total so far: 400)
2026-03-20 11:18:59,467 [INFO   ] src.monday_client (monday_client.py:145): Fetching page 5 (cursor=MSwyMTMxODk2Nzk1LFBPMTdvWlVhYUs0SUJOU3NmN3JRUyw3NjQsNDAwLHwxOTQ3MjY1MDcx)...
2026-03-20 11:19:03,095 [INFO   ] src.monday_client (monday_client.py:162):   -> Got 100 items (total so far: 500)
2026-03-20 11:19:03,095 [INFO   ] src.monday_client (monday_client.py:145): Fetching page 6 (cursor=MSwyMTMxODk2Nzk1LFBPMTdvWlVhYUs0SUJOU3NmN3JRUyw3NjQsNTAwLHwzNDMzODYwOTM4)...
2026-03-20 11:19:07,027 [INFO   ] src.monday_client (monday_client.py:162):   -> Got 100 items (total so far: 600)
2026-03-20 11:19:07,027 [INFO   ] src.monday_client (monday_client.py:145): Fetching page 7 (cursor=MSwyMTMxODk2Nzk1LFBPMTdvWlVhYUs0SUJOU3NmN3JRUyw3NjQsNjAwLHwzNzI2MTg4NzA4)...
2026-03-20 11:19:10,827 [INFO   ] src.monday_client (monday_client.py:162):   -> Got 100 items (total so far: 700)
2026-03-20 11:19:10,827 [INFO   ] src.monday_client (monday_client.py:145): Fetching page 8 (cursor=MSwyMTMxODk2Nzk1LFBPMTdvWlVhYUs0SUJOU3NmN3JRUyw3NjQsNzAwLHwxNzIyMTA3ODQx)...
2026-03-20 11:19:13,936 [INFO   ] src.monday_client (monday_client.py:162):   -> Got 64 items (total so far: 764)
2026-03-20 11:19:13,936 [INFO   ] src.monday_client (monday_client.py:168): Finished fetching. Total items: 764
2026-03-20 11:19:13,936 [INFO   ] __main__ (main.py:76): Step 2/4: Normalizing orders...
2026-03-20 11:19:13,947 [INFO   ] src.order_mapper (order_mapper.py:234): Normalized 764 / 764 items
2026-03-20 11:19:13,947 [INFO   ] __main__ (main.py:83): Step 3/7: Computing P&L...
2026-03-20 11:19:13,949 [INFO   ] src.pnl_engine (pnl_engine.py:105): Computed P&L for 764 / 764 orders
2026-03-20 11:19:13,949 [INFO   ] __main__ (main.py:87): Step 4/7: Fetching Facebook Ads data...
2026-03-20 11:19:15,931 [INFO   ] src.facebook_ads (facebook_ads.py:120): Fetched 20 days of Facebook Ads data
2026-03-20 11:19:16,715 [INFO   ] src.facebook_ads (facebook_ads.py:120): Fetched 20 days of Facebook Ads data
2026-03-20 11:19:16,717 [INFO   ] __main__ (main.py:96): Ad spend this month: 11169.98
2026-03-20 11:19:16,717 [INFO   ] __main__ (main.py:101): Step 5/7: Writing Excel workbook...
2026-03-20 11:19:16,717 [INFO   ] src.excel_writer (excel_writer.py:959): Loading existing workbook: P&L.xlsx
2026-03-20 11:19:17,204 [INFO   ] src.excel_writer (excel_writer.py:229): Sheet 'הזמנות_גולמי': 764 updated, 0 inserted
2026-03-20 11:19:17,618 [INFO   ] src.excel_writer (excel_writer.py:334): Sheet 'חישוב': 764 orders in 7 months
2026-03-20 11:19:17,644 [INFO   ] src.excel_writer (excel_writer.py:1010): No duplicate order_ids in Calc sheet.
2026-03-20 11:19:17,797 [INFO   ] src.excel_writer (excel_writer.py:988): Workbook saved: P&L.xlsx (764 orders)
2026-03-20 11:19:17,797 [INFO   ] __main__ (main.py:106): Step 6/7: Uploading to Google Drive...
2026-03-20 11:19:18,649 [INFO   ] src.drive_uploader (drive_uploader.py:43): Refreshing Drive token...
2026-03-20 11:19:19,065 [INFO   ] src.drive_uploader (drive_uploader.py:64): Drive token saved: C:\Users\amith\ads-dashboard\monday-pnl\drive_token.json
2026-03-20 11:19:19,067 [INFO   ] googleapiclient.discovery_cache (__init__.py:49): file_cache is only supported with oauth2client<4.0.0
2026-03-20 11:19:19,793 [INFO   ] src.drive_uploader (drive_uploader.py:80): Found Drive folder 'OneZoneJersey P&L' (ID: 1khCm1hAcwdCqo_R5Fs3OzOLZPEdDdRx_)
2026-03-20 11:19:22,311 [INFO   ] src.drive_uploader (drive_uploader.py:124): Updated 'P&L.xlsx' on Drive (ID: 1yk9uZhQHsoyH7TZe-itiUfqHmUb76YJN)
2026-03-20 11:19:22,311 [INFO   ] src.drive_uploader (drive_uploader.py:149): Drive link: https://drive.google.com/file/d/1yk9uZhQHsoyH7TZe-itiUfqHmUb76YJN/view
2026-03-20 11:19:22,311 [INFO   ] __main__ (main.py:110): Drive link: https://drive.google.com/file/d/1yk9uZhQHsoyH7TZe-itiUfqHmUb76YJN/view
2026-03-20 11:19:22,311 [INFO   ] __main__ (main.py:117): Step 7/7: Sending WhatsApp summary...
2026-03-20 11:19:22,742 [ERROR  ] src.whatsapp_notifier (whatsapp_notifier.py:80): WhatsApp API error: 401 Client Error: Unauthorized for url: https://graph.facebook.com/v22.0/1032171949979127/messages — {"error":{"message":"Error validating access token: Session has expired on Thursday, 19-Mar-26 06:00:00 PDT. The current time is Friday, 20-Mar-26 02:19:23 PDT.","type":"OAuthException","code":190,"error_subcode":463,"fbtrace_id":"AYleq-A0ALTJBzcnFZknltG"}}
2026-03-20 11:19:22,742 [WARNING] __main__ (main.py:123): WhatsApp summary skipped or failed
2026-03-20 11:19:22,742 [INFO   ] __main__ (main.py:128): ============================================================
2026-03-20 11:19:22,742 [INFO   ] __main__ (main.py:129): Pipeline complete in 39.2s - 764 orders -> P&L.xlsx
2026-03-20 11:19:22,742 [INFO   ] __main__ (main.py:131): ============================================================
2026-03-20 11:35:46,647 [INFO   ] __main__ (main.py:63): ============================================================
2026-03-20 11:35:46,649 [INFO   ] __main__ (main.py:64): Starting P&L pipeline
2026-03-20 11:35:46,649 [INFO   ] __main__ (main.py:65): Board ID: 2131896795 | Mode: INCLUDES_VAT | Currency: ILS
2026-03-20 11:35:46,649 [INFO   ] __main__ (main.py:67): ============================================================
2026-03-20 11:35:46,649 [INFO   ] __main__ (main.py:72): Step 1/4: Fetching items from Monday.com...
2026-03-20 11:35:46,649 [INFO   ] src.monday_client (monday_client.py:145): Fetching page 1 (cursor=START)...
2026-03-20 11:35:50,938 [INFO   ] src.monday_client (monday_client.py:162):   -> Got 100 items (total so far: 100)
2026-03-20 11:35:50,938 [INFO   ] src.monday_client (monday_client.py:145): Fetching page 2 (cursor=MSwyMTMxODk2Nzk1LFppdE9jY3JSUVRGWnJuR1FrUVVZWiw3NjQsMTAwLHwzODkwMjIzNzg1)...
2026-03-20 11:35:54,985 [INFO   ] src.monday_client (monday_client.py:162):   -> Got 100 items (total so far: 200)
2026-03-20 11:35:54,986 [INFO   ] src.monday_client (monday_client.py:145): Fetching page 3 (cursor=MSwyMTMxODk2Nzk1LFppdE9jY3JSUVRGWnJuR1FrUVVZWiw3NjQsMjAwLHw0MTE2MDM0ODg3)...
2026-03-20 11:35:58,461 [INFO   ] src.monday_client (monday_client.py:162):   -> Got 100 items (total so far: 300)
2026-03-20 11:35:58,462 [INFO   ] src.monday_client (monday_client.py:145): Fetching page 4 (cursor=MSwyMTMxODk2Nzk1LFppdE9jY3JSUVRGWnJuR1FrUVVZWiw3NjQsMzAwLHwxMzA3MTY5MzE0)...
2026-03-20 11:36:02,026 [INFO   ] src.monday_client (monday_client.py:162):   -> Got 100 items (total so far: 400)
2026-03-20 11:36:02,027 [INFO   ] src.monday_client (monday_client.py:145): Fetching page 5 (cursor=MSwyMTMxODk2Nzk1LFppdE9jY3JSUVRGWnJuR1FrUVVZWiw3NjQsNDAwLHwzNDkzNzg0MjE5)...
2026-03-20 11:36:05,606 [INFO   ] src.monday_client (monday_client.py:162):   -> Got 100 items (total so far: 500)
2026-03-20 11:36:05,606 [INFO   ] src.monday_client (monday_client.py:145): Fetching page 6 (cursor=MSwyMTMxODk2Nzk1LFppdE9jY3JSUVRGWnJuR1FrUVVZWiw3NjQsNTAwLHwxNzUzMzg2NDk0)...
2026-03-20 11:36:09,316 [INFO   ] src.monday_client (monday_client.py:162):   -> Got 100 items (total so far: 600)
2026-03-20 11:36:09,316 [INFO   ] src.monday_client (monday_client.py:145): Fetching page 7 (cursor=MSwyMTMxODk2Nzk1LFppdE9jY3JSUVRGWnJuR1FrUVVZWiw3NjQsNjAwLHwyMDUwNDMzNTUy)...
2026-03-20 11:36:12,492 [INFO   ] src.monday_client (monday_client.py:162):   -> Got 100 items (total so far: 700)
2026-03-20 11:36:12,492 [INFO   ] src.monday_client (monday_client.py:145): Fetching page 8 (cursor=MSwyMTMxODk2Nzk1LFppdE9jY3JSUVRGWnJuR1FrUVVZWiw3NjQsNzAwLHwzMjYzOTA3MTg5)...
2026-03-20 11:36:15,267 [INFO   ] src.monday_client (monday_client.py:162):   -> Got 64 items (total so far: 764)
2026-03-20 11:36:15,267 [INFO   ] src.monday_client (monday_client.py:168): Finished fetching. Total items: 764
2026-03-20 11:36:15,267 [INFO   ] __main__ (main.py:76): Step 2/4: Normalizing orders...
2026-03-20 11:36:15,278 [INFO   ] src.order_mapper (order_mapper.py:234): Normalized 764 / 764 items
2026-03-20 11:36:15,278 [INFO   ] __main__ (main.py:83): Step 3/7: Computing P&L...
2026-03-20 11:36:15,281 [INFO   ] src.pnl_engine (pnl_engine.py:105): Computed P&L for 764 / 764 orders
2026-03-20 11:36:15,281 [INFO   ] __main__ (main.py:87): Step 4/7: Fetching Facebook Ads data...
2026-03-20 11:36:17,098 [INFO   ] src.facebook_ads (facebook_ads.py:120): Fetched 20 days of Facebook Ads data
2026-03-20 11:36:17,928 [INFO   ] src.facebook_ads (facebook_ads.py:120): Fetched 20 days of Facebook Ads data
2026-03-20 11:36:17,929 [INFO   ] __main__ (main.py:96): Ad spend this month: 11191.59
2026-03-20 11:36:17,929 [INFO   ] __main__ (main.py:101): Step 5/7: Writing Excel workbook...
2026-03-20 11:36:17,929 [INFO   ] src.excel_writer (excel_writer.py:959): Loading existing workbook: P&L.xlsx
2026-03-20 11:36:18,432 [INFO   ] src.excel_writer (excel_writer.py:229): Sheet 'הזמנות_גולמי': 764 updated, 0 inserted
2026-03-20 11:36:18,852 [INFO   ] src.excel_writer (excel_writer.py:334): Sheet 'חישוב': 764 orders in 7 months
2026-03-20 11:36:18,878 [INFO   ] src.excel_writer (excel_writer.py:1010): No duplicate order_ids in Calc sheet.
2026-03-20 11:36:19,028 [INFO   ] src.excel_writer (excel_writer.py:988): Workbook saved: P&L.xlsx (764 orders)
2026-03-20 11:36:19,028 [INFO   ] __main__ (main.py:106): Step 6/7: Uploading to Google Drive...
2026-03-20 11:36:19,854 [INFO   ] src.drive_uploader (drive_uploader.py:43): Refreshing Drive token...
2026-03-20 11:36:20,078 [INFO   ] src.drive_uploader (drive_uploader.py:64): Drive token saved: C:\Users\amith\ads-dashboard\monday-pnl\drive_token.json
2026-03-20 11:36:20,082 [INFO   ] googleapiclient.discovery_cache (__init__.py:49): file_cache is only supported with oauth2client<4.0.0
2026-03-20 11:36:20,841 [INFO   ] src.drive_uploader (drive_uploader.py:80): Found Drive folder 'OneZoneJersey P&L' (ID: 1khCm1hAcwdCqo_R5Fs3OzOLZPEdDdRx_)
2026-03-20 11:36:23,172 [INFO   ] src.drive_uploader (drive_uploader.py:124): Updated 'P&L.xlsx' on Drive (ID: 1yk9uZhQHsoyH7TZe-itiUfqHmUb76YJN)
2026-03-20 11:36:23,172 [INFO   ] src.drive_uploader (drive_uploader.py:149): Drive link: https://drive.google.com/file/d/1yk9uZhQHsoyH7TZe-itiUfqHmUb76YJN/view
2026-03-20 11:36:23,172 [INFO   ] __main__ (main.py:110): Drive link: https://drive.google.com/file/d/1yk9uZhQHsoyH7TZe-itiUfqHmUb76YJN/view
2026-03-20 11:36:23,172 [INFO   ] __main__ (main.py:117): Step 7/7: Sending WhatsApp summary...
2026-03-20 11:36:24,584 [INFO   ] src.whatsapp_notifier (whatsapp_notifier.py:77): WhatsApp message sent (ID: wamid.HBgMOTcyNTU5NjYyMDY0FQIAERgSN0E3QkYyMEQ2RDA0QTY0MzhEAA==)
2026-03-20 11:36:24,584 [INFO   ] __main__ (main.py:121): WhatsApp summary sent successfully
2026-03-20 11:36:24,584 [INFO   ] __main__ (main.py:128): ============================================================
2026-03-20 11:36:24,584 [INFO   ] __main__ (main.py:129): Pipeline complete in 37.9s - 764 orders -> P&L.xlsx
2026-03-20 11:36:24,584 [INFO   ] __main__ (main.py:131): ============================================================
2026-03-21 17:04:57,312 [INFO   ] __main__ (main.py:63): ============================================================
2026-03-21 17:04:57,313 [INFO   ] __main__ (main.py:64): Starting P&L pipeline
2026-03-21 17:04:57,313 [INFO   ] __main__ (main.py:65): Board ID: 2131896795 | Mode: INCLUDES_VAT | Currency: ILS
2026-03-21 17:04:57,313 [INFO   ] __main__ (main.py:67): ============================================================
2026-03-21 17:04:57,313 [INFO   ] __main__ (main.py:72): Step 1/4: Fetching items from Monday.com...
2026-03-21 17:04:57,314 [INFO   ] src.monday_client (monday_client.py:145): Fetching page 1 (cursor=START)...
2026-03-21 17:05:01,731 [INFO   ] src.monday_client (monday_client.py:162):   -> Got 100 items (total so far: 100)
2026-03-21 17:05:01,731 [INFO   ] src.monday_client (monday_client.py:145): Fetching page 2 (cursor=MSwyMTMxODk2Nzk1LG9BVGlEVFhWQlhPcFNmMWR6dU04aSw3NjksMTAwLHwyMTI3NzgwNzY4)...
2026-03-21 17:05:05,929 [INFO   ] src.monday_client (monday_client.py:162):   -> Got 100 items (total so far: 200)
2026-03-21 17:05:05,929 [INFO   ] src.monday_client (monday_client.py:145): Fetching page 3 (cursor=MSwyMTMxODk2Nzk1LG9BVGlEVFhWQlhPcFNmMWR6dU04aSw3NjksMjAwLHwxODE4Njg2NTQy)...
2026-03-21 17:05:09,026 [INFO   ] src.monday_client (monday_client.py:162):   -> Got 100 items (total so far: 300)
2026-03-21 17:05:09,026 [INFO   ] src.monday_client (monday_client.py:145): Fetching page 4 (cursor=MSwyMTMxODk2Nzk1LG9BVGlEVFhWQlhPcFNmMWR6dU04aSw3NjksMzAwLHwzNTcxMDk0MzE1)...
2026-03-21 17:05:12,782 [INFO   ] src.monday_client (monday_client.py:162):   -> Got 100 items (total so far: 400)
2026-03-21 17:05:12,782 [INFO   ] src.monday_client (monday_client.py:145): Fetching page 5 (cursor=MSwyMTMxODk2Nzk1LG9BVGlEVFhWQlhPcFNmMWR6dU04aSw3NjksNDAwLHwxMjI1NjMyNjU4)...
2026-03-21 17:05:15,857 [INFO   ] src.monday_client (monday_client.py:162):   -> Got 100 items (total so far: 500)
2026-03-21 17:05:15,857 [INFO   ] src.monday_client (monday_client.py:145): Fetching page 6 (cursor=MSwyMTMxODk2Nzk1LG9BVGlEVFhWQlhPcFNmMWR6dU04aSw3NjksNTAwLHw0MDU0OTYxMzk5)...
2026-03-21 17:05:19,561 [INFO   ] src.monday_client (monday_client.py:162):   -> Got 100 items (total so far: 600)
2026-03-21 17:05:19,562 [INFO   ] src.monday_client (monday_client.py:145): Fetching page 7 (cursor=MSwyMTMxODk2Nzk1LG9BVGlEVFhWQlhPcFNmMWR6dU04aSw3NjksNjAwLHwzODA4NzE1NTQ1)...
2026-03-21 17:05:23,244 [INFO   ] src.monday_client (monday_client.py:162):   -> Got 100 items (total so far: 700)
2026-03-21 17:05:23,245 [INFO   ] src.monday_client (monday_client.py:145): Fetching page 8 (cursor=MSwyMTMxODk2Nzk1LG9BVGlEVFhWQlhPcFNmMWR6dU04aSw3NjksNzAwLHwxNTM4Nzg2NDI4)...
2026-03-21 17:05:25,966 [INFO   ] src.monday_client (monday_client.py:162):   -> Got 69 items (total so far: 769)
2026-03-21 17:05:25,967 [INFO   ] src.monday_client (monday_client.py:168): Finished fetching. Total items: 769
2026-03-21 17:05:25,967 [INFO   ] __main__ (main.py:76): Step 2/4: Normalizing orders...
2026-03-21 17:05:25,980 [INFO   ] src.order_mapper (order_mapper.py:234): Normalized 769 / 769 items
2026-03-21 17:05:25,980 [INFO   ] __main__ (main.py:83): Step 3/7: Computing P&L...
2026-03-21 17:05:25,982 [INFO   ] src.pnl_engine (pnl_engine.py:105): Computed P&L for 769 / 769 orders
2026-03-21 17:05:25,982 [INFO   ] __main__ (main.py:87): Step 4/7: Fetching Facebook Ads data...
2026-03-21 17:05:27,940 [INFO   ] src.facebook_ads (facebook_ads.py:120): Fetched 21 days of Facebook Ads data
2026-03-21 17:05:29,180 [INFO   ] src.facebook_ads (facebook_ads.py:120): Fetched 21 days of Facebook Ads data
2026-03-21 17:05:29,181 [INFO   ] __main__ (main.py:96): Ad spend this month: 11468.64
2026-03-21 17:05:29,181 [INFO   ] __main__ (main.py:101): Step 5/7: Writing Excel workbook...
2026-03-21 17:05:29,181 [INFO   ] src.excel_writer (excel_writer.py:959): Loading existing workbook: P&L.xlsx
2026-03-21 17:05:29,690 [INFO   ] src.excel_writer (excel_writer.py:229): Sheet 'הזמנות_גולמי': 764 updated, 5 inserted
2026-03-21 17:05:30,112 [INFO   ] src.excel_writer (excel_writer.py:334): Sheet 'חישוב': 769 orders in 7 months
2026-03-21 17:05:30,138 [INFO   ] src.excel_writer (excel_writer.py:1010): No duplicate order_ids in Calc sheet.
2026-03-21 17:05:30,288 [INFO   ] src.excel_writer (excel_writer.py:988): Workbook saved: P&L.xlsx (769 orders)
2026-03-21 17:05:30,288 [INFO   ] __main__ (main.py:106): Step 6/7: Uploading to Google Drive...
2026-03-21 17:05:30,963 [INFO   ] src.drive_uploader (drive_uploader.py:43): Refreshing Drive token...
2026-03-21 17:05:31,209 [INFO   ] src.drive_uploader (drive_uploader.py:64): Drive token saved: C:\Users\amith\ads-dashboard\monday-pnl\drive_token.json
2026-03-21 17:05:31,212 [INFO   ] googleapiclient.discovery_cache (__init__.py:49): file_cache is only supported with oauth2client<4.0.0
2026-03-21 17:05:31,946 [INFO   ] src.drive_uploader (drive_uploader.py:80): Found Drive folder 'OneZoneJersey P&L' (ID: 1khCm1hAcwdCqo_R5Fs3OzOLZPEdDdRx_)
2026-03-21 17:05:34,898 [INFO   ] src.drive_uploader (drive_uploader.py:124): Updated 'P&L.xlsx' on Drive (ID: 1yk9uZhQHsoyH7TZe-itiUfqHmUb76YJN)
2026-03-21 17:05:34,898 [INFO   ] src.drive_uploader (drive_uploader.py:149): Drive link: https://drive.google.com/file/d/1yk9uZhQHsoyH7TZe-itiUfqHmUb76YJN/view
2026-03-21 17:05:34,898 [INFO   ] __main__ (main.py:110): Drive link: https://drive.google.com/file/d/1yk9uZhQHsoyH7TZe-itiUfqHmUb76YJN/view
2026-03-21 17:05:34,899 [INFO   ] __main__ (main.py:117): Step 7/7: WhatsApp skipped (unified message from Ads Analyzer)
2026-03-21 17:05:34,899 [INFO   ] __main__ (main.py:120): ============================================================
2026-03-21 17:05:34,899 [INFO   ] __main__ (main.py:121): Pipeline complete in 37.6s - 769 orders -> P&L.xlsx
2026-03-21 17:05:34,899 [INFO   ] __main__ (main.py:123): ============================================================
2026-03-22 12:55:02,012 [INFO   ] __main__ (main.py:63): ============================================================
2026-03-22 12:55:02,014 [INFO   ] __main__ (main.py:64): Starting P&L pipeline
2026-03-22 12:55:02,014 [INFO   ] __main__ (main.py:65): Board ID: 2131896795 | Mode: INCLUDES_VAT | Currency: ILS
2026-03-22 12:55:02,014 [INFO   ] __main__ (main.py:67): ============================================================
2026-03-22 12:55:02,014 [INFO   ] __main__ (main.py:72): Step 1/4: Fetching items from Monday.com...
2026-03-22 12:55:02,015 [INFO   ] src.monday_client (monday_client.py:145): Fetching page 1 (cursor=START)...
2026-03-22 12:55:02,352 [INFO   ] __main__ (main.py:63): ============================================================
2026-03-22 12:55:02,352 [INFO   ] __main__ (main.py:64): Starting P&L pipeline
2026-03-22 12:55:02,354 [INFO   ] __main__ (main.py:65): Board ID: 2131896795 | Mode: INCLUDES_VAT | Currency: ILS
2026-03-22 12:55:02,354 [INFO   ] __main__ (main.py:67): ============================================================
2026-03-22 12:55:02,354 [INFO   ] __main__ (main.py:72): Step 1/4: Fetching items from Monday.com...
2026-03-22 12:55:02,354 [INFO   ] src.monday_client (monday_client.py:145): Fetching page 1 (cursor=START)...
2026-03-22 12:55:06,095 [INFO   ] src.monday_client (monday_client.py:162):   -> Got 100 items (total so far: 100)
2026-03-22 12:55:06,095 [INFO   ] src.monday_client (monday_client.py:145): Fetching page 2 (cursor=MSwyMTMxODk2Nzk1LGZGOHVJUkx5UFlUeEJHQnNHN1o0cCw3NzksMTAwLHw0MTcxNTk3OTU5)...
2026-03-22 12:55:06,162 [INFO   ] src.monday_client (monday_client.py:162):   -> Got 100 items (total so far: 100)
2026-03-22 12:55:06,162 [INFO   ] src.monday_client (monday_client.py:145): Fetching page 2 (cursor=MSwyMTMxODk2Nzk1LGVCaWtnTlNid3BZdVdzYWRHdmgzUyw3NzksMTAwLHwxMzczOTczMjc)...
2026-03-22 12:55:09,800 [INFO   ] src.monday_client (monday_client.py:162):   -> Got 100 items (total so far: 200)
2026-03-22 12:55:09,800 [INFO   ] src.monday_client (monday_client.py:145): Fetching page 3 (cursor=MSwyMTMxODk2Nzk1LGZGOHVJUkx5UFlUeEJHQnNHN1o0cCw3NzksMjAwLHwzOTI2OTI3MjA5)...
2026-03-22 12:55:09,867 [INFO   ] src.monday_client (monday_client.py:162):   -> Got 100 items (total so far: 200)
2026-03-22 12:55:09,867 [INFO   ] src.monday_client (monday_client.py:145): Fetching page 3 (cursor=MSwyMTMxODk2Nzk1LGVCaWtnTlNid3BZdVdzYWRHdmgzUyw3NzksMjAwLHw0NDQ5MzUwNzM)...
2026-03-22 12:55:13,344 [INFO   ] src.monday_client (monday_client.py:162):   -> Got 100 items (total so far: 300)
2026-03-22 12:55:13,344 [INFO   ] src.monday_client (monday_client.py:145): Fetching page 4 (cursor=MSwyMTMxODk2Nzk1LGVCaWtnTlNid3BZdVdzYWRHdmgzUyw3NzksMzAwLHwyNzIxNjY0MTk2)...
2026-03-22 12:55:13,446 [INFO   ] src.monday_client (monday_client.py:162):   -> Got 100 items (total so far: 300)
2026-03-22 12:55:13,448 [INFO   ] src.monday_client (monday_client.py:145): Fetching page 4 (cursor=MSwyMTMxODk2Nzk1LGZGOHVJUkx5UFlUeEJHQnNHN1o0cCw3NzksMzAwLHwxMzg3MDIwMzAw)...
2026-03-22 12:55:16,477 [INFO   ] src.monday_client (monday_client.py:162):   -> Got 100 items (total so far: 400)
2026-03-22 12:55:16,477 [INFO   ] src.monday_client (monday_client.py:145): Fetching page 5 (cursor=MSwyMTMxODk2Nzk1LGVCaWtnTlNid3BZdVdzYWRHdmgzUyw3NzksNDAwLHwxMDcyNTkxOTk3)...
2026-03-22 12:55:17,027 [INFO   ] src.monday_client (monday_client.py:162):   -> Got 100 items (total so far: 400)
2026-03-22 12:55:17,028 [INFO   ] src.monday_client (monday_client.py:145): Fetching page 5 (cursor=MSwyMTMxODk2Nzk1LGZGOHVJUkx5UFlUeEJHQnNHN1o0cCw3NzksNDAwLHwzNDgwOTc1NTQx)...
2026-03-22 12:55:19,621 [INFO   ] src.monday_client (monday_client.py:162):   -> Got 100 items (total so far: 500)
2026-03-22 12:55:19,621 [INFO   ] src.monday_client (monday_client.py:145): Fetching page 6 (cursor=MSwyMTMxODk2Nzk1LGVCaWtnTlNid3BZdVdzYWRHdmgzUyw3NzksNTAwLHwyMjcwMzAzMDAw)...
2026-03-22 12:55:20,464 [INFO   ] src.monday_client (monday_client.py:162):   -> Got 100 items (total so far: 500)
2026-03-22 12:55:20,464 [INFO   ] src.monday_client (monday_client.py:145): Fetching page 6 (cursor=MSwyMTMxODk2Nzk1LGZGOHVJUkx5UFlUeEJHQnNHN1o0cCw3NzksNTAwLHwyMDA5NTM4NTEy)...
2026-03-22 12:55:23,671 [INFO   ] src.monday_client (monday_client.py:162):   -> Got 100 items (total so far: 600)
2026-03-22 12:55:23,673 [INFO   ] src.monday_client (monday_client.py:145): Fetching page 7 (cursor=MSwyMTMxODk2Nzk1LGZGOHVJUkx5UFlUeEJHQnNHN1o0cCw3NzksNjAwLHwxNzAyMDE1MDM4)...
2026-03-22 12:55:23,870 [INFO   ] src.monday_client (monday_client.py:162):   -> Got 100 items (total so far: 600)
2026-03-22 12:55:23,870 [INFO   ] src.monday_client (monday_client.py:145): Fetching page 7 (cursor=MSwyMTMxODk2Nzk1LGVCaWtnTlNid3BZdVdzYWRHdmgzUyw3NzksNjAwLHwyNTE0OTkyMzc0)...
2026-03-22 12:55:27,132 [INFO   ] src.monday_client (monday_client.py:162):   -> Got 100 items (total so far: 700)
2026-03-22 12:55:27,132 [INFO   ] src.monday_client (monday_client.py:145): Fetching page 8 (cursor=MSwyMTMxODk2Nzk1LGVCaWtnTlNid3BZdVdzYWRHdmgzUyw3NzksNzAwLHw3NjA5OTQ3MDc)...
2026-03-22 12:55:27,234 [INFO   ] src.monday_client (monday_client.py:162):   -> Got 100 items (total so far: 700)
2026-03-22 12:55:27,235 [INFO   ] src.monday_client (monday_client.py:145): Fetching page 8 (cursor=MSwyMTMxODk2Nzk1LGZGOHVJUkx5UFlUeEJHQnNHN1o0cCw3NzksNzAwLHwzNzIxMzIwMjgz)...
2026-03-22 12:55:30,071 [INFO   ] src.monday_client (monday_client.py:162):   -> Got 79 items (total so far: 779)
2026-03-22 12:55:30,071 [INFO   ] src.monday_client (monday_client.py:168): Finished fetching. Total items: 779
2026-03-22 12:55:30,071 [INFO   ] __main__ (main.py:76): Step 2/4: Normalizing orders...
2026-03-22 12:55:30,082 [INFO   ] src.order_mapper (order_mapper.py:234): Normalized 779 / 779 items
2026-03-22 12:55:30,082 [INFO   ] __main__ (main.py:83): Step 3/7: Computing P&L...
2026-03-22 12:55:30,086 [INFO   ] src.pnl_engine (pnl_engine.py:105): Computed P&L for 779 / 779 orders
2026-03-22 12:55:30,086 [INFO   ] __main__ (main.py:87): Step 4/7: Fetching Facebook Ads data...
2026-03-22 12:55:30,343 [INFO   ] src.monday_client (monday_client.py:162):   -> Got 79 items (total so far: 779)
2026-03-22 12:55:30,343 [INFO   ] src.monday_client (monday_client.py:168): Finished fetching. Total items: 779
2026-03-22 12:55:30,343 [INFO   ] __main__ (main.py:76): Step 2/4: Normalizing orders...
2026-03-22 12:55:30,353 [INFO   ] src.order_mapper (order_mapper.py:234): Normalized 779 / 779 items
2026-03-22 12:55:30,354 [INFO   ] __main__ (main.py:83): Step 3/7: Computing P&L...
2026-03-22 12:55:30,356 [INFO   ] src.pnl_engine (pnl_engine.py:105): Computed P&L for 779 / 779 orders
2026-03-22 12:55:30,356 [INFO   ] __main__ (main.py:87): Step 4/7: Fetching Facebook Ads data...
2026-03-22 12:55:31,944 [INFO   ] src.facebook_ads (facebook_ads.py:120): Fetched 22 days of Facebook Ads data
2026-03-22 12:55:32,008 [INFO   ] src.facebook_ads (facebook_ads.py:120): Fetched 22 days of Facebook Ads data
2026-03-22 12:55:32,635 [INFO   ] src.facebook_ads (facebook_ads.py:120): Fetched 22 days of Facebook Ads data
2026-03-22 12:55:32,636 [INFO   ] __main__ (main.py:96): Ad spend this month: 13046.20
2026-03-22 12:55:32,636 [INFO   ] __main__ (main.py:101): Step 5/7: Writing Excel workbook...
2026-03-22 12:55:32,636 [INFO   ] src.excel_writer (excel_writer.py:959): Loading existing workbook: P&L.xlsx
2026-03-22 12:55:32,819 [INFO   ] src.facebook_ads (facebook_ads.py:120): Fetched 22 days of Facebook Ads data
2026-03-22 12:55:32,819 [INFO   ] __main__ (main.py:96): Ad spend this month: 13046.20
2026-03-22 12:55:32,820 [INFO   ] __main__ (main.py:101): Step 5/7: Writing Excel workbook...
2026-03-22 12:55:32,820 [INFO   ] src.excel_writer (excel_writer.py:959): Loading existing workbook: P&L.xlsx
2026-03-22 12:55:33,141 [INFO   ] src.excel_writer (excel_writer.py:229): Sheet 'הזמנות_גולמי': 769 updated, 10 inserted
2026-03-22 12:55:33,335 [INFO   ] src.excel_writer (excel_writer.py:229): Sheet 'הזמנות_גולמי': 769 updated, 10 inserted
2026-03-22 12:55:33,576 [INFO   ] src.excel_writer (excel_writer.py:334): Sheet 'חישוב': 779 orders in 7 months
2026-03-22 12:55:33,601 [INFO   ] src.excel_writer (excel_writer.py:1010): No duplicate order_ids in Calc sheet.
2026-03-22 12:55:33,755 [INFO   ] src.excel_writer (excel_writer.py:988): Workbook saved: P&L.xlsx (779 orders)
2026-03-22 12:55:33,755 [INFO   ] __main__ (main.py:106): Step 6/7: Uploading to Google Drive...
2026-03-22 12:55:33,772 [INFO   ] src.excel_writer (excel_writer.py:334): Sheet 'חישוב': 779 orders in 7 months
2026-03-22 12:55:33,797 [INFO   ] src.excel_writer (excel_writer.py:1010): No duplicate order_ids in Calc sheet.
2026-03-22 12:55:33,949 [INFO   ] src.excel_writer (excel_writer.py:988): Workbook saved: P&L.xlsx (779 orders)
2026-03-22 12:55:33,949 [INFO   ] __main__ (main.py:106): Step 6/7: Uploading to Google Drive...
2026-03-22 12:55:34,207 [INFO   ] src.drive_uploader (drive_uploader.py:43): Refreshing Drive token...
2026-03-22 12:55:34,258 [INFO   ] src.drive_uploader (drive_uploader.py:43): Refreshing Drive token...
2026-03-22 12:55:34,454 [INFO   ] src.drive_uploader (drive_uploader.py:64): Drive token saved: C:\Users\amith\ads-dashboard\monday-pnl\drive_token.json
2026-03-22 12:55:34,455 [INFO   ] googleapiclient.discovery_cache (__init__.py:49): file_cache is only supported with oauth2client<4.0.0
2026-03-22 12:55:34,493 [INFO   ] src.drive_uploader (drive_uploader.py:64): Drive token saved: C:\Users\amith\ads-dashboard\monday-pnl\drive_token.json
2026-03-22 12:55:34,495 [INFO   ] googleapiclient.discovery_cache (__init__.py:49): file_cache is only supported with oauth2client<4.0.0
2026-03-22 12:55:35,183 [INFO   ] src.drive_uploader (drive_uploader.py:80): Found Drive folder 'OneZoneJersey P&L' (ID: 1khCm1hAcwdCqo_R5Fs3OzOLZPEdDdRx_)
2026-03-22 12:55:35,211 [INFO   ] src.drive_uploader (drive_uploader.py:80): Found Drive folder 'OneZoneJersey P&L' (ID: 1khCm1hAcwdCqo_R5Fs3OzOLZPEdDdRx_)
2026-03-22 12:55:37,612 [INFO   ] src.drive_uploader (drive_uploader.py:124): Updated 'P&L.xlsx' on Drive (ID: 1yk9uZhQHsoyH7TZe-itiUfqHmUb76YJN)
2026-03-22 12:55:37,613 [INFO   ] src.drive_uploader (drive_uploader.py:149): Drive link: https://drive.google.com/file/d/1yk9uZhQHsoyH7TZe-itiUfqHmUb76YJN/view
2026-03-22 12:55:37,613 [INFO   ] __main__ (main.py:110): Drive link: https://drive.google.com/file/d/1yk9uZhQHsoyH7TZe-itiUfqHmUb76YJN/view
2026-03-22 12:55:37,614 [INFO   ] __main__ (main.py:117): Step 7/7: WhatsApp skipped (unified message from Ads Analyzer)
2026-03-22 12:55:37,614 [INFO   ] __main__ (main.py:120): ============================================================
2026-03-22 12:55:37,614 [INFO   ] __main__ (main.py:121): Pipeline complete in 35.6s - 779 orders -> P&L.xlsx
2026-03-22 12:55:37,614 [INFO   ] __main__ (main.py:123): ============================================================
2026-03-22 12:55:41,062 [INFO   ] src.drive_uploader (drive_uploader.py:124): Updated 'P&L.xlsx' on Drive (ID: 1yk9uZhQHsoyH7TZe-itiUfqHmUb76YJN)
2026-03-22 12:55:41,062 [INFO   ] src.drive_uploader (drive_uploader.py:149): Drive link: https://drive.google.com/file/d/1yk9uZhQHsoyH7TZe-itiUfqHmUb76YJN/view
2026-03-22 12:55:41,062 [INFO   ] __main__ (main.py:110): Drive link: https://drive.google.com/file/d/1yk9uZhQHsoyH7TZe-itiUfqHmUb76YJN/view
2026-03-22 12:55:41,064 [INFO   ] __main__ (main.py:117): Step 7/7: WhatsApp skipped (unified message from Ads Analyzer)
2026-03-22 12:55:41,064 [INFO   ] __main__ (main.py:120): ============================================================
2026-03-22 12:55:41,064 [INFO   ] __main__ (main.py:121): Pipeline complete in 38.7s - 779 orders -> P&L.xlsx
2026-03-22 12:55:41,064 [INFO   ] __main__ (main.py:123): ============================================================
2026-03-23 13:14:35,258 [INFO   ] __main__ (main.py:63): ============================================================
2026-03-23 13:14:35,259 [INFO   ] __main__ (main.py:64): Starting P&L pipeline
2026-03-23 13:14:35,259 [INFO   ] __main__ (main.py:65): Board ID: 2131896795 | Mode: INCLUDES_VAT | Currency: ILS
2026-03-23 13:14:35,259 [INFO   ] __main__ (main.py:67): ============================================================
2026-03-23 13:14:35,259 [INFO   ] __main__ (main.py:72): Step 1/4: Fetching items from Monday.com...
2026-03-23 13:14:35,259 [INFO   ] src.monday_client (monday_client.py:145): Fetching page 1 (cursor=START)...
2026-03-23 13:14:40,041 [INFO   ] src.monday_client (monday_client.py:162):   -> Got 100 items (total so far: 100)
2026-03-23 13:14:40,041 [INFO   ] src.monday_client (monday_client.py:145): Fetching page 2 (cursor=MSwyMTMxODk2Nzk1LE1DUFVJTkN2bGdncjVpRHBteEVmVCw3OTMsMTAwLHw3MzUxNTkyMzM)...
2026-03-23 13:14:44,386 [INFO   ] src.monday_client (monday_client.py:162):   -> Got 100 items (total so far: 200)
2026-03-23 13:14:44,386 [INFO   ] src.monday_client (monday_client.py:145): Fetching page 3 (cursor=MSwyMTMxODk2Nzk1LE1DUFVJTkN2bGdncjVpRHBteEVmVCw3OTMsMjAwLHw5NjI4NTgwMzE)...
2026-03-23 13:14:47,706 [INFO   ] src.monday_client (monday_client.py:162):   -> Got 100 items (total so far: 300)
2026-03-23 13:14:47,706 [INFO   ] src.monday_client (monday_client.py:145): Fetching page 4 (cursor=MSwyMTMxODk2Nzk1LE1DUFVJTkN2bGdncjVpRHBteEVmVCw3OTMsMzAwLHwyMTc4NDQ0MTA2)...
2026-03-23 13:14:50,924 [INFO   ] src.monday_client (monday_client.py:162):   -> Got 100 items (total so far: 400)
2026-03-23 13:14:50,926 [INFO   ] src.monday_client (monday_client.py:145): Fetching page 5 (cursor=MSwyMTMxODk2Nzk1LE1DUFVJTkN2bGdncjVpRHBteEVmVCw3OTMsNDAwLHw0NzA3NjY1Nzk)...
2026-03-23 13:14:54,628 [INFO   ] src.monday_client (monday_client.py:162):   -> Got 100 items (total so far: 500)
2026-03-23 13:14:54,628 [INFO   ] src.monday_client (monday_client.py:145): Fetching page 6 (cursor=MSwyMTMxODk2Nzk1LE1DUFVJTkN2bGdncjVpRHBteEVmVCw3OTMsNTAwLHwyNzYzMjA3ODMw)...
2026-03-23 13:14:58,107 [INFO   ] src.monday_client (monday_client.py:162):   -> Got 100 items (total so far: 600)
2026-03-23 13:14:58,107 [INFO   ] src.monday_client (monday_client.py:145): Fetching page 7 (cursor=MSwyMTMxODk2Nzk1LE1DUFVJTkN2bGdncjVpRHBteEVmVCw3OTMsNjAwLHwzMDUzODg2MzI4)...
2026-03-23 13:15:02,303 [INFO   ] src.monday_client (monday_client.py:162):   -> Got 100 items (total so far: 700)
2026-03-23 13:15:02,303 [INFO   ] src.monday_client (monday_client.py:145): Fetching page 8 (cursor=MSwyMTMxODk2Nzk1LE1DUFVJTkN2bGdncjVpRHBteEVmVCw3OTMsNzAwLHwyNDcxMzUyNjE)...
2026-03-23 13:15:05,298 [INFO   ] src.monday_client (monday_client.py:162):   -> Got 93 items (total so far: 793)
2026-03-23 13:15:05,299 [INFO   ] src.monday_client (monday_client.py:168): Finished fetching. Total items: 793
2026-03-23 13:15:05,299 [INFO   ] __main__ (main.py:76): Step 2/4: Normalizing orders...
2026-03-23 13:15:05,307 [INFO   ] src.order_mapper (order_mapper.py:234): Normalized 793 / 793 items
2026-03-23 13:15:05,309 [INFO   ] __main__ (main.py:83): Step 3/7: Computing P&L...
2026-03-23 13:15:05,310 [INFO   ] src.pnl_engine (pnl_engine.py:105): Computed P&L for 793 / 793 orders
2026-03-23 13:15:05,310 [INFO   ] __main__ (main.py:87): Step 4/7: Fetching Facebook Ads data...
2026-03-23 13:15:07,624 [INFO   ] src.facebook_ads (facebook_ads.py:120): Fetched 23 days of Facebook Ads data
2026-03-23 13:15:08,298 [INFO   ] src.facebook_ads (facebook_ads.py:120): Fetched 23 days of Facebook Ads data
2026-03-23 13:15:08,299 [INFO   ] __main__ (main.py:96): Ad spend this month: 14251.50
2026-03-23 13:15:08,299 [INFO   ] __main__ (main.py:101): Step 5/7: Writing Excel workbook...
2026-03-23 13:15:08,299 [INFO   ] src.excel_writer (excel_writer.py:959): Loading existing workbook: P&L.xlsx
2026-03-23 13:15:08,793 [INFO   ] src.excel_writer (excel_writer.py:229): Sheet 'הזמנות_גולמי': 779 updated, 14 inserted
2026-03-23 13:15:09,209 [INFO   ] src.excel_writer (excel_writer.py:334): Sheet 'חישוב': 793 orders in 7 months
2026-03-23 13:15:09,233 [INFO   ] src.excel_writer (excel_writer.py:1010): No duplicate order_ids in Calc sheet.
2026-03-23 13:15:09,383 [INFO   ] src.excel_writer (excel_writer.py:988): Workbook saved: P&L.xlsx (793 orders)
2026-03-23 13:15:09,383 [INFO   ] __main__ (main.py:106): Step 6/7: Uploading to Google Drive...
2026-03-23 13:15:10,201 [INFO   ] src.drive_uploader (drive_uploader.py:43): Refreshing Drive token...
2026-03-23 13:15:10,429 [INFO   ] src.drive_uploader (drive_uploader.py:64): Drive token saved: C:\Users\amith\ads-dashboard\monday-pnl\drive_token.json
2026-03-23 13:15:10,432 [INFO   ] googleapiclient.discovery_cache (__init__.py:49): file_cache is only supported with oauth2client<4.0.0
2026-03-23 13:15:11,157 [INFO   ] src.drive_uploader (drive_uploader.py:80): Found Drive folder 'OneZoneJersey P&L' (ID: 1khCm1hAcwdCqo_R5Fs3OzOLZPEdDdRx_)
2026-03-23 13:15:13,792 [INFO   ] src.drive_uploader (drive_uploader.py:124): Updated 'P&L.xlsx' on Drive (ID: 1yk9uZhQHsoyH7TZe-itiUfqHmUb76YJN)
2026-03-23 13:15:13,792 [INFO   ] src.drive_uploader (drive_uploader.py:149): Drive link: https://drive.google.com/file/d/1yk9uZhQHsoyH7TZe-itiUfqHmUb76YJN/view
2026-03-23 13:15:13,792 [INFO   ] __main__ (main.py:110): Drive link: https://drive.google.com/file/d/1yk9uZhQHsoyH7TZe-itiUfqHmUb76YJN/view
2026-03-23 13:15:13,792 [INFO   ] __main__ (main.py:117): Step 7/7: WhatsApp skipped (unified message from Ads Analyzer)
2026-03-23 13:15:13,792 [INFO   ] __main__ (main.py:120): ============================================================
2026-03-23 13:15:13,792 [INFO   ] __main__ (main.py:121): Pipeline complete in 38.5s - 793 orders -> P&L.xlsx
2026-03-23 13:15:13,792 [INFO   ] __main__ (main.py:123): ============================================================
2026-03-24 07:47:02,768 [INFO   ] __main__ (main.py:63): ============================================================
2026-03-24 07:47:02,769 [INFO   ] __main__ (main.py:64): Starting P&L pipeline
2026-03-24 07:47:02,769 [INFO   ] __main__ (main.py:65): Board ID: 2131896795 | Mode: INCLUDES_VAT | Currency: ILS
2026-03-24 07:47:02,769 [INFO   ] __main__ (main.py:67): ============================================================
2026-03-24 07:47:02,769 [INFO   ] __main__ (main.py:72): Step 1/4: Fetching items from Monday.com...
2026-03-24 07:47:02,769 [INFO   ] src.monday_client (monday_client.py:145): Fetching page 1 (cursor=START)...
2026-03-24 07:47:07,565 [INFO   ] src.monday_client (monday_client.py:162):   -> Got 100 items (total so far: 100)
2026-03-24 07:47:07,565 [INFO   ] src.monday_client (monday_client.py:145): Fetching page 2 (cursor=MSwyMTMxODk2Nzk1LEl0UGhXTFh2WlZiR0dNaUpXZWJyMSw4MDIsMTAwLHwyOTI2NTg5MTA5)...
2026-03-24 07:47:11,648 [INFO   ] src.monday_client (monday_client.py:162):   -> Got 100 items (total so far: 200)
2026-03-24 07:47:11,648 [INFO   ] src.monday_client (monday_client.py:145): Fetching page 3 (cursor=MSwyMTMxODk2Nzk1LEl0UGhXTFh2WlZiR0dNaUpXZWJyMSw4MDIsMjAwLHwzMTY3MDY2OTcx)...
2026-03-24 07:47:14,997 [INFO   ] src.monday_client (monday_client.py:162):   -> Got 100 items (total so far: 300)
2026-03-24 07:47:14,997 [INFO   ] src.monday_client (monday_client.py:145): Fetching page 4 (cursor=MSwyMTMxODk2Nzk1LEl0UGhXTFh2WlZiR0dNaUpXZWJyMSw4MDIsMzAwLHw3NTEwMzI5NA)...
2026-03-24 07:47:18,715 [INFO   ] src.monday_client (monday_client.py:162):   -> Got 100 items (total so far: 400)
2026-03-24 07:47:18,715 [INFO   ] src.monday_client (monday_client.py:145): Fetching page 5 (cursor=MSwyMTMxODk2Nzk1LEl0UGhXTFh2WlZiR0dNaUpXZWJyMSw4MDIsNDAwLHwyNTc4MzY3NjIz)...
2026-03-24 07:47:21,868 [INFO   ] src.monday_client (monday_client.py:162):   -> Got 100 items (total so far: 500)
2026-03-24 07:47:21,868 [INFO   ] src.monday_client (monday_client.py:145): Fetching page 6 (cursor=MSwyMTMxODk2Nzk1LEl0UGhXTFh2WlZiR0dNaUpXZWJyMSw4MDIsNTAwLHw1NTQ4Njk3MzA)...
2026-03-24 07:47:25,247 [INFO   ] src.monday_client (monday_client.py:162):   -> Got 100 items (total so far: 600)
2026-03-24 07:47:25,247 [INFO   ] src.monday_client (monday_client.py:145): Fetching page 7 (cursor=MSwyMTMxODk2Nzk1LEl0UGhXTFh2WlZiR0dNaUpXZWJyMSw4MDIsNjAwLHw4NjY1ODU2MTI)...
2026-03-24 07:47:28,716 [INFO   ] src.monday_client (monday_client.py:162):   -> Got 100 items (total so far: 700)
2026-03-24 07:47:28,716 [INFO   ] src.monday_client (monday_client.py:145): Fetching page 8 (cursor=MSwyMTMxODk2Nzk1LEl0UGhXTFh2WlZiR0dNaUpXZWJyMSw4MDIsNzAwLHwyMzMzODI5OTkz)...
2026-03-24 07:47:32,576 [INFO   ] src.monday_client (monday_client.py:162):   -> Got 100 items (total so far: 800)
2026-03-24 07:47:32,577 [INFO   ] src.monday_client (monday_client.py:145): Fetching page 9 (cursor=MSwyMTMxODk2Nzk1LEl0UGhXTFh2WlZiR0dNaUpXZWJyMSw4MDIsODAwLHwzNTQ3ODg4NDQ3)...
2026-03-24 07:47:33,538 [INFO   ] src.monday_client (monday_client.py:162):   -> Got 2 items (total so far: 802)
2026-03-24 07:47:33,538 [INFO   ] src.monday_client (monday_client.py:168): Finished fetching. Total items: 802
2026-03-24 07:47:33,539 [INFO   ] __main__ (main.py:76): Step 2/4: Normalizing orders...
2026-03-24 07:47:33,550 [INFO   ] src.order_mapper (order_mapper.py:234): Normalized 802 / 802 items
2026-03-24 07:47:33,550 [INFO   ] __main__ (main.py:83): Step 3/7: Computing P&L...
2026-03-24 07:47:33,551 [INFO   ] src.pnl_engine (pnl_engine.py:105): Computed P&L for 802 / 802 orders
2026-03-24 07:47:33,553 [INFO   ] __main__ (main.py:87): Step 4/7: Fetching Facebook Ads data...
2026-03-24 07:47:35,533 [INFO   ] src.facebook_ads (facebook_ads.py:120): Fetched 24 days of Facebook Ads data
2026-03-24 07:47:36,379 [INFO   ] src.facebook_ads (facebook_ads.py:120): Fetched 24 days of Facebook Ads data
2026-03-24 07:47:36,379 [INFO   ] __main__ (main.py:96): Ad spend this month: 15022.64
2026-03-24 07:47:36,379 [INFO   ] __main__ (main.py:101): Step 5/7: Writing Excel workbook...
2026-03-24 07:47:36,379 [INFO   ] src.excel_writer (excel_writer.py:959): Loading existing workbook: P&L.xlsx
2026-03-24 07:47:36,878 [INFO   ] src.excel_writer (excel_writer.py:229): Sheet 'הזמנות_גולמי': 793 updated, 9 inserted
2026-03-24 07:47:37,300 [INFO   ] src.excel_writer (excel_writer.py:334): Sheet 'חישוב': 802 orders in 7 months
2026-03-24 07:47:37,325 [INFO   ] src.excel_writer (excel_writer.py:1010): No duplicate order_ids in Calc sheet.
2026-03-24 07:47:37,476 [INFO   ] src.excel_writer (excel_writer.py:988): Workbook saved: P&L.xlsx (802 orders)
2026-03-24 07:47:37,476 [INFO   ] __main__ (main.py:106): Step 6/7: Uploading to Google Drive...
2026-03-24 07:47:38,241 [INFO   ] src.drive_uploader (drive_uploader.py:43): Refreshing Drive token...
2026-03-24 07:47:38,496 [INFO   ] src.drive_uploader (drive_uploader.py:64): Drive token saved: C:\Users\amith\ads-dashboard\monday-pnl\drive_token.json
2026-03-24 07:47:38,497 [INFO   ] googleapiclient.discovery_cache (__init__.py:49): file_cache is only supported with oauth2client<4.0.0
2026-03-24 07:47:39,230 [INFO   ] src.drive_uploader (drive_uploader.py:80): Found Drive folder 'OneZoneJersey P&L' (ID: 1khCm1hAcwdCqo_R5Fs3OzOLZPEdDdRx_)
2026-03-24 07:47:42,398 [INFO   ] src.drive_uploader (drive_uploader.py:124): Updated 'P&L.xlsx' on Drive (ID: 1yk9uZhQHsoyH7TZe-itiUfqHmUb76YJN)
2026-03-24 07:47:42,398 [INFO   ] src.drive_uploader (drive_uploader.py:149): Drive link: https://drive.google.com/file/d/1yk9uZhQHsoyH7TZe-itiUfqHmUb76YJN/view
2026-03-24 07:47:42,398 [INFO   ] __main__ (main.py:110): Drive link: https://drive.google.com/file/d/1yk9uZhQHsoyH7TZe-itiUfqHmUb76YJN/view
2026-03-24 07:47:42,398 [INFO   ] __main__ (main.py:117): Step 7/7: WhatsApp skipped (unified message from Ads Analyzer)
2026-03-24 07:47:42,400 [INFO   ] __main__ (main.py:120): ============================================================
2026-03-24 07:47:42,400 [INFO   ] __main__ (main.py:121): Pipeline complete in 39.6s - 802 orders -> P&L.xlsx
2026-03-24 07:47:42,400 [INFO   ] __main__ (main.py:123): ============================================================
2026-03-24 12:55:02,680 [INFO   ] __main__ (main.py:63): ============================================================
2026-03-24 12:55:02,680 [INFO   ] __main__ (main.py:64): Starting P&L pipeline
2026-03-24 12:55:02,681 [INFO   ] __main__ (main.py:65): Board ID: 2131896795 | Mode: INCLUDES_VAT | Currency: ILS
2026-03-24 12:55:02,681 [INFO   ] __main__ (main.py:67): ============================================================
2026-03-24 12:55:02,681 [INFO   ] __main__ (main.py:72): Step 1/4: Fetching items from Monday.com...
2026-03-24 12:55:02,681 [INFO   ] src.monday_client (monday_client.py:145): Fetching page 1 (cursor=START)...
2026-03-24 12:55:02,682 [INFO   ] __main__ (main.py:63): ============================================================
2026-03-24 12:55:02,683 [INFO   ] __main__ (main.py:64): Starting P&L pipeline
2026-03-24 12:55:02,683 [INFO   ] __main__ (main.py:65): Board ID: 2131896795 | Mode: INCLUDES_VAT | Currency: ILS
2026-03-24 12:55:02,683 [INFO   ] __main__ (main.py:67): ============================================================
2026-03-24 12:55:02,683 [INFO   ] __main__ (main.py:72): Step 1/4: Fetching items from Monday.com...
2026-03-24 12:55:02,683 [INFO   ] src.monday_client (monday_client.py:145): Fetching page 1 (cursor=START)...
2026-03-24 12:55:07,665 [INFO   ] src.monday_client (monday_client.py:162):   -> Got 100 items (total so far: 100)
2026-03-24 12:55:07,665 [INFO   ] src.monday_client (monday_client.py:145): Fetching page 2 (cursor=MSwyMTMxODk2Nzk1LEMwWU04UW94bmpoRTBGSU5sSVdidCw4MDQsMTAwLHw4OTU3MTcyMTI)...
2026-03-24 12:55:08,295 [INFO   ] src.monday_client (monday_client.py:162):   -> Got 100 items (total so far: 100)
2026-03-24 12:55:08,295 [INFO   ] src.monday_client (monday_client.py:145): Fetching page 2 (cursor=MSwyMTMxODk2Nzk1LHNWSHhjd25SWlgySzZ2YU1CcjM3NSw4MDQsMTAwLHwzMTIxODYxNDM4)...
2026-03-24 12:55:12,431 [INFO   ] src.monday_client (monday_client.py:162):   -> Got 100 items (total so far: 200)
2026-03-24 12:55:12,431 [INFO   ] src.monday_client (monday_client.py:145): Fetching page 3 (cursor=MSwyMTMxODk2Nzk1LHNWSHhjd25SWlgySzZ2YU1CcjM3NSw4MDQsMjAwLHwyODI5NDgzMjE2)...
2026-03-24 12:55:13,657 [INFO   ] src.monday_client (monday_client.py:162):   -> Got 100 items (total so far: 200)
2026-03-24 12:55:13,657 [INFO   ] src.monday_client (monday_client.py:145): Fetching page 3 (cursor=MSwyMTMxODk2Nzk1LEMwWU04UW94bmpoRTBGSU5sSVdidCw4MDQsMjAwLHw2NjgzNDQ0OTg)...
2026-03-24 12:55:16,064 [INFO   ] src.monday_client (monday_client.py:162):   -> Got 100 items (total so far: 300)
2026-03-24 12:55:16,064 [INFO   ] src.monday_client (monday_client.py:145): Fetching page 4 (cursor=MSwyMTMxODk2Nzk1LHNWSHhjd25SWlgySzZ2YU1CcjM3NSw4MDQsMzAwLHwyNzAxNDY0ODU)...
2026-03-24 12:55:17,167 [INFO   ] src.monday_client (monday_client.py:162):   -> Got 100 items (total so far: 300)
2026-03-24 12:55:17,167 [INFO   ] src.monday_client (monday_client.py:145): Fetching page 4 (cursor=MSwyMTMxODk2Nzk1LEMwWU04UW94bmpoRTBGSU5sSVdidCw4MDQsMzAwLHwyNjc0NTQyNTUx)...
2026-03-24 12:55:20,372 [INFO   ] src.monday_client (monday_client.py:162):   -> Got 100 items (total so far: 400)
2026-03-24 12:55:20,372 [INFO   ] src.monday_client (monday_client.py:145): Fetching page 5 (cursor=MSwyMTMxODk2Nzk1LEMwWU04UW94bmpoRTBGSU5sSVdidCw4MDQsNDAwLHw0NTk3MzM1OA)...
2026-03-24 12:55:20,475 [INFO   ] src.monday_client (monday_client.py:162):   -> Got 100 items (total so far: 400)
2026-03-24 12:55:20,475 [INFO   ] src.monday_client (monday_client.py:145): Fetching page 5 (cursor=MSwyMTMxODk2Nzk1LHNWSHhjd25SWlgySzZ2YU1CcjM3NSw4MDQsNDAwLHwyMzc5MDMxMzA4)...
2026-03-24 12:55:24,517 [INFO   ] src.monday_client (monday_client.py:162):   -> Got 100 items (total so far: 500)
2026-03-24 12:55:24,517 [INFO   ] src.monday_client (monday_client.py:145): Fetching page 6 (cursor=MSwyMTMxODk2Nzk1LHNWSHhjd25SWlgySzZ2YU1CcjM3NSw4MDQsNTAwLHw4OTY2MTU1Mjk)...
2026-03-24 12:55:24,750 [INFO   ] src.monday_client (monday_client.py:162):   -> Got 100 items (total so far: 500)
2026-03-24 12:55:24,750 [INFO   ] src.monday_client (monday_client.py:145): Fetching page 6 (cursor=MSwyMTMxODk2Nzk1LEMwWU04UW94bmpoRTBGSU5sSVdidCw4MDQsNTAwLHwzMTIwNjMzODY3)...
2026-03-24 12:55:28,099 [INFO   ] src.monday_client (monday_client.py:162):   -> Got 100 items (total so far: 600)
2026-03-24 12:55:28,099 [INFO   ] src.monday_client (monday_client.py:145): Fetching page 7 (cursor=MSwyMTMxODk2Nzk1LHNWSHhjd25SWlgySzZ2YU1CcjM3NSw4MDQsNjAwLHw2NjcyMTY3NzU)...
2026-03-24 12:55:28,415 [INFO   ] src.monday_client (monday_client.py:162):   -> Got 100 items (total so far: 600)
2026-03-24 12:55:28,415 [INFO   ] src.monday_client (monday_client.py:145): Fetching page 7 (cursor=MSwyMTMxODk2Nzk1LEMwWU04UW94bmpoRTBGSU5sSVdidCw4MDQsNjAwLHwyODMwNDE1ODQ1)...
2026-03-24 12:55:31,890 [INFO   ] src.monday_client (monday_client.py:162):   -> Got 100 items (total so far: 700)
2026-03-24 12:55:31,890 [INFO   ] src.monday_client (monday_client.py:145): Fetching page 8 (cursor=MSwyMTMxODk2Nzk1LHNWSHhjd25SWlgySzZ2YU1CcjM3NSw4MDQsNzAwLHwyNjc1NDc3NzMw)...
2026-03-24 12:55:32,405 [INFO   ] src.monday_client (monday_client.py:162):   -> Got 100 items (total so far: 700)
2026-03-24 12:55:32,405 [INFO   ] src.monday_client (monday_client.py:145): Fetching page 8 (cursor=MSwyMTMxODk2Nzk1LEMwWU04UW94bmpoRTBGSU5sSVdidCw4MDQsNzAwLHwyNjkwMTMxMjA)...
2026-03-24 12:55:35,526 [INFO   ] src.monday_client (monday_client.py:162):   -> Got 100 items (total so far: 800)
2026-03-24 12:55:35,527 [INFO   ] src.monday_client (monday_client.py:145): Fetching page 9 (cursor=MSwyMTMxODk2Nzk1LHNWSHhjd25SWlgySzZ2YU1CcjM3NSw4MDQsODAwLHwzMzQwNDc1NTcy)...
2026-03-24 12:55:36,748 [INFO   ] src.monday_client (monday_client.py:162):   -> Got 4 items (total so far: 804)
2026-03-24 12:55:36,749 [INFO   ] src.monday_client (monday_client.py:168): Finished fetching. Total items: 804
2026-03-24 12:55:36,749 [INFO   ] __main__ (main.py:76): Step 2/4: Normalizing orders...
2026-03-24 12:55:36,761 [INFO   ] src.order_mapper (order_mapper.py:234): Normalized 804 / 804 items
2026-03-24 12:55:36,762 [INFO   ] __main__ (main.py:83): Step 3/7: Computing P&L...
2026-03-24 12:55:36,764 [INFO   ] src.pnl_engine (pnl_engine.py:105): Computed P&L for 804 / 804 orders
2026-03-24 12:55:36,764 [INFO   ] __main__ (main.py:87): Step 4/7: Fetching Facebook Ads data...
2026-03-24 12:55:36,856 [INFO   ] src.monday_client (monday_client.py:162):   -> Got 100 items (total so far: 800)
2026-03-24 12:55:36,856 [INFO   ] src.monday_client (monday_client.py:145): Fetching page 9 (cursor=MSwyMTMxODk2Nzk1LEMwWU04UW94bmpoRTBGSU5sSVdidCw4MDQsODAwLHwxMjE1MDIxMjcw)...
2026-03-24 12:55:37,970 [INFO   ] src.monday_client (monday_client.py:162):   -> Got 4 items (total so far: 804)
2026-03-24 12:55:37,970 [INFO   ] src.monday_client (monday_client.py:168): Finished fetching. Total items: 804
2026-03-24 12:55:37,970 [INFO   ] __main__ (main.py:76): Step 2/4: Normalizing orders...
2026-03-24 12:55:37,981 [INFO   ] src.order_mapper (order_mapper.py:234): Normalized 804 / 804 items
2026-03-24 12:55:37,981 [INFO   ] __main__ (main.py:83): Step 3/7: Computing P&L...
2026-03-24 12:55:37,984 [INFO   ] src.pnl_engine (pnl_engine.py:105): Computed P&L for 804 / 804 orders
2026-03-24 12:55:37,984 [INFO   ] __main__ (main.py:87): Step 4/7: Fetching Facebook Ads data...
2026-03-24 12:55:39,022 [INFO   ] src.facebook_ads (facebook_ads.py:120): Fetched 24 days of Facebook Ads data
2026-03-24 12:55:39,631 [INFO   ] src.facebook_ads (facebook_ads.py:120): Fetched 24 days of Facebook Ads data
2026-03-24 12:55:39,631 [INFO   ] __main__ (main.py:96): Ad spend this month: 15361.98
2026-03-24 12:55:39,631 [INFO   ] __main__ (main.py:101): Step 5/7: Writing Excel workbook...
2026-03-24 12:55:39,631 [INFO   ] src.excel_writer (excel_writer.py:959): Loading existing workbook: P&L.xlsx
2026-03-24 12:55:40,165 [INFO   ] src.excel_writer (excel_writer.py:229): Sheet 'הזמנות_גולמי': 802 updated, 2 inserted
2026-03-24 12:55:40,608 [INFO   ] src.facebook_ads (facebook_ads.py:120): Fetched 24 days of Facebook Ads data
2026-03-24 12:55:40,618 [INFO   ] src.excel_writer (excel_writer.py:334): Sheet 'חישוב': 804 orders in 7 months
2026-03-24 12:55:40,645 [INFO   ] src.excel_writer (excel_writer.py:1010): No duplicate order_ids in Calc sheet.
2026-03-24 12:55:40,807 [INFO   ] src.excel_writer (excel_writer.py:988): Workbook saved: P&L.xlsx (804 orders)
2026-03-24 12:55:40,807 [INFO   ] __main__ (main.py:106): Step 6/7: Uploading to Google Drive...
2026-03-24 12:55:41,135 [INFO   ] src.facebook_ads (facebook_ads.py:120): Fetched 24 days of Facebook Ads data
2026-03-24 12:55:41,135 [INFO   ] __main__ (main.py:96): Ad spend this month: 15361.98
2026-03-24 12:55:41,135 [INFO   ] __main__ (main.py:101): Step 5/7: Writing Excel workbook...
2026-03-24 12:55:41,135 [INFO   ] src.excel_writer (excel_writer.py:959): Loading existing workbook: P&L.xlsx
2026-03-24 12:55:41,149 [INFO   ] src.drive_uploader (drive_uploader.py:43): Refreshing Drive token...
2026-03-24 12:55:41,400 [INFO   ] src.drive_uploader (drive_uploader.py:64): Drive token saved: C:\Users\amith\ads-dashboard\monday-pnl\drive_token.json
2026-03-24 12:55:41,401 [INFO   ] googleapiclient.discovery_cache (__init__.py:49): file_cache is only supported with oauth2client<4.0.0
2026-03-24 12:55:41,772 [INFO   ] src.excel_writer (excel_writer.py:229): Sheet 'הזמנות_גולמי': 804 updated, 0 inserted
2026-03-24 12:55:42,220 [INFO   ] src.drive_uploader (drive_uploader.py:80): Found Drive folder 'OneZoneJersey P&L' (ID: 1khCm1hAcwdCqo_R5Fs3OzOLZPEdDdRx_)
2026-03-24 12:55:42,270 [INFO   ] src.excel_writer (excel_writer.py:334): Sheet 'חישוב': 804 orders in 7 months
2026-03-24 12:55:42,298 [INFO   ] src.excel_writer (excel_writer.py:1010): No duplicate order_ids in Calc sheet.
2026-03-24 12:55:42,468 [INFO   ] src.excel_writer (excel_writer.py:988): Workbook saved: P&L.xlsx (804 orders)
2026-03-24 12:55:42,468 [INFO   ] __main__ (main.py:106): Step 6/7: Uploading to Google Drive...
2026-03-24 12:55:42,814 [INFO   ] src.drive_uploader (drive_uploader.py:43): Refreshing Drive token...
2026-03-24 12:55:43,041 [INFO   ] src.drive_uploader (drive_uploader.py:64): Drive token saved: C:\Users\amith\ads-dashboard\monday-pnl\drive_token.json
2026-03-24 12:55:43,042 [INFO   ] googleapiclient.discovery_cache (__init__.py:49): file_cache is only supported with oauth2client<4.0.0
2026-03-24 12:55:43,801 [INFO   ] src.drive_uploader (drive_uploader.py:80): Found Drive folder 'OneZoneJersey P&L' (ID: 1khCm1hAcwdCqo_R5Fs3OzOLZPEdDdRx_)
2026-03-24 12:55:44,579 [INFO   ] src.drive_uploader (drive_uploader.py:124): Updated 'P&L.xlsx' on Drive (ID: 1yk9uZhQHsoyH7TZe-itiUfqHmUb76YJN)
2026-03-24 12:55:44,579 [INFO   ] src.drive_uploader (drive_uploader.py:149): Drive link: https://drive.google.com/file/d/1yk9uZhQHsoyH7TZe-itiUfqHmUb76YJN/view
2026-03-24 12:55:44,579 [INFO   ] __main__ (main.py:110): Drive link: https://drive.google.com/file/d/1yk9uZhQHsoyH7TZe-itiUfqHmUb76YJN/view
2026-03-24 12:55:44,579 [INFO   ] __main__ (main.py:117): Step 7/7: WhatsApp skipped (unified message from Ads Analyzer)
2026-03-24 12:55:44,580 [INFO   ] __main__ (main.py:120): ============================================================
2026-03-24 12:55:44,580 [INFO   ] __main__ (main.py:121): Pipeline complete in 41.9s - 804 orders -> P&L.xlsx
2026-03-24 12:55:44,580 [INFO   ] __main__ (main.py:123): ============================================================
2026-03-24 12:55:46,274 [INFO   ] src.drive_uploader (drive_uploader.py:124): Updated 'P&L.xlsx' on Drive (ID: 1yk9uZhQHsoyH7TZe-itiUfqHmUb76YJN)
2026-03-24 12:55:46,275 [INFO   ] src.drive_uploader (drive_uploader.py:149): Drive link: https://drive.google.com/file/d/1yk9uZhQHsoyH7TZe-itiUfqHmUb76YJN/view
2026-03-24 12:55:46,275 [INFO   ] __main__ (main.py:110): Drive link: https://drive.google.com/file/d/1yk9uZhQHsoyH7TZe-itiUfqHmUb76YJN/view
2026-03-24 12:55:46,275 [INFO   ] __main__ (main.py:117): Step 7/7: WhatsApp skipped (unified message from Ads Analyzer)
2026-03-24 12:55:46,275 [INFO   ] __main__ (main.py:120): ============================================================
2026-03-24 12:55:46,275 [INFO   ] __main__ (main.py:121): Pipeline complete in 43.6s - 804 orders -> P&L.xlsx
2026-03-24 12:55:46,275 [INFO   ] __main__ (main.py:123): ============================================================
2026-03-25 13:51:04,010 [INFO   ] __main__ (main.py:63): ============================================================
2026-03-25 13:51:04,011 [INFO   ] __main__ (main.py:64): Starting P&L pipeline
2026-03-25 13:51:04,011 [INFO   ] __main__ (main.py:65): Board ID: 2131896795 | Mode: INCLUDES_VAT | Currency: ILS
2026-03-25 13:51:04,011 [INFO   ] __main__ (main.py:67): ============================================================
2026-03-25 13:51:04,011 [INFO   ] __main__ (main.py:72): Step 1/4: Fetching items from Monday.com...
2026-03-25 13:51:04,011 [INFO   ] src.monday_client (monday_client.py:145): Fetching page 1 (cursor=START)...
2026-03-25 13:51:08,513 [INFO   ] src.monday_client (monday_client.py:162):   -> Got 100 items (total so far: 100)
2026-03-25 13:51:08,513 [INFO   ] src.monday_client (monday_client.py:145): Fetching page 2 (cursor=MSwyMTMxODk2Nzk1LFB2dGwwV0c3OGZTNWlXZkQ3dVVlQyw4MTUsMTAwLHw3MDg1NTA2ODU)...
2026-03-25 13:51:12,757 [INFO   ] src.monday_client (monday_client.py:162):   -> Got 100 items (total so far: 200)
2026-03-25 13:51:12,757 [INFO   ] src.monday_client (monday_client.py:145): Fetching page 3 (cursor=MSwyMTMxODk2Nzk1LFB2dGwwV0c3OGZTNWlXZkQ3dVVlQyw4MTUsMjAwLHw5NDg4MzQyOTE)...
2026-03-25 13:51:16,069 [INFO   ] src.monday_client (monday_client.py:162):   -> Got 100 items (total so far: 300)
2026-03-25 13:51:16,069 [INFO   ] src.monday_client (monday_client.py:145): Fetching page 4 (cursor=MSwyMTMxODk2Nzk1LFB2dGwwV0c3OGZTNWlXZkQ3dVVlQyw4MTUsMzAwLHwyMTUwNzg3MjIy)...
2026-03-25 13:51:20,075 [INFO   ] src.monday_client (monday_client.py:162):   -> Got 100 items (total so far: 400)
2026-03-25 13:51:20,075 [INFO   ] src.monday_client (monday_client.py:145): Fetching page 5 (cursor=MSwyMTMxODk2Nzk1LFB2dGwwV0c3OGZTNWlXZkQ3dVVlQyw4MTUsNDAwLHw1MDE1Njc1MzU)...
2026-03-25 13:51:23,558 [INFO   ] src.monday_client (monday_client.py:162):   -> Got 100 items (total so far: 500)
2026-03-25 13:51:23,558 [INFO   ] src.monday_client (monday_client.py:145): Fetching page 6 (cursor=MSwyMTMxODk2Nzk1LFB2dGwwV0c3OGZTNWlXZkQ3dVVlQyw4MTUsNTAwLHwyNzc0MDg3NDk4)...
2026-03-25 13:51:27,755 [INFO   ] src.monday_client (monday_client.py:162):   -> Got 100 items (total so far: 600)
2026-03-25 13:51:27,755 [INFO   ] src.monday_client (monday_client.py:145): Fetching page 7 (cursor=MSwyMTMxODk2Nzk1LFB2dGwwV0c3OGZTNWlXZkQ3dVVlQyw4MTUsNjAwLHwzMDg1NzM2MTAw)...
2026-03-25 13:51:31,100 [INFO   ] src.monday_client (monday_client.py:162):   -> Got 100 items (total so far: 700)
2026-03-25 13:51:31,100 [INFO   ] src.monday_client (monday_client.py:145): Fetching page 8 (cursor=MSwyMTMxODk2Nzk1LFB2dGwwV0c3OGZTNWlXZkQ3dVVlQyw4MTUsNzAwLHwyNTY5NjY1OTM)...
2026-03-25 13:51:34,990 [INFO   ] src.monday_client (monday_client.py:162):   -> Got 100 items (total so far: 800)
2026-03-25 13:51:34,990 [INFO   ] src.monday_client (monday_client.py:145): Fetching page 9 (cursor=MSwyMTMxODk2Nzk1LFB2dGwwV0c3OGZTNWlXZkQ3dVVlQyw4MTUsODAwLHwxNDYzMDIxNDYz)...
2026-03-25 13:51:36,354 [INFO   ] src.monday_client (monday_client.py:162):   -> Got 15 items (total so far: 815)
2026-03-25 13:51:36,354 [INFO   ] src.monday_client (monday_client.py:168): Finished fetching. Total items: 815
2026-03-25 13:51:36,354 [INFO   ] __main__ (main.py:76): Step 2/4: Normalizing orders...
2026-03-25 13:51:36,369 [INFO   ] src.order_mapper (order_mapper.py:234): Normalized 815 / 815 items
2026-03-25 13:51:36,369 [INFO   ] __main__ (main.py:83): Step 3/7: Computing P&L...
2026-03-25 13:51:36,372 [INFO   ] src.pnl_engine (pnl_engine.py:105): Computed P&L for 815 / 815 orders
2026-03-25 13:51:36,372 [INFO   ] __main__ (main.py:87): Step 4/7: Fetching Facebook Ads data...
2026-03-25 13:51:38,001 [INFO   ] src.facebook_ads (facebook_ads.py:120): Fetched 25 days of Facebook Ads data
2026-03-25 13:51:39,206 [INFO   ] src.facebook_ads (facebook_ads.py:120): Fetched 25 days of Facebook Ads data
2026-03-25 13:51:39,206 [INFO   ] __main__ (main.py:96): Ad spend this month: 16558.94
2026-03-25 13:51:39,208 [INFO   ] __main__ (main.py:101): Step 5/7: Writing Excel workbook...
2026-03-25 13:51:39,208 [INFO   ] src.excel_writer (excel_writer.py:959): Loading existing workbook: P&L.xlsx
2026-03-25 13:51:39,924 [INFO   ] src.excel_writer (excel_writer.py:229): Sheet 'הזמנות_גולמי': 804 updated, 11 inserted
2026-03-25 13:51:40,397 [INFO   ] src.excel_writer (excel_writer.py:334): Sheet 'חישוב': 815 orders in 7 months
2026-03-25 13:51:40,429 [INFO   ] src.excel_writer (excel_writer.py:1010): No duplicate order_ids in Calc sheet.
2026-03-25 13:51:40,605 [INFO   ] src.excel_writer (excel_writer.py:988): Workbook saved: P&L.xlsx (815 orders)
2026-03-25 13:51:40,605 [INFO   ] __main__ (main.py:106): Step 6/7: Uploading to Google Drive...
2026-03-25 13:51:41,603 [INFO   ] src.drive_uploader (drive_uploader.py:43): Refreshing Drive token...
2026-03-25 13:51:41,839 [INFO   ] src.drive_uploader (drive_uploader.py:64): Drive token saved: C:\Users\amith\ads-dashboard\monday-pnl\drive_token.json
2026-03-25 13:51:41,842 [INFO   ] googleapiclient.discovery_cache (__init__.py:49): file_cache is only supported with oauth2client<4.0.0
2026-03-25 13:51:42,650 [INFO   ] src.drive_uploader (drive_uploader.py:80): Found Drive folder 'OneZoneJersey P&L' (ID: 1khCm1hAcwdCqo_R5Fs3OzOLZPEdDdRx_)
2026-03-25 13:51:45,405 [INFO   ] src.drive_uploader (drive_uploader.py:124): Updated 'P&L.xlsx' on Drive (ID: 1yk9uZhQHsoyH7TZe-itiUfqHmUb76YJN)
2026-03-25 13:51:45,405 [INFO   ] src.drive_uploader (drive_uploader.py:149): Drive link: https://drive.google.com/file/d/1yk9uZhQHsoyH7TZe-itiUfqHmUb76YJN/view
2026-03-25 13:51:45,405 [INFO   ] __main__ (main.py:110): Drive link: https://drive.google.com/file/d/1yk9uZhQHsoyH7TZe-itiUfqHmUb76YJN/view
2026-03-25 13:51:45,405 [INFO   ] __main__ (main.py:117): Step 7/7: WhatsApp skipped (unified message from Ads Analyzer)
2026-03-25 13:51:45,405 [INFO   ] __main__ (main.py:120): ============================================================
2026-03-25 13:51:45,405 [INFO   ] __main__ (main.py:121): Pipeline complete in 41.4s - 815 orders -> P&L.xlsx
2026-03-25 13:51:45,405 [INFO   ] __main__ (main.py:123): ============================================================
2026-03-26 17:11:19,674 [INFO   ] __main__ (main.py:63): ============================================================
2026-03-26 17:11:19,674 [INFO   ] __main__ (main.py:64): Starting P&L pipeline
2026-03-26 17:11:19,674 [INFO   ] __main__ (main.py:65): Board ID: 2131896795 | Mode: INCLUDES_VAT | Currency: ILS
2026-03-26 17:11:19,675 [INFO   ] __main__ (main.py:67): ============================================================
2026-03-26 17:11:19,675 [INFO   ] __main__ (main.py:72): Step 1/4: Fetching items from Monday.com...
2026-03-26 17:11:19,675 [INFO   ] src.monday_client (monday_client.py:145): Fetching page 1 (cursor=START)...
2026-03-26 17:11:24,619 [INFO   ] src.monday_client (monday_client.py:162):   -> Got 100 items (total so far: 100)
2026-03-26 17:11:24,619 [INFO   ] src.monday_client (monday_client.py:145): Fetching page 2 (cursor=MSwyMTMxODk2Nzk1LDFiTTNQYXNqcjNGT2FOZFFBNUdjRyw4MjYsMTAwLHwxNzA4NzE3NTYz)...
2026-03-26 17:11:28,246 [INFO   ] src.monday_client (monday_client.py:162):   -> Got 100 items (total so far: 200)
2026-03-26 17:11:28,246 [INFO   ] src.monday_client (monday_client.py:145): Fetching page 3 (cursor=MSwyMTMxODk2Nzk1LDFiTTNQYXNqcjNGT2FOZFFBNUdjRyw4MjYsMjAwLHwyMDAzNjU1MTg5)...
2026-03-26 17:11:31,738 [INFO   ] src.monday_client (monday_client.py:162):   -> Got 100 items (total so far: 300)
2026-03-26 17:11:31,740 [INFO   ] src.monday_client (monday_client.py:145): Fetching page 4 (cursor=MSwyMTMxODk2Nzk1LDFiTTNQYXNqcjNGT2FOZFFBNUdjRyw4MjYsMzAwLHwzNDg2NTk2NDY0)...
2026-03-26 17:11:35,812 [INFO   ] src.monday_client (monday_client.py:162):   -> Got 100 items (total so far: 400)
2026-03-26 17:11:35,812 [INFO   ] src.monday_client (monday_client.py:145): Fetching page 5 (cursor=MSwyMTMxODk2Nzk1LDFiTTNQYXNqcjNGT2FOZFFBNUdjRyw4MjYsNDAwLHwxMzc2MTI2NDA5)...
2026-03-26 17:11:39,277 [INFO   ] src.monday_client (monday_client.py:162):   -> Got 100 items (total so far: 500)
2026-03-26 17:11:39,277 [INFO   ] src.monday_client (monday_client.py:145): Fetching page 6 (cursor=MSwyMTMxODk2Nzk1LDFiTTNQYXNqcjNGT2FOZFFBNUdjRyw4MjYsNTAwLHwzOTM4MDgzNTAw)...
2026-03-26 17:11:42,805 [INFO   ] src.monday_client (monday_client.py:162):   -> Got 100 items (total so far: 600)
2026-03-26 17:11:42,805 [INFO   ] src.monday_client (monday_client.py:145): Fetching page 7 (cursor=MSwyMTMxODk2Nzk1LDFiTTNQYXNqcjNGT2FOZFFBNUdjRyw4MjYsNjAwLHw0MTYxNzg1MTU0)...
2026-03-26 17:11:46,847 [INFO   ] src.monday_client (monday_client.py:162):   -> Got 100 items (total so far: 700)
2026-03-26 17:11:46,847 [INFO   ] src.monday_client (monday_client.py:145): Fetching page 8 (cursor=MSwyMTMxODk2Nzk1LDFiTTNQYXNqcjNGT2FOZFFBNUdjRyw4MjYsNzAwLHwxMDg1NTE2MzI3)...
2026-03-26 17:11:50,675 [INFO   ] src.monday_client (monday_client.py:162):   -> Got 100 items (total so far: 800)
2026-03-26 17:11:50,675 [INFO   ] src.monday_client (monday_client.py:145): Fetching page 9 (cursor=MSwyMTMxODk2Nzk1LDFiTTNQYXNqcjNGT2FOZFFBNUdjRyw4MjYsODAwLHw0MTYzMzI0MDE)...
2026-03-26 17:11:53,169 [INFO   ] src.monday_client (monday_client.py:162):   -> Got 26 items (total so far: 826)
2026-03-26 17:11:53,169 [INFO   ] src.monday_client (monday_client.py:168): Finished fetching. Total items: 826
2026-03-26 17:11:53,169 [INFO   ] __main__ (main.py:76): Step 2/4: Normalizing orders...
2026-03-26 17:11:53,180 [INFO   ] src.order_mapper (order_mapper.py:234): Normalized 826 / 826 items
2026-03-26 17:11:53,180 [INFO   ] __main__ (main.py:83): Step 3/7: Computing P&L...
2026-03-26 17:11:53,183 [INFO   ] src.pnl_engine (pnl_engine.py:105): Computed P&L for 826 / 826 orders
2026-03-26 17:11:53,183 [INFO   ] __main__ (main.py:87): Step 4/7: Fetching Facebook Ads data...
2026-03-26 17:11:55,042 [INFO   ] src.facebook_ads (facebook_ads.py:120): Fetched 26 days of Facebook Ads data
2026-03-26 17:11:56,461 [INFO   ] src.facebook_ads (facebook_ads.py:120): Fetched 26 days of Facebook Ads data
2026-03-26 17:11:56,461 [INFO   ] __main__ (main.py:96): Ad spend this month: 17855.35
2026-03-26 17:11:56,461 [INFO   ] __main__ (main.py:101): Step 5/7: Writing Excel workbook...
2026-03-26 17:11:56,461 [INFO   ] src.excel_writer (excel_writer.py:959): Loading existing workbook: P&L.xlsx
2026-03-26 17:11:57,249 [INFO   ] src.excel_writer (excel_writer.py:229): Sheet 'הזמנות_גולמי': 815 updated, 11 inserted
2026-03-26 17:11:57,780 [INFO   ] src.excel_writer (excel_writer.py:334): Sheet 'חישוב': 826 orders in 7 months
2026-03-26 17:11:57,811 [INFO   ] src.excel_writer (excel_writer.py:1010): No duplicate order_ids in Calc sheet.
2026-03-26 17:11:58,028 [INFO   ] src.excel_writer (excel_writer.py:988): Workbook saved: P&L.xlsx (826 orders)
2026-03-26 17:11:58,028 [INFO   ] __main__ (main.py:106): Step 6/7: Uploading to Google Drive...
2026-03-26 17:11:59,104 [INFO   ] src.drive_uploader (drive_uploader.py:43): Refreshing Drive token...
2026-03-26 17:11:59,366 [ERROR  ] __main__ (main.py:112): Drive upload failed (pipeline still succeeded)
Traceback (most recent call last):
  File "C:\Users\amith\ads-dashboard\monday-pnl\src\main.py", line 109, in run_pipeline
    link = drive_upload(output_path)
           ^^^^^^^^^^^^^^^^^^^^^^^^^
  File "C:\Users\amith\ads-dashboard\monday-pnl\src\drive_uploader.py", line 103, in upload
    creds = _get_credentials()
            ^^^^^^^^^^^^^^^^^^
  File "C:\Users\amith\ads-dashboard\monday-pnl\src\drive_uploader.py", line 44, in _get_credentials
    creds.refresh(Request())
  File "C:\Users\amith\AppData\Local\Programs\Python\Python312\Lib\site-packages\google\oauth2\credentials.py", line 431, in refresh
    ) = reauth.refresh_grant(
        ^^^^^^^^^^^^^^^^^^^^^
  File "C:\Users\amith\AppData\Local\Programs\Python\Python312\Lib\site-packages\google\oauth2\reauth.py", line 365, in refresh_grant
    _client._handle_error_response(response_data, retryable_error)
  File "C:\Users\amith\AppData\Local\Programs\Python\Python312\Lib\site-packages\google\oauth2\_client.py", line 72, in _handle_error_response
    raise exceptions.RefreshError(
google.auth.exceptions.RefreshError: ('invalid_grant: Token has been expired or revoked.', {'error': 'invalid_grant', 'error_description': 'Token has been expired or revoked.'})
2026-03-26 17:11:59,370 [INFO   ] __main__ (main.py:117): Step 7/7: WhatsApp skipped (unified message from Ads Analyzer)
2026-03-26 17:11:59,370 [INFO   ] __main__ (main.py:120): ============================================================
2026-03-26 17:11:59,370 [INFO   ] __main__ (main.py:121): Pipeline complete in 39.7s - 826 orders -> P&L.xlsx
2026-03-26 17:11:59,370 [INFO   ] __main__ (main.py:123): ============================================================
2026-03-29 08:28:04,328 [INFO   ] __main__ (main.py:63): ============================================================
2026-03-29 08:28:04,329 [INFO   ] __main__ (main.py:64): Starting P&L pipeline
2026-03-29 08:28:04,329 [INFO   ] __main__ (main.py:65): Board ID: 2131896795 | Mode: INCLUDES_VAT | Currency: ILS
2026-03-29 08:28:04,329 [INFO   ] __main__ (main.py:67): ============================================================
2026-03-29 08:28:04,329 [INFO   ] __main__ (main.py:72): Step 1/4: Fetching items from Monday.com...
2026-03-29 08:28:04,329 [INFO   ] src.monday_client (monday_client.py:145): Fetching page 1 (cursor=START)...
2026-03-29 08:28:08,923 [INFO   ] src.monday_client (monday_client.py:162):   -> Got 100 items (total so far: 100)
2026-03-29 08:28:08,923 [INFO   ] src.monday_client (monday_client.py:145): Fetching page 2 (cursor=MSwyMTMxODk2Nzk1LEFzVUpVNUlrdG9MeFcxS1RhcDRHbCw4NDYsMTAwLHwxMjc1MTgyNDI3)...
2026-03-29 08:28:12,488 [INFO   ] src.monday_client (monday_client.py:162):   -> Got 100 items (total so far: 200)
2026-03-29 08:28:12,490 [INFO   ] src.monday_client (monday_client.py:145): Fetching page 3 (cursor=MSwyMTMxODk2Nzk1LEFzVUpVNUlrdG9MeFcxS1RhcDRHbCw4NDYsMjAwLHwxNTg4ODU5NTcz)...
2026-03-29 08:28:15,495 [INFO   ] src.monday_client (monday_client.py:162):   -> Got 100 items (total so far: 300)
2026-03-29 08:28:15,495 [INFO   ] src.monday_client (monday_client.py:145): Fetching page 4 (cursor=MSwyMTMxODk2Nzk1LEFzVUpVNUlrdG9MeFcxS1RhcDRHbCw4NDYsMzAwLHwzODU5MzE0MTI4)...
2026-03-29 08:28:19,668 [INFO   ] src.monday_client (monday_client.py:162):   -> Got 100 items (total so far: 400)
2026-03-29 08:28:19,669 [INFO   ] src.monday_client (monday_client.py:145): Fetching page 5 (cursor=MSwyMTMxODk2Nzk1LEFzVUpVNUlrdG9MeFcxS1RhcDRHbCw4NDYsNDAwLHwyMDc4MjMxOTEz)...
2026-03-29 08:28:22,489 [INFO   ] src.monday_client (monday_client.py:162):   -> Got 100 items (total so far: 500)
2026-03-29 08:28:22,489 [INFO   ] src.monday_client (monday_client.py:145): Fetching page 6 (cursor=MSwyMTMxODk2Nzk1LEFzVUpVNUlrdG9MeFcxS1RhcDRHbCw4NDYsNTAwLHwzMjc4MDU1OTQ4)...
2026-03-29 08:28:25,853 [INFO   ] src.monday_client (monday_client.py:162):   -> Got 100 items (total so far: 600)
2026-03-29 08:28:25,853 [INFO   ] src.monday_client (monday_client.py:145): Fetching page 7 (cursor=MSwyMTMxODk2Nzk1LEFzVUpVNUlrdG9MeFcxS1RhcDRHbCw4NDYsNjAwLHwzNTIwNDk3MTIy)...
2026-03-29 08:28:29,555 [INFO   ] src.monday_client (monday_client.py:162):   -> Got 100 items (total so far: 700)
2026-03-29 08:28:29,555 [INFO   ] src.monday_client (monday_client.py:145): Fetching page 8 (cursor=MSwyMTMxODk2Nzk1LEFzVUpVNUlrdG9MeFcxS1RhcDRHbCw4NDYsNzAwLHwxNzY4NjEyNDg3)...
2026-03-29 08:28:32,824 [INFO   ] src.monday_client (monday_client.py:162):   -> Got 100 items (total so far: 800)
2026-03-29 08:28:32,824 [INFO   ] src.monday_client (monday_client.py:145): Fetching page 9 (cursor=MSwyMTMxODk2Nzk1LEFzVUpVNUlrdG9MeFcxS1RhcDRHbCw4NDYsODAwLHw4MjI3MzU1Njk)...
2026-03-29 08:28:34,923 [INFO   ] src.monday_client (monday_client.py:162):   -> Got 46 items (total so far: 846)
2026-03-29 08:28:34,923 [INFO   ] src.monday_client (monday_client.py:168): Finished fetching. Total items: 846
2026-03-29 08:28:34,923 [INFO   ] __main__ (main.py:76): Step 2/4: Normalizing orders...
2026-03-29 08:28:34,933 [INFO   ] src.order_mapper (order_mapper.py:234): Normalized 846 / 846 items
2026-03-29 08:28:34,933 [INFO   ] __main__ (main.py:83): Step 3/7: Computing P&L...
2026-03-29 08:28:34,937 [INFO   ] src.pnl_engine (pnl_engine.py:105): Computed P&L for 846 / 846 orders
2026-03-29 08:28:34,937 [INFO   ] __main__ (main.py:87): Step 4/7: Fetching Facebook Ads data...
2026-03-29 08:28:36,633 [INFO   ] src.facebook_ads (facebook_ads.py:120): Fetched 29 days of Facebook Ads data
2026-03-29 08:28:37,316 [INFO   ] src.facebook_ads (facebook_ads.py:120): Fetched 29 days of Facebook Ads data
2026-03-29 08:28:37,318 [INFO   ] __main__ (main.py:96): Ad spend this month: 20710.07
2026-03-29 08:28:37,318 [INFO   ] __main__ (main.py:101): Step 5/7: Writing Excel workbook...
2026-03-29 08:28:37,318 [INFO   ] src.excel_writer (excel_writer.py:959): Loading existing workbook: P&L.xlsx
2026-03-29 08:28:37,867 [INFO   ] src.excel_writer (excel_writer.py:229): Sheet 'הזמנות_גולמי': 826 updated, 20 inserted
2026-03-29 08:28:38,333 [INFO   ] src.excel_writer (excel_writer.py:334): Sheet 'חישוב': 846 orders in 7 months
2026-03-29 08:28:38,358 [INFO   ] src.excel_writer (excel_writer.py:1010): No duplicate order_ids in Calc sheet.
2026-03-29 08:28:38,524 [INFO   ] src.excel_writer (excel_writer.py:988): Workbook saved: P&L.xlsx (846 orders)
2026-03-29 08:28:38,526 [INFO   ] __main__ (main.py:106): Step 6/7: Uploading to Google Drive...
2026-03-29 08:28:39,262 [INFO   ] src.drive_uploader (drive_uploader.py:43): Refreshing Drive token...
2026-03-29 08:28:39,486 [ERROR  ] __main__ (main.py:112): Drive upload failed (pipeline still succeeded)
Traceback (most recent call last):
  File "C:\Users\amith\ads-dashboard\monday-pnl\src\main.py", line 109, in run_pipeline
    link = drive_upload(output_path)
           ^^^^^^^^^^^^^^^^^^^^^^^^^
  File "C:\Users\amith\ads-dashboard\monday-pnl\src\drive_uploader.py", line 103, in upload
    creds = _get_credentials()
            ^^^^^^^^^^^^^^^^^^
  File "C:\Users\amith\ads-dashboard\monday-pnl\src\drive_uploader.py", line 44, in _get_credentials
    creds.refresh(Request())
  File "C:\Users\amith\AppData\Local\Programs\Python\Python312\Lib\site-packages\google\oauth2\credentials.py", line 431, in refresh
    ) = reauth.refresh_grant(
        ^^^^^^^^^^^^^^^^^^^^^
  File "C:\Users\amith\AppData\Local\Programs\Python\Python312\Lib\site-packages\google\oauth2\reauth.py", line 365, in refresh_grant
    _client._handle_error_response(response_data, retryable_error)
  File "C:\Users\amith\AppData\Local\Programs\Python\Python312\Lib\site-packages\google\oauth2\_client.py", line 72, in _handle_error_response
    raise exceptions.RefreshError(
google.auth.exceptions.RefreshError: ('invalid_grant: Token has been expired or revoked.', {'error': 'invalid_grant', 'error_description': 'Token has been expired or revoked.'})
2026-03-29 08:28:39,488 [INFO   ] __main__ (main.py:117): Step 7/7: WhatsApp skipped (unified message from Ads Analyzer)
2026-03-29 08:28:39,488 [INFO   ] __main__ (main.py:120): ============================================================
2026-03-29 08:28:39,488 [INFO   ] __main__ (main.py:121): Pipeline complete in 35.2s - 846 orders -> P&L.xlsx
2026-03-29 08:28:39,488 [INFO   ] __main__ (main.py:123): ============================================================
2026-03-29 09:15:49,249 [INFO   ] __main__ (main.py:63): ============================================================
2026-03-29 09:15:49,249 [INFO   ] __main__ (main.py:64): Starting P&L pipeline
2026-03-29 09:15:49,249 [INFO   ] __main__ (main.py:65): Board ID: 2131896795 | Mode: INCLUDES_VAT | Currency: ILS
2026-03-29 09:15:49,249 [INFO   ] __main__ (main.py:67): ============================================================
2026-03-29 09:15:49,249 [INFO   ] __main__ (main.py:72): Step 1/4: Fetching items from Monday.com...
2026-03-29 09:15:49,249 [INFO   ] src.monday_client (monday_client.py:145): Fetching page 1 (cursor=START)...
2026-03-29 09:15:54,011 [INFO   ] src.monday_client (monday_client.py:162):   -> Got 100 items (total so far: 100)
2026-03-29 09:15:54,011 [INFO   ] src.monday_client (monday_client.py:145): Fetching page 2 (cursor=MSwyMTMxODk2Nzk1LEdTWGlIdkFIYXZ2eENiVEVCQjVuMCw4NDYsMTAwLHwxMzYyOTkyNDU)...
2026-03-29 09:15:57,548 [INFO   ] src.monday_client (monday_client.py:162):   -> Got 100 items (total so far: 200)
2026-03-29 09:15:57,549 [INFO   ] src.monday_client (monday_client.py:145): Fetching page 3 (cursor=MSwyMTMxODk2Nzk1LEdTWGlIdkFIYXZ2eENiVEVCQjVuMCw4NDYsMjAwLHw0NDczNzY2NDM)...
2026-03-29 09:16:00,916 [INFO   ] src.monday_client (monday_client.py:162):   -> Got 100 items (total so far: 300)
2026-03-29 09:16:00,916 [INFO   ] src.monday_client (monday_client.py:145): Fetching page 4 (cursor=MSwyMTMxODk2Nzk1LEdTWGlIdkFIYXZ2eENiVEVCQjVuMCw4NDYsMzAwLHwyNzE5MzUzNDQ2)...
2026-03-29 09:16:04,151 [INFO   ] src.monday_client (monday_client.py:162):   -> Got 100 items (total so far: 400)
2026-03-29 09:16:04,151 [INFO   ] src.monday_client (monday_client.py:145): Fetching page 5 (cursor=MSwyMTMxODk2Nzk1LEdTWGlIdkFIYXZ2eENiVEVCQjVuMCw4NDYsNDAwLHwxMDY5NjI2MDc5)...
2026-03-29 09:16:07,844 [INFO   ] src.monday_client (monday_client.py:162):   -> Got 100 items (total so far: 500)
2026-03-29 09:16:07,844 [INFO   ] src.monday_client (monday_client.py:145): Fetching page 6 (cursor=MSwyMTMxODk2Nzk1LEdTWGlIdkFIYXZ2eENiVEVCQjVuMCw4NDYsNTAwLHwyMjczMTM4MTA2)...
2026-03-29 09:16:11,068 [INFO   ] src.monday_client (monday_client.py:162):   -> Got 100 items (total so far: 600)
2026-03-29 09:16:11,068 [INFO   ] src.monday_client (monday_client.py:145): Fetching page 7 (cursor=MSwyMTMxODk2Nzk1LEdTWGlIdkFIYXZ2eENiVEVCQjVuMCw4NDYsNjAwLHwyNTEyOTc2NDY4)...
2026-03-29 09:16:14,385 [INFO   ] src.monday_client (monday_client.py:162):   -> Got 100 items (total so far: 700)
2026-03-29 09:16:14,386 [INFO   ] src.monday_client (monday_client.py:145): Fetching page 8 (cursor=MSwyMTMxODk2Nzk1LEdTWGlIdkFIYXZ2eENiVEVCQjVuMCw4NDYsNzAwLHw3NjI2MTcxMzc)...
2026-03-29 09:16:17,684 [INFO   ] src.monday_client (monday_client.py:162):   -> Got 100 items (total so far: 800)
2026-03-29 09:16:17,684 [INFO   ] src.monday_client (monday_client.py:145): Fetching page 9 (cursor=MSwyMTMxODk2Nzk1LEdTWGlIdkFIYXZ2eENiVEVCQjVuMCw4NDYsODAwLHwxOTY0NDc3Nzk5)...
2026-03-29 09:16:19,858 [INFO   ] src.monday_client (monday_client.py:162):   -> Got 46 items (total so far: 846)
2026-03-29 09:16:19,858 [INFO   ] src.monday_client (monday_client.py:168): Finished fetching. Total items: 846
2026-03-29 09:16:19,858 [INFO   ] __main__ (main.py:76): Step 2/4: Normalizing orders...
2026-03-29 09:16:19,872 [INFO   ] src.order_mapper (order_mapper.py:237): Normalized 846 / 846 items
2026-03-29 09:16:19,872 [INFO   ] __main__ (main.py:83): Step 3/7: Computing P&L...
2026-03-29 09:16:19,876 [INFO   ] src.pnl_engine (pnl_engine.py:105): Computed P&L for 846 / 846 orders
2026-03-29 09:16:19,876 [INFO   ] __main__ (main.py:87): Step 4/7: Fetching Facebook Ads data...
2026-03-29 09:16:21,321 [INFO   ] src.facebook_ads (facebook_ads.py:120): Fetched 29 days of Facebook Ads data
2026-03-29 09:16:22,302 [INFO   ] src.facebook_ads (facebook_ads.py:120): Fetched 29 days of Facebook Ads data
2026-03-29 09:16:22,302 [INFO   ] __main__ (main.py:96): Ad spend this month: 20747.60
2026-03-29 09:16:22,302 [INFO   ] __main__ (main.py:101): Step 5/7: Writing Excel workbook...
2026-03-29 09:16:22,302 [INFO   ] src.excel_writer (excel_writer.py:959): Loading existing workbook: P&L.xlsx
2026-03-29 09:16:22,887 [INFO   ] src.excel_writer (excel_writer.py:229): Sheet 'הזמנות_גולמי': 846 updated, 0 inserted
2026-03-29 09:16:23,377 [INFO   ] src.excel_writer (excel_writer.py:334): Sheet 'חישוב': 846 orders in 7 months
2026-03-29 09:16:23,407 [INFO   ] src.excel_writer (excel_writer.py:1010): No duplicate order_ids in Calc sheet.
2026-03-29 09:16:23,607 [INFO   ] src.excel_writer (excel_writer.py:988): Workbook saved: P&L.xlsx (846 orders)
2026-03-29 09:16:23,607 [INFO   ] __main__ (main.py:106): Step 6/7: Uploading to Google Drive...
2026-03-29 09:16:24,563 [INFO   ] src.drive_uploader (drive_uploader.py:43): Refreshing Drive token...
2026-03-29 09:16:24,786 [ERROR  ] __main__ (main.py:112): Drive upload failed (pipeline still succeeded)
Traceback (most recent call last):
  File "C:\Users\amith\ads-dashboard\monday-pnl\src\main.py", line 109, in run_pipeline
    link = drive_upload(output_path)
           ^^^^^^^^^^^^^^^^^^^^^^^^^
  File "C:\Users\amith\ads-dashboard\monday-pnl\src\drive_uploader.py", line 103, in upload
    creds = _get_credentials()
            ^^^^^^^^^^^^^^^^^^
  File "C:\Users\amith\ads-dashboard\monday-pnl\src\drive_uploader.py", line 44, in _get_credentials
    creds.refresh(Request())
  File "C:\Users\amith\AppData\Local\Programs\Python\Python312\Lib\site-packages\google\oauth2\credentials.py", line 431, in refresh
    ) = reauth.refresh_grant(
        ^^^^^^^^^^^^^^^^^^^^^
  File "C:\Users\amith\AppData\Local\Programs\Python\Python312\Lib\site-packages\google\oauth2\reauth.py", line 365, in refresh_grant
    _client._handle_error_response(response_data, retryable_error)
  File "C:\Users\amith\AppData\Local\Programs\Python\Python312\Lib\site-packages\google\oauth2\_client.py", line 72, in _handle_error_response
    raise exceptions.RefreshError(
google.auth.exceptions.RefreshError: ('invalid_grant: Token has been expired or revoked.', {'error': 'invalid_grant', 'error_description': 'Token has been expired or revoked.'})
2026-03-29 09:16:24,787 [INFO   ] __main__ (main.py:117): Step 7/7: WhatsApp skipped (unified message from Ads Analyzer)
2026-03-29 09:16:24,787 [INFO   ] __main__ (main.py:120): ============================================================
2026-03-29 09:16:24,787 [INFO   ] __main__ (main.py:121): Pipeline complete in 35.5s - 846 orders -> P&L.xlsx
2026-03-29 09:16:24,787 [INFO   ] __main__ (main.py:123): ============================================================
2026-03-29 09:17:15,793 [INFO   ] __main__ (main.py:63): ============================================================
2026-03-29 09:17:15,793 [INFO   ] __main__ (main.py:64): Starting P&L pipeline
2026-03-29 09:17:15,793 [INFO   ] __main__ (main.py:65): Board ID: 2131896795 | Mode: INCLUDES_VAT | Currency: ILS
2026-03-29 09:17:15,793 [INFO   ] __main__ (main.py:67): ============================================================
2026-03-29 09:17:15,793 [INFO   ] __main__ (main.py:72): Step 1/4: Fetching items from Monday.com...
2026-03-29 09:17:15,793 [INFO   ] src.monday_client (monday_client.py:145): Fetching page 1 (cursor=START)...
2026-03-29 09:17:19,745 [INFO   ] src.monday_client (monday_client.py:162):   -> Got 100 items (total so far: 100)
2026-03-29 09:17:19,745 [INFO   ] src.monday_client (monday_client.py:145): Fetching page 2 (cursor=MSwyMTMxODk2Nzk1LHZKNlVaYm10d3VoeGJYbk1Uc053Zyw4NDYsMTAwLHwzMjIwOTQ1MjQ)...
2026-03-29 09:17:24,112 [INFO   ] src.monday_client (monday_client.py:162):   -> Got 100 items (total so far: 200)
2026-03-29 09:17:24,113 [INFO   ] src.monday_client (monday_client.py:145): Fetching page 3 (cursor=MSwyMTMxODk2Nzk1LHZKNlVaYm10d3VoeGJYbk1Uc053Zyw4NDYsMjAwLHwyNTY1MTc5NA)...
2026-03-29 09:17:27,256 [INFO   ] src.monday_client (monday_client.py:162):   -> Got 100 items (total so far: 300)
2026-03-29 09:17:27,256 [INFO   ] src.monday_client (monday_client.py:145): Fetching page 4 (cursor=MSwyMTMxODk2Nzk1LHZKNlVaYm10d3VoeGJYbk1Uc053Zyw4NDYsMzAwLHwzMTA3NjU0OTY3)...
2026-03-29 09:17:30,273 [INFO   ] src.monday_client (monday_client.py:162):   -> Got 100 items (total so far: 400)
2026-03-29 09:17:30,273 [INFO   ] src.monday_client (monday_client.py:145): Fetching page 5 (cursor=MSwyMTMxODk2Nzk1LHZKNlVaYm10d3VoeGJYbk1Uc053Zyw4NDYsNDAwLHw2MTk0NTk5ODI)...
2026-03-29 09:17:33,656 [INFO   ] src.monday_client (monday_client.py:162):   -> Got 100 items (total so far: 500)
2026-03-29 09:17:33,656 [INFO   ] src.monday_client (monday_client.py:145): Fetching page 6 (cursor=MSwyMTMxODk2Nzk1LHZKNlVaYm10d3VoeGJYbk1Uc053Zyw4NDYsNTAwLHwyNjIyNTA5ODAz)...
2026-03-29 09:17:37,220 [INFO   ] src.monday_client (monday_client.py:162):   -> Got 100 items (total so far: 600)
2026-03-29 09:17:37,220 [INFO   ] src.monday_client (monday_client.py:145): Fetching page 7 (cursor=MSwyMTMxODk2Nzk1LHZKNlVaYm10d3VoeGJYbk1Uc053Zyw4NDYsNjAwLHwyMzk3NDM3MTg5)...
2026-03-29 09:17:40,314 [INFO   ] src.monday_client (monday_client.py:162):   -> Got 100 items (total so far: 700)
2026-03-29 09:17:40,314 [INFO   ] src.monday_client (monday_client.py:145): Fetching page 8 (cursor=MSwyMTMxODk2Nzk1LHZKNlVaYm10d3VoeGJYbk1Uc053Zyw4NDYsNzAwLHw5MTE4NDE4ODg)...
2026-03-29 09:17:43,382 [INFO   ] src.monday_client (monday_client.py:162):   -> Got 100 items (total so far: 800)
2026-03-29 09:17:43,382 [INFO   ] src.monday_client (monday_client.py:145): Fetching page 9 (cursor=MSwyMTMxODk2Nzk1LHZKNlVaYm10d3VoeGJYbk1Uc053Zyw4NDYsODAwLHwxODQ5MzMwMjMw)...
2026-03-29 09:17:45,405 [INFO   ] src.monday_client (monday_client.py:162):   -> Got 46 items (total so far: 846)
2026-03-29 09:17:45,405 [INFO   ] src.monday_client (monday_client.py:168): Finished fetching. Total items: 846
2026-03-29 09:17:45,405 [INFO   ] __main__ (main.py:76): Step 2/4: Normalizing orders...
2026-03-29 09:17:45,419 [INFO   ] src.order_mapper (order_mapper.py:237): Normalized 846 / 846 items
2026-03-29 09:17:45,419 [INFO   ] __main__ (main.py:83): Step 3/7: Computing P&L...
2026-03-29 09:17:45,421 [INFO   ] src.pnl_engine (pnl_engine.py:105): Computed P&L for 846 / 846 orders
2026-03-29 09:17:45,421 [INFO   ] __main__ (main.py:87): Step 4/7: Fetching Facebook Ads data...
2026-03-29 09:17:46,781 [INFO   ] src.facebook_ads (facebook_ads.py:120): Fetched 29 days of Facebook Ads data
2026-03-29 09:17:47,420 [INFO   ] src.facebook_ads (facebook_ads.py:120): Fetched 29 days of Facebook Ads data
2026-03-29 09:17:47,421 [INFO   ] __main__ (main.py:96): Ad spend this month: 20747.60
2026-03-29 09:17:47,421 [INFO   ] __main__ (main.py:101): Step 5/7: Writing Excel workbook...
2026-03-29 09:17:47,421 [INFO   ] src.excel_writer (excel_writer.py:962): Loading existing workbook: P&L.xlsx
2026-03-29 09:17:48,121 [INFO   ] src.excel_writer (excel_writer.py:232): Sheet 'הזמנות_גולמי': 846 updated, 0 inserted
2026-03-29 09:17:48,707 [INFO   ] src.excel_writer (excel_writer.py:337): Sheet 'חישוב': 846 orders in 7 months
2026-03-29 09:17:48,739 [INFO   ] src.excel_writer (excel_writer.py:1013): No duplicate order_ids in Calc sheet.
2026-03-29 09:17:48,946 [INFO   ] src.excel_writer (excel_writer.py:991): Workbook saved: P&L.xlsx (846 orders)
2026-03-29 09:17:48,946 [INFO   ] __main__ (main.py:106): Step 6/7: Uploading to Google Drive...
2026-03-29 09:17:50,123 [INFO   ] src.drive_uploader (drive_uploader.py:43): Refreshing Drive token...
2026-03-29 09:17:50,356 [ERROR  ] __main__ (main.py:112): Drive upload failed (pipeline still succeeded)
Traceback (most recent call last):
  File "C:\Users\amith\ads-dashboard\monday-pnl\src\main.py", line 109, in run_pipeline
    link = drive_upload(output_path)
           ^^^^^^^^^^^^^^^^^^^^^^^^^
  File "C:\Users\amith\ads-dashboard\monday-pnl\src\drive_uploader.py", line 103, in upload
    creds = _get_credentials()
            ^^^^^^^^^^^^^^^^^^
  File "C:\Users\amith\ads-dashboard\monday-pnl\src\drive_uploader.py", line 44, in _get_credentials
    creds.refresh(Request())
  File "C:\Users\amith\AppData\Local\Programs\Python\Python312\Lib\site-packages\google\oauth2\credentials.py", line 431, in refresh
    ) = reauth.refresh_grant(
        ^^^^^^^^^^^^^^^^^^^^^
  File "C:\Users\amith\AppData\Local\Programs\Python\Python312\Lib\site-packages\google\oauth2\reauth.py", line 365, in refresh_grant
    _client._handle_error_response(response_data, retryable_error)
  File "C:\Users\amith\AppData\Local\Programs\Python\Python312\Lib\site-packages\google\oauth2\_client.py", line 72, in _handle_error_response
    raise exceptions.RefreshError(
google.auth.exceptions.RefreshError: ('invalid_grant: Token has been expired or revoked.', {'error': 'invalid_grant', 'error_description': 'Token has been expired or revoked.'})
2026-03-29 09:17:50,358 [INFO   ] __main__ (main.py:117): Step 7/7: WhatsApp skipped (unified message from Ads Analyzer)
2026-03-29 09:17:50,358 [INFO   ] __main__ (main.py:120): ============================================================
2026-03-29 09:17:50,358 [INFO   ] __main__ (main.py:121): Pipeline complete in 34.6s - 846 orders -> P&L.xlsx
2026-03-29 09:17:50,358 [INFO   ] __main__ (main.py:123): ============================================================
2026-03-29 10:10:38,896 [INFO   ] __main__ (main.py:63): ============================================================
2026-03-29 10:10:38,896 [INFO   ] __main__ (main.py:64): Starting P&L pipeline
2026-03-29 10:10:38,896 [INFO   ] __main__ (main.py:65): Board ID: 2131896795 | Mode: INCLUDES_VAT | Currency: ILS
2026-03-29 10:10:38,896 [INFO   ] __main__ (main.py:67): ============================================================
2026-03-29 10:10:38,896 [INFO   ] __main__ (main.py:72): Step 1/4: Fetching items from Monday.com...
2026-03-29 10:10:38,896 [INFO   ] src.monday_client (monday_client.py:145): Fetching page 1 (cursor=START)...
2026-03-29 10:10:43,020 [INFO   ] src.monday_client (monday_client.py:162):   -> Got 100 items (total so far: 100)
2026-03-29 10:10:43,020 [INFO   ] src.monday_client (monday_client.py:145): Fetching page 2 (cursor=MSwyMTMxODk2Nzk1LFFiM1JkeTZod0JpQ21JQWszdGg5USw4NDYsMTAwLHwyOTMwOTEyODg1)...
2026-03-29 10:10:47,239 [INFO   ] src.monday_client (monday_client.py:162):   -> Got 100 items (total so far: 200)
2026-03-29 10:10:47,239 [INFO   ] src.monday_client (monday_client.py:145): Fetching page 3 (cursor=MSwyMTMxODk2Nzk1LFFiM1JkeTZod0JpQ21JQWszdGg5USw4NDYsMjAwLHwzMTU0NjA4NTM5)...
2026-03-29 10:10:50,512 [INFO   ] src.monday_client (monday_client.py:162):   -> Got 100 items (total so far: 300)
2026-03-29 10:10:50,512 [INFO   ] src.monday_client (monday_client.py:145): Fetching page 4 (cursor=MSwyMTMxODk2Nzk1LFFiM1JkeTZod0JpQ21JQWszdGg5USw4NDYsMzAwLHw3OTQyMzIzMA)...
2026-03-29 10:10:53,575 [INFO   ] src.monday_client (monday_client.py:162):   -> Got 100 items (total so far: 400)
2026-03-29 10:10:53,575 [INFO   ] src.monday_client (monday_client.py:145): Fetching page 5 (cursor=MSwyMTMxODk2Nzk1LFFiM1JkeTZod0JpQ21JQWszdGg5USw4NDYsNDAwLHwyNTc0MDQ4ODM5)...
2026-03-29 10:10:56,638 [INFO   ] src.monday_client (monday_client.py:162):   -> Got 100 items (total so far: 500)
2026-03-29 10:10:56,638 [INFO   ] src.monday_client (monday_client.py:145): Fetching page 6 (cursor=MSwyMTMxODk2Nzk1LFFiM1JkeTZod0JpQ21JQWszdGg5USw4NDYsNTAwLHw1NjczMjcwMTA)...
2026-03-29 10:10:59,819 [INFO   ] src.monday_client (monday_client.py:162):   -> Got 100 items (total so far: 600)
2026-03-29 10:10:59,819 [INFO   ] src.monday_client (monday_client.py:145): Fetching page 7 (cursor=MSwyMTMxODk2Nzk1LFFiM1JkeTZod0JpQ21JQWszdGg5USw4NDYsNjAwLHw4NjIyNjI5ODg)...
2026-03-29 10:11:03,180 [INFO   ] src.monday_client (monday_client.py:162):   -> Got 100 items (total so far: 700)
2026-03-29 10:11:03,180 [INFO   ] src.monday_client (monday_client.py:145): Fetching page 8 (cursor=MSwyMTMxODk2Nzk1LFFiM1JkeTZod0JpQ21JQWszdGg5USw4NDYsNzAwLHwyMzQ2MjgzNDMz)...
2026-03-29 10:11:06,861 [INFO   ] src.monday_client (monday_client.py:162):   -> Got 100 items (total so far: 800)
2026-03-29 10:11:06,863 [INFO   ] src.monday_client (monday_client.py:145): Fetching page 9 (cursor=MSwyMTMxODk2Nzk1LFFiM1JkeTZod0JpQ21JQWszdGg5USw4NDYsODAwLHwzNTUyMjA3MzU5)...
2026-03-29 10:11:09,094 [INFO   ] src.monday_client (monday_client.py:162):   -> Got 46 items (total so far: 846)
2026-03-29 10:11:09,094 [INFO   ] src.monday_client (monday_client.py:168): Finished fetching. Total items: 846
2026-03-29 10:11:09,095 [INFO   ] __main__ (main.py:76): Step 2/4: Normalizing orders...
2026-03-29 10:11:09,109 [INFO   ] src.order_mapper (order_mapper.py:237): Normalized 846 / 846 items
2026-03-29 10:11:09,109 [INFO   ] __main__ (main.py:83): Step 3/7: Computing P&L...
2026-03-29 10:11:09,112 [INFO   ] src.pnl_engine (pnl_engine.py:105): Computed P&L for 846 / 846 orders
2026-03-29 10:11:09,112 [INFO   ] __main__ (main.py:87): Step 4/7: Fetching Facebook Ads data...
2026-03-29 10:11:10,760 [INFO   ] src.facebook_ads (facebook_ads.py:120): Fetched 29 days of Facebook Ads data
2026-03-29 10:11:11,610 [INFO   ] src.facebook_ads (facebook_ads.py:120): Fetched 29 days of Facebook Ads data
2026-03-29 10:11:11,610 [INFO   ] __main__ (main.py:96): Ad spend this month: 20800.67
2026-03-29 10:11:11,610 [INFO   ] __main__ (main.py:101): Step 5/7: Writing Excel workbook...
2026-03-29 10:11:11,610 [INFO   ] src.excel_writer (excel_writer.py:962): Loading existing workbook: P&L.xlsx
2026-03-29 10:11:12,194 [INFO   ] src.excel_writer (excel_writer.py:232): Sheet 'הזמנות_גולמי': 846 updated, 0 inserted
2026-03-29 10:11:12,713 [INFO   ] src.excel_writer (excel_writer.py:337): Sheet 'חישוב': 846 orders in 7 months
2026-03-29 10:11:12,741 [INFO   ] src.excel_writer (excel_writer.py:1013): No duplicate order_ids in Calc sheet.
2026-03-29 10:11:12,920 [INFO   ] src.excel_writer (excel_writer.py:991): Workbook saved: P&L.xlsx (846 orders)
2026-03-29 10:11:12,920 [INFO   ] __main__ (main.py:106): Step 6/7: Uploading to Google Drive...
2026-03-29 10:11:13,896 [INFO   ] src.drive_uploader (drive_uploader.py:43): Refreshing Drive token...
2026-03-29 10:11:14,109 [ERROR  ] __main__ (main.py:112): Drive upload failed (pipeline still succeeded)
Traceback (most recent call last):
  File "C:\Users\amith\ads-dashboard\monday-pnl\src\main.py", line 109, in run_pipeline
    link = drive_upload(output_path)
           ^^^^^^^^^^^^^^^^^^^^^^^^^
  File "C:\Users\amith\ads-dashboard\monday-pnl\src\drive_uploader.py", line 103, in upload
    creds = _get_credentials()
            ^^^^^^^^^^^^^^^^^^
  File "C:\Users\amith\ads-dashboard\monday-pnl\src\drive_uploader.py", line 44, in _get_credentials
    creds.refresh(Request())
  File "C:\Users\amith\AppData\Local\Programs\Python\Python312\Lib\site-packages\google\oauth2\credentials.py", line 431, in refresh
    ) = reauth.refresh_grant(
        ^^^^^^^^^^^^^^^^^^^^^
  File "C:\Users\amith\AppData\Local\Programs\Python\Python312\Lib\site-packages\google\oauth2\reauth.py", line 365, in refresh_grant
    _client._handle_error_response(response_data, retryable_error)
  File "C:\Users\amith\AppData\Local\Programs\Python\Python312\Lib\site-packages\google\oauth2\_client.py", line 72, in _handle_error_response
    raise exceptions.RefreshError(
google.auth.exceptions.RefreshError: ('invalid_grant: Token has been expired or revoked.', {'error': 'invalid_grant', 'error_description': 'Token has been expired or revoked.'})
2026-03-29 10:11:14,112 [INFO   ] __main__ (main.py:117): Step 7/7: WhatsApp skipped (unified message from Ads Analyzer)
2026-03-29 10:11:14,112 [INFO   ] __main__ (main.py:120): ============================================================
2026-03-29 10:11:14,112 [INFO   ] __main__ (main.py:121): Pipeline complete in 35.2s - 846 orders -> P&L.xlsx
2026-03-29 10:11:14,112 [INFO   ] __main__ (main.py:123): ============================================================
2026-03-29 12:55:02,704 [INFO   ] __main__ (main.py:63): ============================================================
2026-03-29 12:55:02,704 [INFO   ] __main__ (main.py:64): Starting P&L pipeline
2026-03-29 12:55:02,704 [INFO   ] __main__ (main.py:63): ============================================================
2026-03-29 12:55:02,704 [INFO   ] __main__ (main.py:65): Board ID: 2131896795 | Mode: INCLUDES_VAT | Currency: ILS
2026-03-29 12:55:02,704 [INFO   ] __main__ (main.py:64): Starting P&L pipeline
2026-03-29 12:55:02,704 [INFO   ] __main__ (main.py:67): ============================================================
2026-03-29 12:55:02,705 [INFO   ] __main__ (main.py:65): Board ID: 2131896795 | Mode: INCLUDES_VAT | Currency: ILS
2026-03-29 12:55:02,705 [INFO   ] __main__ (main.py:72): Step 1/4: Fetching items from Monday.com...
2026-03-29 12:55:02,705 [INFO   ] __main__ (main.py:67): ============================================================
2026-03-29 12:55:02,705 [INFO   ] __main__ (main.py:72): Step 1/4: Fetching items from Monday.com...
2026-03-29 12:55:02,705 [INFO   ] src.monday_client (monday_client.py:145): Fetching page 1 (cursor=START)...
2026-03-29 12:55:02,705 [INFO   ] src.monday_client (monday_client.py:145): Fetching page 1 (cursor=START)...
2026-03-29 12:55:06,321 [INFO   ] src.monday_client (monday_client.py:162):   -> Got 100 items (total so far: 100)
2026-03-29 12:55:06,322 [INFO   ] src.monday_client (monday_client.py:145): Fetching page 2 (cursor=MSwyMTMxODk2Nzk1LEVJZ29PdE1jMk1OQXdTcWxIRElJbSw4NDgsMTAwLHwxNzk2NDM4MDg)...
2026-03-29 12:55:06,326 [INFO   ] src.monday_client (monday_client.py:162):   -> Got 100 items (total so far: 100)
2026-03-29 12:55:06,326 [INFO   ] src.monday_client (monday_client.py:145): Fetching page 2 (cursor=MSwyMTMxODk2Nzk1LE8yR2JWTHY5NG1PeGs4RFhDeWVEOCw4NDgsMTAwLHwxOTg1NTYyMjg2)...
2026-03-29 12:55:10,008 [INFO   ] src.monday_client (monday_client.py:162):   -> Got 100 items (total so far: 200)
2026-03-29 12:55:10,009 [INFO   ] src.monday_client (monday_client.py:145): Fetching page 3 (cursor=MSwyMTMxODk2Nzk1LE8yR2JWTHY5NG1PeGs4RFhDeWVEOCw4NDgsMjAwLHwxNjkzMjQ3ODA4)...
2026-03-29 12:55:10,049 [INFO   ] src.monday_client (monday_client.py:162):   -> Got 100 items (total so far: 200)
2026-03-29 12:55:10,049 [INFO   ] src.monday_client (monday_client.py:145): Fetching page 3 (cursor=MSwyMTMxODk2Nzk1LEVJZ29PdE1jMk1OQXdTcWxIRElJbSw4NDgsMjAwLHw0MDI2ODg1OTA)...
2026-03-29 12:55:13,470 [INFO   ] src.monday_client (monday_client.py:162):   -> Got 100 items (total so far: 300)
2026-03-29 12:55:13,470 [INFO   ] src.monday_client (monday_client.py:145): Fetching page 4 (cursor=MSwyMTMxODk2Nzk1LEVJZ29PdE1jMk1OQXdTcWxIRElJbSw4NDgsMzAwLHwyNjk2NzM2MDQz)...
2026-03-29 12:55:13,591 [INFO   ] src.monday_client (monday_client.py:162):   -> Got 100 items (total so far: 300)
2026-03-29 12:55:13,591 [INFO   ] src.monday_client (monday_client.py:145): Fetching page 4 (cursor=MSwyMTMxODk2Nzk1LE8yR2JWTHY5NG1PeGs4RFhDeWVEOCw4NDgsMzAwLHwzNjk2MjY2Nzg5)...
2026-03-29 12:55:16,668 [INFO   ] src.monday_client (monday_client.py:162):   -> Got 100 items (total so far: 400)
2026-03-29 12:55:16,668 [INFO   ] src.monday_client (monday_client.py:145): Fetching page 5 (cursor=MSwyMTMxODk2Nzk1LEVJZ29PdE1jMk1OQXdTcWxIRElJbSw4NDgsNDAwLHwxMDMwNDc3MjAy)...
2026-03-29 12:55:17,241 [INFO   ] src.monday_client (monday_client.py:162):   -> Got 100 items (total so far: 400)
2026-03-29 12:55:17,241 [INFO   ] src.monday_client (monday_client.py:145): Fetching page 5 (cursor=MSwyMTMxODk2Nzk1LE8yR2JWTHY5NG1PeGs4RFhDeWVEOCw4NDgsNDAwLHwxMDk5NDEzMTQ4)...
2026-03-29 12:55:19,560 [INFO   ] src.monday_client (monday_client.py:162):   -> Got 100 items (total so far: 500)
2026-03-29 12:55:19,560 [INFO   ] src.monday_client (monday_client.py:145): Fetching page 6 (cursor=MSwyMTMxODk2Nzk1LEVJZ29PdE1jMk1OQXdTcWxIRElJbSw4NDgsNTAwLHwyMjQ1NTA1Nzgz)...
2026-03-29 12:55:20,252 [INFO   ] src.monday_client (monday_client.py:162):   -> Got 100 items (total so far: 500)
2026-03-29 12:55:20,253 [INFO   ] src.monday_client (monday_client.py:145): Fetching page 6 (cursor=MSwyMTMxODk2Nzk1LE8yR2JWTHY5NG1PeGs4RFhDeWVEOCw4NDgsNTAwLHw0MTgxNDQ3MTYx)...
2026-03-29 12:55:22,887 [INFO   ] src.monday_client (monday_client.py:162):   -> Got 100 items (total so far: 600)
2026-03-29 12:55:22,888 [INFO   ] src.monday_client (monday_client.py:145): Fetching page 7 (cursor=MSwyMTMxODk2Nzk1LEVJZ29PdE1jMk1OQXdTcWxIRElJbSw4NDgsNjAwLHwyNTM5Nzg5NTkz)...
2026-03-29 12:55:23,594 [INFO   ] src.monday_client (monday_client.py:162):   -> Got 100 items (total so far: 600)
2026-03-29 12:55:23,594 [INFO   ] src.monday_client (monday_client.py:145): Fetching page 7 (cursor=MSwyMTMxODk2Nzk1LE8yR2JWTHY5NG1PeGs4RFhDeWVEOCw4NDgsNjAwLHwzOTUxOTg0MTUx)...
2026-03-29 12:55:26,097 [INFO   ] src.monday_client (monday_client.py:162):   -> Got 100 items (total so far: 700)
2026-03-29 12:55:26,097 [INFO   ] src.monday_client (monday_client.py:145): Fetching page 8 (cursor=MSwyMTMxODk2Nzk1LEVJZ29PdE1jMk1OQXdTcWxIRElJbSw4NDgsNzAwLHw4MDMxMDk1MDA)...
2026-03-29 12:55:26,708 [INFO   ] src.monday_client (monday_client.py:162):   -> Got 100 items (total so far: 700)
2026-03-29 12:55:26,708 [INFO   ] src.monday_client (monday_client.py:145): Fetching page 8 (cursor=MSwyMTMxODk2Nzk1LE8yR2JWTHY5NG1PeGs4RFhDeWVEOCw4NDgsNzAwLHwxMzk1NzkyMjQy)...
2026-03-29 12:55:29,639 [INFO   ] src.monday_client (monday_client.py:162):   -> Got 100 items (total so far: 800)
2026-03-29 12:55:29,640 [INFO   ] src.monday_client (monday_client.py:145): Fetching page 9 (cursor=MSwyMTMxODk2Nzk1LEVJZ29PdE1jMk1OQXdTcWxIRElJbSw4NDgsODAwLHwyMDA4OTAyMTg2)...
2026-03-29 12:55:30,143 [INFO   ] src.monday_client (monday_client.py:162):   -> Got 100 items (total so far: 800)
2026-03-29 12:55:30,144 [INFO   ] src.monday_client (monday_client.py:145): Fetching page 9 (cursor=MSwyMTMxODk2Nzk1LE8yR2JWTHY5NG1PeGs4RFhDeWVEOCw4NDgsODAwLHwxODk4NjAxMzI)...
2026-03-29 12:55:31,556 [INFO   ] src.monday_client (monday_client.py:162):   -> Got 48 items (total so far: 848)
2026-03-29 12:55:31,556 [INFO   ] src.monday_client (monday_client.py:168): Finished fetching. Total items: 848
2026-03-29 12:55:31,556 [INFO   ] __main__ (main.py:76): Step 2/4: Normalizing orders...
2026-03-29 12:55:31,556 [INFO   ] src.order_mapper (order_mapper.py:287): Column validation passed (28 parent columns, 12 subitem columns seen)
2026-03-29 12:55:31,580 [INFO   ] src.order_mapper (order_mapper.py:304): Normalized 848 / 848 items
2026-03-29 12:55:31,580 [INFO   ] __main__ (main.py:83): Step 3/7: Computing P&L...
2026-03-29 12:55:31,587 [INFO   ] src.pnl_engine (pnl_engine.py:105): Computed P&L for 848 / 848 orders
2026-03-29 12:55:31,588 [INFO   ] __main__ (main.py:87): Step 4/7: Fetching Facebook Ads data...
2026-03-29 12:55:32,102 [INFO   ] src.monday_client (monday_client.py:162):   -> Got 48 items (total so far: 848)
2026-03-29 12:55:32,102 [INFO   ] src.monday_client (monday_client.py:168): Finished fetching. Total items: 848
2026-03-29 12:55:32,103 [INFO   ] __main__ (main.py:76): Step 2/4: Normalizing orders...
2026-03-29 12:55:32,103 [INFO   ] src.order_mapper (order_mapper.py:287): Column validation passed (28 parent columns, 12 subitem columns seen)
2026-03-29 12:55:32,134 [INFO   ] src.order_mapper (order_mapper.py:304): Normalized 848 / 848 items
2026-03-29 12:55:32,134 [INFO   ] __main__ (main.py:83): Step 3/7: Computing P&L...
2026-03-29 12:55:32,144 [INFO   ] src.pnl_engine (pnl_engine.py:105): Computed P&L for 848 / 848 orders
2026-03-29 12:55:32,144 [INFO   ] __main__ (main.py:87): Step 4/7: Fetching Facebook Ads data...
2026-03-29 12:55:33,293 [INFO   ] src.facebook_ads (facebook_ads.py:120): Fetched 29 days of Facebook Ads data
2026-03-29 12:55:33,342 [INFO   ] src.facebook_ads (facebook_ads.py:120): Fetched 29 days of Facebook Ads data
2026-03-29 12:55:34,054 [INFO   ] src.facebook_ads (facebook_ads.py:120): Fetched 29 days of Facebook Ads data
2026-03-29 12:55:34,055 [INFO   ] __main__ (main.py:96): Ad spend this month: 20983.11
2026-03-29 12:55:34,055 [INFO   ] __main__ (main.py:101): Step 5/7: Writing Excel workbook...
2026-03-29 12:55:34,055 [INFO   ] src.excel_writer (excel_writer.py:960): Loading existing workbook: P&L.xlsx
2026-03-29 12:55:34,273 [INFO   ] src.facebook_ads (facebook_ads.py:120): Fetched 29 days of Facebook Ads data
2026-03-29 12:55:34,274 [INFO   ] __main__ (main.py:96): Ad spend this month: 20983.11
2026-03-29 12:55:34,274 [INFO   ] __main__ (main.py:101): Step 5/7: Writing Excel workbook...
2026-03-29 12:55:34,275 [INFO   ] src.excel_writer (excel_writer.py:960): Loading existing workbook: P&L.xlsx
2026-03-29 12:55:35,562 [INFO   ] src.excel_writer (excel_writer.py:230): Sheet 'הזמנות_גולמי': 846 updated, 2 inserted
2026-03-29 12:55:35,962 [INFO   ] src.excel_writer (excel_writer.py:230): Sheet 'הזמנות_גולמי': 846 updated, 2 inserted
2026-03-29 12:55:37,127 [INFO   ] src.excel_writer (excel_writer.py:335): Sheet 'חישוב': 848 orders in 7 months
2026-03-29 12:55:37,174 [INFO   ] src.excel_writer (excel_writer.py:1011): No duplicate order_ids in Calc sheet.
2026-03-29 12:55:37,260 [INFO   ] src.excel_writer (excel_writer.py:335): Sheet 'חישוב': 848 orders in 7 months
2026-03-29 12:55:37,302 [INFO   ] src.excel_writer (excel_writer.py:1011): No duplicate order_ids in Calc sheet.
2026-03-29 12:55:37,528 [INFO   ] src.excel_writer (excel_writer.py:989): Workbook saved: P&L.xlsx (848 orders)
2026-03-29 12:55:37,528 [INFO   ] __main__ (main.py:106): Step 6/7: Uploading to Google Drive...
2026-03-29 12:55:37,702 [INFO   ] src.excel_writer (excel_writer.py:989): Workbook saved: P&L.xlsx (848 orders)
2026-03-29 12:55:37,702 [INFO   ] __main__ (main.py:106): Step 6/7: Uploading to Google Drive...
2026-03-29 12:55:38,141 [INFO   ] src.drive_uploader (drive_uploader.py:43): Refreshing Drive token...
2026-03-29 12:55:38,279 [INFO   ] src.drive_uploader (drive_uploader.py:43): Refreshing Drive token...
2026-03-29 12:55:38,389 [ERROR  ] __main__ (main.py:112): Drive upload failed (pipeline still succeeded)
Traceback (most recent call last):
  File "C:\Users\amith\ads-dashboard\monday-pnl\src\main.py", line 109, in run_pipeline
    link = drive_upload(output_path)
           ^^^^^^^^^^^^^^^^^^^^^^^^^
  File "C:\Users\amith\ads-dashboard\monday-pnl\src\drive_uploader.py", line 103, in upload
    creds = _get_credentials()
            ^^^^^^^^^^^^^^^^^^
  File "C:\Users\amith\ads-dashboard\monday-pnl\src\drive_uploader.py", line 44, in _get_credentials
    creds.refresh(Request())
  File "C:\Users\amith\AppData\Local\Programs\Python\Python312\Lib\site-packages\google\oauth2\credentials.py", line 431, in refresh
    ) = reauth.refresh_grant(
        ^^^^^^^^^^^^^^^^^^^^^
  File "C:\Users\amith\AppData\Local\Programs\Python\Python312\Lib\site-packages\google\oauth2\reauth.py", line 365, in refresh_grant
    _client._handle_error_response(response_data, retryable_error)
  File "C:\Users\amith\AppData\Local\Programs\Python\Python312\Lib\site-packages\google\oauth2\_client.py", line 72, in _handle_error_response
    raise exceptions.RefreshError(
google.auth.exceptions.RefreshError: ('invalid_grant: Token has been expired or revoked.', {'error': 'invalid_grant', 'error_description': 'Token has been expired or revoked.'})
2026-03-29 12:55:38,391 [INFO   ] __main__ (main.py:117): Step 7/7: WhatsApp skipped (unified message from Ads Analyzer)
2026-03-29 12:55:38,392 [INFO   ] __main__ (main.py:120): ============================================================
2026-03-29 12:55:38,392 [INFO   ] __main__ (main.py:121): Pipeline complete in 35.7s - 848 orders -> P&L.xlsx
2026-03-29 12:55:38,392 [INFO   ] __main__ (main.py:123): ============================================================
2026-03-29 12:55:38,490 [ERROR  ] __main__ (main.py:112): Drive upload failed (pipeline still succeeded)
Traceback (most recent call last):
  File "C:\Users\amith\ads-dashboard\monday-pnl\src\main.py", line 109, in run_pipeline
    link = drive_upload(output_path)
           ^^^^^^^^^^^^^^^^^^^^^^^^^
  File "C:\Users\amith\ads-dashboard\monday-pnl\src\drive_uploader.py", line 103, in upload
    creds = _get_credentials()
            ^^^^^^^^^^^^^^^^^^
  File "C:\Users\amith\ads-dashboard\monday-pnl\src\drive_uploader.py", line 44, in _get_credentials
    creds.refresh(Request())
  File "C:\Users\amith\AppData\Local\Programs\Python\Python312\Lib\site-packages\google\oauth2\credentials.py", line 431, in refresh
    ) = reauth.refresh_grant(
        ^^^^^^^^^^^^^^^^^^^^^
  File "C:\Users\amith\AppData\Local\Programs\Python\Python312\Lib\site-packages\google\oauth2\reauth.py", line 365, in refresh_grant
    _client._handle_error_response(response_data, retryable_error)
  File "C:\Users\amith\AppData\Local\Programs\Python\Python312\Lib\site-packages\google\oauth2\_client.py", line 72, in _handle_error_response
    raise exceptions.RefreshError(
google.auth.exceptions.RefreshError: ('invalid_grant: Token has been expired or revoked.', {'error': 'invalid_grant', 'error_description': 'Token has been expired or revoked.'})
2026-03-29 12:55:38,492 [INFO   ] __main__ (main.py:117): Step 7/7: WhatsApp skipped (unified message from Ads Analyzer)
2026-03-29 12:55:38,493 [INFO   ] __main__ (main.py:120): ============================================================
2026-03-29 12:55:38,493 [INFO   ] __main__ (main.py:121): Pipeline complete in 35.8s - 848 orders -> P&L.xlsx
2026-03-29 12:55:38,493 [INFO   ] __main__ (main.py:123): ============================================================
2026-03-30 11:27:30,869 [INFO   ] __main__ (main.py:63): ============================================================
2026-03-30 11:27:30,869 [INFO   ] __main__ (main.py:64): Starting P&L pipeline
2026-03-30 11:27:30,869 [INFO   ] __main__ (main.py:65): Board ID: 2131896795 | Mode: INCLUDES_VAT | Currency: ILS
2026-03-30 11:27:30,869 [INFO   ] __main__ (main.py:67): ============================================================
2026-03-30 11:27:30,869 [INFO   ] __main__ (main.py:72): Step 1/4: Fetching items from Monday.com...
2026-03-30 11:27:30,870 [INFO   ] src.monday_client (monday_client.py:145): Fetching page 1 (cursor=START)...
2026-03-30 11:27:35,748 [INFO   ] src.monday_client (monday_client.py:162):   -> Got 100 items (total so far: 100)
2026-03-30 11:27:35,748 [INFO   ] src.monday_client (monday_client.py:145): Fetching page 2 (cursor=MSwyMTMxODk2Nzk1LFI3VXoyMzJ5WlotckhVMEc3b0FHbiw4NjAsMTAwLHw0MzkxMDQwMjg)...
2026-03-30 11:27:39,896 [INFO   ] src.monday_client (monday_client.py:162):   -> Got 100 items (total so far: 200)
2026-03-30 11:27:39,896 [INFO   ] src.monday_client (monday_client.py:145): Fetching page 3 (cursor=MSwyMTMxODk2Nzk1LFI3VXoyMzJ5WlotckhVMEc3b0FHbiw4NjAsMjAwLHwxNDQyODUxNzA)...
2026-03-30 11:27:43,285 [INFO   ] src.monday_client (monday_client.py:162):   -> Got 100 items (total so far: 300)
2026-03-30 11:27:43,285 [INFO   ] src.monday_client (monday_client.py:145): Fetching page 4 (cursor=MSwyMTMxODk2Nzk1LFI3VXoyMzJ5WlotckhVMEc3b0FHbiw4NjAsMzAwLHwyOTU1Mjc4OTk5)...
2026-03-30 11:27:47,137 [INFO   ] src.monday_client (monday_client.py:162):   -> Got 100 items (total so far: 400)
2026-03-30 11:27:47,137 [INFO   ] src.monday_client (monday_client.py:145): Fetching page 5 (cursor=MSwyMTMxODk2Nzk1LFI3VXoyMzJ5WlotckhVMEc3b0FHbiw4NjAsNDAwLHw3NzA4ODQxNDI)...
2026-03-30 11:27:50,439 [INFO   ] src.monday_client (monday_client.py:162):   -> Got 100 items (total so far: 500)
2026-03-30 11:27:50,441 [INFO   ] src.monday_client (monday_client.py:145): Fetching page 6 (cursor=MSwyMTMxODk2Nzk1LFI3VXoyMzJ5WlotckhVMEc3b0FHbiw4NjAsNTAwLHwyNTA0OTU5MzA3)...
2026-03-30 11:27:54,311 [INFO   ] src.monday_client (monday_client.py:162):   -> Got 100 items (total so far: 600)
2026-03-30 11:27:54,311 [INFO   ] src.monday_client (monday_client.py:145): Fetching page 7 (cursor=MSwyMTMxODk2Nzk1LFI3VXoyMzJ5WlotckhVMEc3b0FHbiw4NjAsNjAwLHwyMjgxMzc2NDIx)...
2026-03-30 11:27:58,238 [INFO   ] src.monday_client (monday_client.py:162):   -> Got 100 items (total so far: 700)
2026-03-30 11:27:58,238 [INFO   ] src.monday_client (monday_client.py:145): Fetching page 8 (cursor=MSwyMTMxODk2Nzk1LFI3VXoyMzJ5WlotckhVMEc3b0FHbiw4NjAsNzAwLHwxMDYxNjQ1NzYw)...
2026-03-30 11:28:03,475 [INFO   ] src.monday_client (monday_client.py:162):   -> Got 100 items (total so far: 800)
2026-03-30 11:28:03,475 [INFO   ] src.monday_client (monday_client.py:145): Fetching page 9 (cursor=MSwyMTMxODk2Nzk1LFI3VXoyMzJ5WlotckhVMEc3b0FHbiw4NjAsODAwLHwxNzMwNDQ0Njk0)...
2026-03-30 11:28:06,198 [INFO   ] src.monday_client (monday_client.py:162):   -> Got 60 items (total so far: 860)
2026-03-30 11:28:06,198 [INFO   ] src.monday_client (monday_client.py:168): Finished fetching. Total items: 860
2026-03-30 11:28:06,198 [INFO   ] __main__ (main.py:76): Step 2/4: Normalizing orders...
2026-03-30 11:28:06,198 [INFO   ] src.order_mapper (order_mapper.py:287): Column validation passed (28 parent columns, 12 subitem columns seen)
2026-03-30 11:28:06,217 [INFO   ] src.order_mapper (order_mapper.py:304): Normalized 860 / 860 items
2026-03-30 11:28:06,217 [INFO   ] __main__ (main.py:83): Step 3/7: Computing P&L...
2026-03-30 11:28:07,309 [INFO   ] pnl_shared.exchange_rate (exchange_rate.py:82): Live exchange rate: 1 USD = 3.1525 ILS (source: https://open.er-api.com/v6/latest/USD)
2026-03-30 11:28:07,309 [INFO   ] src.pnl_engine (pnl_engine.py:120): Using exchange rate: 1 USD = 3.1525 ILS
2026-03-30 11:28:07,312 [INFO   ] src.pnl_engine (pnl_engine.py:128): Computed P&L for 860 / 860 orders
2026-03-30 11:28:07,313 [INFO   ] __main__ (main.py:87): Step 4/7: Fetching Facebook Ads data...
2026-03-30 11:28:08,738 [INFO   ] src.facebook_ads (facebook_ads.py:120): Fetched 30 days of Facebook Ads data
2026-03-30 11:28:09,684 [INFO   ] src.facebook_ads (facebook_ads.py:120): Fetched 30 days of Facebook Ads data
2026-03-30 11:28:09,685 [INFO   ] __main__ (main.py:96): Ad spend this month: 22066.28
2026-03-30 11:28:09,685 [INFO   ] __main__ (main.py:101): Step 5/7: Writing Excel workbook...
2026-03-30 11:28:09,685 [INFO   ] src.excel_writer (excel_writer.py:960): Loading existing workbook: P&L.xlsx
2026-03-30 12:55:02,206 [INFO   ] __main__ (main.py:63): ============================================================
2026-03-30 12:55:02,206 [INFO   ] __main__ (main.py:63): ============================================================
2026-03-30 12:55:02,206 [INFO   ] __main__ (main.py:64): Starting P&L pipeline
2026-03-30 12:55:02,206 [INFO   ] __main__ (main.py:64): Starting P&L pipeline
2026-03-30 12:55:02,206 [INFO   ] __main__ (main.py:65): Board ID: 2131896795 | Mode: INCLUDES_VAT | Currency: ILS
2026-03-30 12:55:02,206 [INFO   ] __main__ (main.py:65): Board ID: 2131896795 | Mode: INCLUDES_VAT | Currency: ILS
2026-03-30 12:55:02,206 [INFO   ] __main__ (main.py:67): ============================================================
2026-03-30 12:55:02,206 [INFO   ] __main__ (main.py:67): ============================================================
2026-03-30 12:55:02,206 [INFO   ] __main__ (main.py:72): Step 1/4: Fetching items from Monday.com...
2026-03-30 12:55:02,206 [INFO   ] __main__ (main.py:72): Step 1/4: Fetching items from Monday.com...
2026-03-30 12:55:02,206 [INFO   ] src.monday_client (monday_client.py:145): Fetching page 1 (cursor=START)...
2026-03-30 12:55:02,206 [INFO   ] src.monday_client (monday_client.py:145): Fetching page 1 (cursor=START)...
2026-03-30 12:55:06,360 [INFO   ] src.monday_client (monday_client.py:162):   -> Got 100 items (total so far: 100)
2026-03-30 12:55:06,362 [INFO   ] src.monday_client (monday_client.py:145): Fetching page 2 (cursor=MSwyMTMxODk2Nzk1LEo1N2pkUGZ1d1JNdkpObkR2Vm45TCw4NjAsMTAwLHwzNjg5NjQxNTE5)...
2026-03-30 12:55:06,662 [INFO   ] src.monday_client (monday_client.py:162):   -> Got 100 items (total so far: 100)
2026-03-30 12:55:06,664 [INFO   ] src.monday_client (monday_client.py:145): Fetching page 2 (cursor=MSwyMTMxODk2Nzk1LFVKS21Gb2gyNDVjWlIzQk54RjJEdyw4NjAsMTAwLHw2NjAwODY4MA)...
2026-03-30 12:55:10,065 [INFO   ] src.monday_client (monday_client.py:162):   -> Got 100 items (total so far: 200)
2026-03-30 12:55:10,066 [INFO   ] src.monday_client (monday_client.py:145): Fetching page 3 (cursor=MSwyMTMxODk2Nzk1LEo1N2pkUGZ1d1JNdkpObkR2Vm45TCw4NjAsMjAwLHwzMzc4NDM2NTQ1)...
2026-03-30 12:55:10,456 [INFO   ] src.monday_client (monday_client.py:162):   -> Got 100 items (total so far: 200)
2026-03-30 12:55:10,456 [INFO   ] src.monday_client (monday_client.py:145): Fetching page 3 (cursor=MSwyMTMxODk2Nzk1LFVKS21Gb2gyNDVjWlIzQk54RjJEdyw4NjAsMjAwLHwyOTExNTAyMTQ)...
2026-03-30 12:55:13,351 [INFO   ] src.monday_client (monday_client.py:162):   -> Got 100 items (total so far: 300)
2026-03-30 12:55:13,351 [INFO   ] src.monday_client (monday_client.py:145): Fetching page 4 (cursor=MSwyMTMxODk2Nzk1LEo1N2pkUGZ1d1JNdkpObkR2Vm45TCw4NjAsMzAwLHwxOTEwNjg1MzQ4)...
2026-03-30 12:55:13,352 [INFO   ] src.monday_client (monday_client.py:162):   -> Got 100 items (total so far: 300)
2026-03-30 12:55:13,352 [INFO   ] src.monday_client (monday_client.py:145): Fetching page 4 (cursor=MSwyMTMxODk2Nzk1LFVKS21Gb2gyNDVjWlIzQk54RjJEdyw4NjAsMzAwLHwyODUwNDg4MDM1)...
2026-03-30 12:55:16,852 [INFO   ] src.monday_client (monday_client.py:162):   -> Got 100 items (total so far: 400)
2026-03-30 12:55:16,853 [INFO   ] src.monday_client (monday_client.py:145): Fetching page 5 (cursor=MSwyMTMxODk2Nzk1LEo1N2pkUGZ1d1JNdkpObkR2Vm45TCw4NjAsNDAwLHwzOTYyOTMwNzE3)...
2026-03-30 12:55:19,802 [INFO   ] src.monday_client (monday_client.py:162):   -> Got 100 items (total so far: 500)
2026-03-30 12:55:19,802 [INFO   ] src.monday_client (monday_client.py:145): Fetching page 6 (cursor=MSwyMTMxODk2Nzk1LEo1N2pkUGZ1d1JNdkpObkR2Vm45TCw4NjAsNTAwLHwxNDE4MzIyMjk2)...
2026-03-30 12:55:23,168 [INFO   ] src.monday_client (monday_client.py:162):   -> Got 100 items (total so far: 600)
2026-03-30 12:55:23,168 [INFO   ] src.monday_client (monday_client.py:145): Fetching page 7 (cursor=MSwyMTMxODk2Nzk1LEo1N2pkUGZ1d1JNdkpObkR2Vm45TCw4NjAsNjAwLHwxMTc4MzU3Mzk4)...
2026-03-30 12:55:26,712 [INFO   ] src.monday_client (monday_client.py:162):   -> Got 100 items (total so far: 700)
2026-03-30 12:55:26,712 [INFO   ] src.monday_client (monday_client.py:145): Fetching page 8 (cursor=MSwyMTMxODk2Nzk1LEo1N2pkUGZ1d1JNdkpObkR2Vm45TCw4NjAsNzAwLHw0MjY5ODEyMjEx)...
2026-03-30 12:55:28,762 [WARNING] src.monday_client (monday_client.py:86): Server error 500. Retrying in 2.0s (attempt 1/5)
2026-03-30 12:55:30,821 [INFO   ] src.monday_client (monday_client.py:162):   -> Got 100 items (total so far: 800)
2026-03-30 12:55:30,821 [INFO   ] src.monday_client (monday_client.py:145): Fetching page 9 (cursor=MSwyMTMxODk2Nzk1LEo1N2pkUGZ1d1JNdkpObkR2Vm45TCw4NjAsODAwLHwyNzk5OTA5Mjg1)...
2026-03-30 12:55:33,304 [INFO   ] src.monday_client (monday_client.py:162):   -> Got 60 items (total so far: 860)
2026-03-30 12:55:33,304 [INFO   ] src.monday_client (monday_client.py:168): Finished fetching. Total items: 860
2026-03-30 12:55:33,304 [INFO   ] __main__ (main.py:76): Step 2/4: Normalizing orders...
2026-03-30 12:55:33,304 [INFO   ] src.order_mapper (order_mapper.py:287): Column validation passed (28 parent columns, 12 subitem columns seen)
2026-03-30 12:55:33,320 [INFO   ] src.order_mapper (order_mapper.py:304): Normalized 860 / 860 items
2026-03-30 12:55:33,320 [INFO   ] __main__ (main.py:83): Step 3/7: Computing P&L...
2026-03-30 12:55:33,472 [INFO   ] pnl_shared.exchange_rate (exchange_rate.py:82): Live exchange rate: 1 USD = 3.1525 ILS (source: https://open.er-api.com/v6/latest/USD)
2026-03-30 12:55:33,472 [INFO   ] src.pnl_engine (pnl_engine.py:120): Using exchange rate: 1 USD = 3.1525 ILS
2026-03-30 12:55:33,474 [INFO   ] src.pnl_engine (pnl_engine.py:128): Computed P&L for 860 / 860 orders
2026-03-30 12:55:33,474 [INFO   ] __main__ (main.py:87): Step 4/7: Fetching Facebook Ads data...
2026-03-30 12:55:33,847 [INFO   ] src.monday_client (monday_client.py:162):   -> Got 100 items (total so far: 400)
2026-03-30 12:55:33,848 [INFO   ] src.monday_client (monday_client.py:145): Fetching page 5 (cursor=MSwyMTMxODk2Nzk1LFVKS21Gb2gyNDVjWlIzQk54RjJEdyw4NjAsNDAwLHw4NzU2NzcyNzQ)...
2026-03-30 12:55:35,038 [INFO   ] src.facebook_ads (facebook_ads.py:120): Fetched 30 days of Facebook Ads data
2026-03-30 12:55:36,037 [INFO   ] src.facebook_ads (facebook_ads.py:120): Fetched 30 days of Facebook Ads data
2026-03-30 12:55:36,037 [INFO   ] __main__ (main.py:96): Ad spend this month: 22160.56
2026-03-30 12:55:36,037 [INFO   ] __main__ (main.py:101): Step 5/7: Writing Excel workbook...
2026-03-30 12:55:36,037 [INFO   ] src.excel_writer (excel_writer.py:960): Loading existing workbook: P&L.xlsx
2026-03-30 12:55:37,117 [INFO   ] src.monday_client (monday_client.py:162):   -> Got 100 items (total so far: 500)
2026-03-30 12:55:37,117 [INFO   ] src.monday_client (monday_client.py:145): Fetching page 6 (cursor=MSwyMTMxODk2Nzk1LFVKS21Gb2gyNDVjWlIzQk54RjJEdyw4NjAsNTAwLHwyMzU4MDkyMDk1)...
2026-03-30 12:55:40,314 [INFO   ] src.monday_client (monday_client.py:162):   -> Got 100 items (total so far: 600)
2026-03-30 12:55:40,315 [INFO   ] src.monday_client (monday_client.py:145): Fetching page 7 (cursor=MSwyMTMxODk2Nzk1LFVKS21Gb2gyNDVjWlIzQk54RjJEdyw4NjAsNjAwLHwyNjU0NDczOTM3)...
2026-03-30 12:55:43,823 [INFO   ] src.monday_client (monday_client.py:162):   -> Got 100 items (total so far: 700)
2026-03-30 12:55:43,823 [INFO   ] src.monday_client (monday_client.py:145): Fetching page 8 (cursor=MSwyMTMxODk2Nzk1LFVKS21Gb2gyNDVjWlIzQk54RjJEdyw4NjAsNzAwLHw2NDYyMTIwMjA)...
2026-03-30 12:55:46,978 [INFO   ] src.monday_client (monday_client.py:162):   -> Got 100 items (total so far: 800)
2026-03-30 12:55:46,979 [INFO   ] src.monday_client (monday_client.py:145): Fetching page 9 (cursor=MSwyMTMxODk2Nzk1LFVKS21Gb2gyNDVjWlIzQk54RjJEdyw4NjAsODAwLHwyMTI5MDk5MjM0)...
2026-03-30 12:55:49,266 [INFO   ] src.monday_client (monday_client.py:162):   -> Got 60 items (total so far: 860)
2026-03-30 12:55:49,266 [INFO   ] src.monday_client (monday_client.py:168): Finished fetching. Total items: 860
2026-03-30 12:55:49,266 [INFO   ] __main__ (main.py:76): Step 2/4: Normalizing orders...
2026-03-30 12:55:49,268 [INFO   ] src.order_mapper (order_mapper.py:287): Column validation passed (28 parent columns, 12 subitem columns seen)
2026-03-30 12:55:49,282 [INFO   ] src.order_mapper (order_mapper.py:304): Normalized 860 / 860 items
2026-03-30 12:55:49,282 [INFO   ] __main__ (main.py:83): Step 3/7: Computing P&L...
2026-03-30 12:55:49,319 [INFO   ] pnl_shared.exchange_rate (exchange_rate.py:82): Live exchange rate: 1 USD = 3.1525 ILS (source: https://open.er-api.com/v6/latest/USD)
2026-03-30 12:55:49,319 [INFO   ] src.pnl_engine (pnl_engine.py:120): Using exchange rate: 1 USD = 3.1525 ILS
2026-03-30 12:55:49,321 [INFO   ] src.pnl_engine (pnl_engine.py:128): Computed P&L for 860 / 860 orders
2026-03-30 12:55:49,321 [INFO   ] __main__ (main.py:87): Step 4/7: Fetching Facebook Ads data...
2026-03-30 12:55:50,440 [INFO   ] src.facebook_ads (facebook_ads.py:120): Fetched 30 days of Facebook Ads data
2026-03-30 12:55:51,087 [INFO   ] src.facebook_ads (facebook_ads.py:120): Fetched 30 days of Facebook Ads data
2026-03-30 12:55:51,088 [INFO   ] __main__ (main.py:96): Ad spend this month: 22160.56
2026-03-30 12:55:51,088 [INFO   ] __main__ (main.py:101): Step 5/7: Writing Excel workbook...
2026-03-30 12:55:51,088 [INFO   ] src.excel_writer (excel_writer.py:960): Loading existing workbook: P&L.xlsx
2026-03-30 20:33:40,908 [INFO   ] __main__ (main.py:63): ============================================================
2026-03-30 20:33:40,910 [INFO   ] __main__ (main.py:64): Starting P&L pipeline
2026-03-30 20:33:40,911 [INFO   ] __main__ (main.py:65): Board ID: 2131896795 | Mode: INCLUDES_VAT | Currency: ILS
2026-03-30 20:33:40,912 [INFO   ] __main__ (main.py:67): ============================================================
2026-03-30 20:33:40,913 [INFO   ] __main__ (main.py:72): Step 1/4: Fetching items from Monday.com...
2026-03-30 20:33:40,914 [INFO   ] src.monday_client (monday_client.py:145): Fetching page 1 (cursor=START)...
2026-03-30 20:33:40,919 [WARNING] src.monday_client (monday_client.py:112): Connection error: HTTPSConnectionPool(host='api.monday.com', port=443): Max retries exceeded with url: /v2 (Caused by ProxyError('Unable to connect to proxy', OSError('Tunnel connection failed: 403 Forbidden'))). Retrying in 2.0s (attempt 1/5)
2026-03-30 20:33:42,925 [WARNING] src.monday_client (monday_client.py:112): Connection error: HTTPSConnectionPool(host='api.monday.com', port=443): Max retries exceeded with url: /v2 (Caused by ProxyError('Unable to connect to proxy', OSError('Tunnel connection failed: 403 Forbidden'))). Retrying in 4.0s (attempt 2/5)
2026-03-30 20:33:46,933 [WARNING] src.monday_client (monday_client.py:112): Connection error: HTTPSConnectionPool(host='api.monday.com', port=443): Max retries exceeded with url: /v2 (Caused by ProxyError('Unable to connect to proxy', OSError('Tunnel connection failed: 403 Forbidden'))). Retrying in 8.0s (attempt 3/5)
2026-03-30 20:33:54,945 [WARNING] src.monday_client (monday_client.py:112): Connection error: HTTPSConnectionPool(host='api.monday.com', port=443): Max retries exceeded with url: /v2 (Caused by ProxyError('Unable to connect to proxy', OSError('Tunnel connection failed: 403 Forbidden'))). Retrying in 16.0s (attempt 4/5)
2026-03-30 20:34:10,965 [WARNING] src.monday_client (monday_client.py:112): Connection error: HTTPSConnectionPool(host='api.monday.com', port=443): Max retries exceeded with url: /v2 (Caused by ProxyError('Unable to connect to proxy', OSError('Tunnel connection failed: 403 Forbidden'))). Retrying in 32.0s (attempt 5/5)
2026-04-01 09:36:31,486 [INFO   ] __main__ (main.py:63): ============================================================
2026-04-01 09:36:31,486 [INFO   ] __main__ (main.py:64): Starting P&L pipeline
2026-04-01 09:36:31,486 [INFO   ] __main__ (main.py:65): Board ID: 2131896795 | Mode: INCLUDES_VAT | Currency: ILS
2026-04-01 09:36:31,486 [INFO   ] __main__ (main.py:67): ============================================================
2026-04-01 09:36:31,487 [INFO   ] __main__ (main.py:72): Step 1/4: Fetching items from Monday.com...
2026-04-01 09:36:31,487 [INFO   ] src.monday_client (monday_client.py:145): Fetching page 1 (cursor=START)...
2026-04-01 09:36:36,183 [INFO   ] src.monday_client (monday_client.py:162):   -> Got 100 items (total so far: 100)
2026-04-01 09:36:36,183 [INFO   ] src.monday_client (monday_client.py:145): Fetching page 2 (cursor=MSwyMTMxODk2Nzk1LEJRc0ZjZjdpazlneTlyNlhSTlcyZiw4ODQsMTAwLHwyODgxOTkyOTIz)...
2026-04-01 09:36:40,301 [INFO   ] src.monday_client (monday_client.py:162):   -> Got 100 items (total so far: 200)
2026-04-01 09:36:40,302 [INFO   ] src.monday_client (monday_client.py:145): Fetching page 3 (cursor=MSwyMTMxODk2Nzk1LEJRc0ZjZjdpazlneTlyNlhSTlcyZiw4ODQsMjAwLHwzMTExMjYyMDA1)...
2026-04-01 09:36:43,511 [INFO   ] src.monday_client (monday_client.py:162):   -> Got 100 items (total so far: 300)
2026-04-01 09:36:43,511 [INFO   ] src.monday_client (monday_client.py:145): Fetching page 4 (cursor=MSwyMTMxODk2Nzk1LEJRc0ZjZjdpazlneTlyNlhSTlcyZiw4ODQsMzAwLHwzMDMwNjM4NA)...
2026-04-01 09:36:46,623 [INFO   ] src.monday_client (monday_client.py:162):   -> Got 100 items (total so far: 400)
2026-04-01 09:36:46,623 [INFO   ] src.monday_client (monday_client.py:145): Fetching page 5 (cursor=MSwyMTMxODk2Nzk1LEJRc0ZjZjdpazlneTlyNlhSTlcyZiw4ODQsNDAwLHwyNjE4OTAyNzYx)...
2026-04-01 09:36:50,327 [INFO   ] src.monday_client (monday_client.py:162):   -> Got 100 items (total so far: 500)
2026-04-01 09:36:50,327 [INFO   ] src.monday_client (monday_client.py:145): Fetching page 6 (cursor=MSwyMTMxODk2Nzk1LEJRc0ZjZjdpazlneTlyNlhSTlcyZiw4ODQsNTAwLHw2MTQ4MDUzODg)...
2026-04-01 09:36:54,089 [INFO   ] src.monday_client (monday_client.py:162):   -> Got 100 items (total so far: 600)
2026-04-01 09:36:54,089 [INFO   ] src.monday_client (monday_client.py:145): Fetching page 7 (cursor=MSwyMTMxODk2Nzk1LEJRc0ZjZjdpazlneTlyNlhSTlcyZiw4ODQsNjAwLHw5MDcwNTExMDY)...
2026-04-01 09:36:57,350 [INFO   ] src.monday_client (monday_client.py:162):   -> Got 100 items (total so far: 700)
2026-04-01 09:36:57,350 [INFO   ] src.monday_client (monday_client.py:145): Fetching page 8 (cursor=MSwyMTMxODk2Nzk1LEJRc0ZjZjdpazlneTlyNlhSTlcyZiw4ODQsNzAwLHwyMzkzNjk2MDA3)...
2026-04-01 09:37:01,433 [INFO   ] src.monday_client (monday_client.py:162):   -> Got 100 items (total so far: 800)
2026-04-01 09:37:01,433 [INFO   ] src.monday_client (monday_client.py:145): Fetching page 9 (cursor=MSwyMTMxODk2Nzk1LEJRc0ZjZjdpazlneTlyNlhSTlcyZiw4ODQsODAwLHwzNjAzOTUzNDg5)...
2026-04-01 09:37:04,824 [INFO   ] src.monday_client (monday_client.py:162):   -> Got 84 items (total so far: 884)
2026-04-01 09:37:04,824 [INFO   ] src.monday_client (monday_client.py:168): Finished fetching. Total items: 884
2026-04-01 09:37:04,824 [INFO   ] __main__ (main.py:76): Step 2/4: Normalizing orders...
2026-04-01 09:37:04,824 [INFO   ] src.order_mapper (order_mapper.py:287): Column validation passed (28 parent columns, 12 subitem columns seen)
2026-04-01 09:37:04,838 [INFO   ] src.order_mapper (order_mapper.py:304): Normalized 884 / 884 items
2026-04-01 09:37:04,838 [INFO   ] __main__ (main.py:83): Step 3/7: Computing P&L...
2026-04-01 09:37:04,930 [INFO   ] pnl_shared.exchange_rate (exchange_rate.py:82): Live exchange rate: 1 USD = 3.1536 ILS (source: https://open.er-api.com/v6/latest/USD)
2026-04-01 09:37:04,930 [INFO   ] src.pnl_engine (pnl_engine.py:120): Using exchange rate: 1 USD = 3.1536 ILS
2026-04-01 09:37:04,933 [INFO   ] src.pnl_engine (pnl_engine.py:128): Computed P&L for 884 / 884 orders
2026-04-01 09:37:04,933 [INFO   ] __main__ (main.py:87): Step 4/7: Fetching Facebook Ads data...
2026-04-01 09:37:05,488 [ERROR  ] src.facebook_ads (facebook_ads.py:40): Failed to fetch Facebook Ads insights
Traceback (most recent call last):
  File "C:\Users\amith\ads-dashboard\monday-pnl\src\facebook_ads.py", line 36, in _fetch_insights
    resp.raise_for_status()
  File "C:\Users\amith\AppData\Local\Programs\Python\Python312\Lib\site-packages\requests\models.py", line 1024, in raise_for_status
    raise HTTPError(http_error_msg, response=self)
requests.exceptions.HTTPError: 400 Client Error: Bad Request for url: https://graph.facebook.com/v22.0/act_1020824739687760/insights?access_token=EAAVVSo0stdABQ1JHmZBJWBBzQW4LhEtpVZAoBGiAMQAAYYXUPTrwEEgKGsr4NcY3NTVcSLKQVfySkS1H8t0Gc3hcEB8IBhYvu7xLGcZBfsNZApLth7SG8pZAybi0n3OJTA6ATHQZBwOAtcEOtHWUxvtI81eqD2zs9fqLpGSOycDkpoM2hrUvnxxVY5mvB6G3MClO3wOXGG&fields=spend%2Cimpressions%2Cclicks%2Cactions%2Ccost_per_action_type&time_range=%7B%22since%22%3A+%222026-04-01%22%2C+%22until%22%3A+%222026-04-01%22%7D&level=account
2026-04-01 09:37:05,876 [ERROR  ] src.facebook_ads (facebook_ads.py:123): Failed to fetch daily Facebook Ads breakdown
Traceback (most recent call last):
  File "C:\Users\amith\ads-dashboard\monday-pnl\src\facebook_ads.py", line 109, in fetch_daily_breakdown
    resp.raise_for_status()
  File "C:\Users\amith\AppData\Local\Programs\Python\Python312\Lib\site-packages\requests\models.py", line 1024, in raise_for_status
    raise HTTPError(http_error_msg, response=self)
requests.exceptions.HTTPError: 400 Client Error: Bad Request for url: https://graph.facebook.com/v22.0/act_1020824739687760/insights?access_token=EAAVVSo0stdABQ1JHmZBJWBBzQW4LhEtpVZAoBGiAMQAAYYXUPTrwEEgKGsr4NcY3NTVcSLKQVfySkS1H8t0Gc3hcEB8IBhYvu7xLGcZBfsNZApLth7SG8pZAybi0n3OJTA6ATHQZBwOAtcEOtHWUxvtI81eqD2zs9fqLpGSOycDkpoM2hrUvnxxVY5mvB6G3MClO3wOXGG&fields=spend%2Cimpressions%2Cclicks%2Cactions&time_range=%7B%22since%22%3A+%222026-04-01%22%2C+%22until%22%3A+%222026-04-01%22%7D&time_increment=1&level=account&limit=31
2026-04-01 09:37:06,612 [ERROR  ] src.facebook_ads (facebook_ads.py:123): Failed to fetch daily Facebook Ads breakdown
Traceback (most recent call last):
  File "C:\Users\amith\ads-dashboard\monday-pnl\src\facebook_ads.py", line 109, in fetch_daily_breakdown
    resp.raise_for_status()
  File "C:\Users\amith\AppData\Local\Programs\Python\Python312\Lib\site-packages\requests\models.py", line 1024, in raise_for_status
    raise HTTPError(http_error_msg, response=self)
requests.exceptions.HTTPError: 400 Client Error: Bad Request for url: https://graph.facebook.com/v22.0/act_1020824739687760/insights?access_token=EAAVVSo0stdABQ1JHmZBJWBBzQW4LhEtpVZAoBGiAMQAAYYXUPTrwEEgKGsr4NcY3NTVcSLKQVfySkS1H8t0Gc3hcEB8IBhYvu7xLGcZBfsNZApLth7SG8pZAybi0n3OJTA6ATHQZBwOAtcEOtHWUxvtI81eqD2zs9fqLpGSOycDkpoM2hrUvnxxVY5mvB6G3MClO3wOXGG&fields=spend%2Cimpressions%2Cclicks%2Cactions&time_range=%7B%22since%22%3A+%222026-04-01%22%2C+%22until%22%3A+%222026-04-01%22%7D&time_increment=1&level=account&limit=31
2026-04-01 09:37:06,613 [INFO   ] __main__ (main.py:96): Ad spend this month: 0.00
2026-04-01 09:37:06,613 [INFO   ] __main__ (main.py:101): Step 5/7: Writing Excel workbook...
2026-04-01 09:37:06,613 [INFO   ] src.excel_writer (excel_writer.py:960): Loading existing workbook: P&L.xlsx
2026-04-01 12:55:02,343 [INFO   ] __main__ (main.py:63): ============================================================
2026-04-01 12:55:02,344 [INFO   ] __main__ (main.py:64): Starting P&L pipeline
2026-04-01 12:55:02,344 [INFO   ] __main__ (main.py:64): Starting P&L pipeline
2026-04-01 12:55:02,344 [INFO   ] __main__ (main.py:65): Board ID: 2131896795 | Mode: INCLUDES_VAT | Currency: ILS
2026-04-01 12:55:02,344 [INFO   ] __main__ (main.py:65): Board ID: 2131896795 | Mode: INCLUDES_VAT | Currency: ILS
2026-04-01 12:55:02,344 [INFO   ] __main__ (main.py:67): ============================================================
2026-04-01 12:55:02,344 [INFO   ] __main__ (main.py:72): Step 1/4: Fetching items from Monday.com...
2026-04-01 12:55:02,344 [INFO   ] __main__ (main.py:72): Step 1/4: Fetching items from Monday.com...
2026-04-01 12:55:02,344 [INFO   ] src.monday_client (monday_client.py:145): Fetching page 1 (cursor=START)...
2026-04-01 12:55:02,344 [INFO   ] src.monday_client (monday_client.py:145): Fetching page 1 (cursor=START)...
2026-04-01 12:55:07,262 [INFO   ] src.monday_client (monday_client.py:162):   -> Got 100 items (total so far: 100)
2026-04-01 12:55:07,262 [INFO   ] src.monday_client (monday_client.py:145): Fetching page 2 (cursor=MSwyMTMxODk2Nzk1LFlYNlRFZ2xiOGxVYXFfRGZrZW9qcyw4ODQsMTAwLHwzNjU1NjgyNDc5)...
2026-04-01 12:55:07,295 [INFO   ] src.monday_client (monday_client.py:162):   -> Got 100 items (total so far: 100)
2026-04-01 12:55:07,295 [INFO   ] src.monday_client (monday_client.py:145): Fetching page 2 (cursor=MSwyMTMxODk2Nzk1LDd0LUN0ZFh4eWtjYVllYmo2VW5qSCw4ODQsMTAwLHwzMjgzMDk2Nzcx)...
2026-04-01 12:55:11,559 [INFO   ] src.monday_client (monday_client.py:162):   -> Got 100 items (total so far: 200)
2026-04-01 12:55:11,560 [INFO   ] src.monday_client (monday_client.py:145): Fetching page 3 (cursor=MSwyMTMxODk2Nzk1LDd0LUN0ZFh4eWtjYVllYmo2VW5qSCw4ODQsMjAwLHwzNTA2ODEzNzQx)...
2026-04-01 12:55:11,949 [INFO   ] src.monday_client (monday_client.py:162):   -> Got 100 items (total so far: 200)
2026-04-01 12:55:11,949 [INFO   ] src.monday_client (monday_client.py:145): Fetching page 3 (cursor=MSwyMTMxODk2Nzk1LFlYNlRFZ2xiOGxVYXFfRGZrZW9qcyw4ODQsMjAwLHwzNDExMDc2Njcz)...
2026-04-01 12:55:15,665 [INFO   ] src.monday_client (monday_client.py:162):   -> Got 100 items (total so far: 300)
2026-04-01 12:55:15,665 [INFO   ] src.monday_client (monday_client.py:145): Fetching page 4 (cursor=MSwyMTMxODk2Nzk1LFlYNlRFZ2xiOGxVYXFfRGZrZW9qcyw4ODQsMzAwLHwxOTQ0ODc5Mzk2)...
2026-04-01 12:55:15,933 [INFO   ] src.monday_client (monday_client.py:162):   -> Got 100 items (total so far: 300)
2026-04-01 12:55:15,935 [INFO   ] src.monday_client (monday_client.py:145): Fetching page 4 (cursor=MSwyMTMxODk2Nzk1LDd0LUN0ZFh4eWtjYVllYmo2VW5qSCw4ODQsMzAwLHwxNzczNzg4MjMy)...
2026-04-01 12:55:19,158 [INFO   ] src.monday_client (monday_client.py:162):   -> Got 100 items (total so far: 400)
2026-04-01 12:55:19,158 [INFO   ] src.monday_client (monday_client.py:145): Fetching page 5 (cursor=MSwyMTMxODk2Nzk1LDd0LUN0ZFh4eWtjYVllYmo2VW5qSCw4ODQsNDAwLHw0MTAwOTA4Mjcz)...
2026-04-01 12:55:19,665 [INFO   ] src.monday_client (monday_client.py:162):   -> Got 100 items (total so far: 400)
2026-04-01 12:55:19,665 [INFO   ] src.monday_client (monday_client.py:145): Fetching page 5 (cursor=MSwyMTMxODk2Nzk1LFlYNlRFZ2xiOGxVYXFfRGZrZW9qcyw4ODQsNDAwLHwzOTk2ODkxNTQ5)...
2026-04-01 12:55:22,839 [INFO   ] src.monday_client (monday_client.py:162):   -> Got 100 items (total so far: 500)
2026-04-01 12:55:22,841 [INFO   ] src.monday_client (monday_client.py:145): Fetching page 6 (cursor=MSwyMTMxODk2Nzk1LFlYNlRFZ2xiOGxVYXFfRGZrZW9qcyw4ODQsNTAwLHwxNDUxNzQ1MDE2)...
2026-04-01 12:55:22,917 [INFO   ] src.monday_client (monday_client.py:162):   -> Got 100 items (total so far: 500)
2026-04-01 12:55:22,917 [INFO   ] src.monday_client (monday_client.py:145): Fetching page 6 (cursor=MSwyMTMxODk2Nzk1LDd0LUN0ZFh4eWtjYVllYmo2VW5qSCw4ODQsNTAwLHwxMjg4ODY0NjYw)...
2026-04-01 12:55:26,520 [INFO   ] src.monday_client (monday_client.py:162):   -> Got 100 items (total so far: 600)
2026-04-01 12:55:26,520 [INFO   ] src.monday_client (monday_client.py:145): Fetching page 7 (cursor=MSwyMTMxODk2Nzk1LFlYNlRFZ2xiOGxVYXFfRGZrZW9qcyw4ODQsNjAwLHwxMTQ0MTU2NDM4)...
2026-04-01 12:55:26,650 [INFO   ] src.monday_client (monday_client.py:162):   -> Got 100 items (total so far: 600)
2026-04-01 12:55:26,650 [INFO   ] src.monday_client (monday_client.py:145): Fetching page 7 (cursor=MSwyMTMxODk2Nzk1LDd0LUN0ZFh4eWtjYVllYmo2VW5qSCw4ODQsNjAwLHwxNTgzODE5ODk4)...
2026-04-01 12:55:29,989 [INFO   ] src.monday_client (monday_client.py:162):   -> Got 100 items (total so far: 700)
2026-04-01 12:55:29,989 [INFO   ] src.monday_client (monday_client.py:145): Fetching page 8 (cursor=MSwyMTMxODk2Nzk1LFlYNlRFZ2xiOGxVYXFfRGZrZW9qcyw4ODQsNzAwLHw0MjM3MTcwMjkx)...
2026-04-01 12:55:30,348 [INFO   ] src.monday_client (monday_client.py:162):   -> Got 100 items (total so far: 700)
2026-04-01 12:55:30,350 [INFO   ] src.monday_client (monday_client.py:145): Fetching page 8 (cursor=MSwyMTMxODk2Nzk1LDd0LUN0ZFh4eWtjYVllYmo2VW5qSCw4ODQsNzAwLHwzODczMTMxMjk1)...
2026-04-01 12:55:33,291 [INFO   ] src.monday_client (monday_client.py:162):   -> Got 100 items (total so far: 800)
2026-04-01 12:55:33,291 [INFO   ] src.monday_client (monday_client.py:145): Fetching page 9 (cursor=MSwyMTMxODk2Nzk1LFlYNlRFZ2xiOGxVYXFfRGZrZW9qcyw4ODQsODAwLHwyNzY2OTk3MDI5)...
2026-04-01 12:55:33,869 [INFO   ] src.monday_client (monday_client.py:162):   -> Got 100 items (total so far: 800)
2026-04-01 12:55:33,871 [INFO   ] src.monday_client (monday_client.py:145): Fetching page 9 (cursor=MSwyMTMxODk2Nzk1LDd0LUN0ZFh4eWtjYVllYmo2VW5qSCw4ODQsODAwLHwzMTk5NzUzMDMz)...
2026-04-01 12:55:36,819 [INFO   ] src.monday_client (monday_client.py:162):   -> Got 84 items (total so far: 884)
2026-04-01 12:55:36,819 [INFO   ] src.monday_client (monday_client.py:168): Finished fetching. Total items: 884
2026-04-01 12:55:36,819 [INFO   ] __main__ (main.py:76): Step 2/4: Normalizing orders...
2026-04-01 12:55:36,821 [INFO   ] src.order_mapper (order_mapper.py:287): Column validation passed (28 parent columns, 12 subitem columns seen)
2026-04-01 12:55:36,835 [INFO   ] src.order_mapper (order_mapper.py:304): Normalized 884 / 884 items
2026-04-01 12:55:36,835 [INFO   ] __main__ (main.py:83): Step 3/7: Computing P&L...
2026-04-01 12:55:36,888 [INFO   ] pnl_shared.exchange_rate (exchange_rate.py:82): Live exchange rate: 1 USD = 3.1536 ILS (source: https://open.er-api.com/v6/latest/USD)
2026-04-01 12:55:36,888 [INFO   ] src.pnl_engine (pnl_engine.py:120): Using exchange rate: 1 USD = 3.1536 ILS
2026-04-01 12:55:36,891 [INFO   ] src.pnl_engine (pnl_engine.py:128): Computed P&L for 884 / 884 orders
2026-04-01 12:55:36,891 [INFO   ] __main__ (main.py:87): Step 4/7: Fetching Facebook Ads data...
2026-04-01 12:55:37,782 [INFO   ] src.monday_client (monday_client.py:162):   -> Got 84 items (total so far: 884)
2026-04-01 12:55:37,782 [INFO   ] src.monday_client (monday_client.py:168): Finished fetching. Total items: 884
2026-04-01 12:55:37,782 [INFO   ] __main__ (main.py:76): Step 2/4: Normalizing orders...
2026-04-01 12:55:37,784 [INFO   ] src.order_mapper (order_mapper.py:287): Column validation passed (28 parent columns, 12 subitem columns seen)
2026-04-01 12:55:37,796 [INFO   ] src.order_mapper (order_mapper.py:304): Normalized 884 / 884 items
2026-04-01 12:55:37,796 [INFO   ] __main__ (main.py:83): Step 3/7: Computing P&L...
2026-04-01 12:55:37,827 [INFO   ] pnl_shared.exchange_rate (exchange_rate.py:82): Live exchange rate: 1 USD = 3.1536 ILS (source: https://open.er-api.com/v6/latest/USD)
2026-04-01 12:55:37,828 [INFO   ] src.pnl_engine (pnl_engine.py:120): Using exchange rate: 1 USD = 3.1536 ILS
2026-04-01 12:55:37,831 [INFO   ] src.pnl_engine (pnl_engine.py:128): Computed P&L for 884 / 884 orders
2026-04-01 12:55:37,831 [INFO   ] __main__ (main.py:87): Step 4/7: Fetching Facebook Ads data...
2026-04-01 12:55:38,600 [INFO   ] src.facebook_ads (facebook_ads.py:120): Fetched 1 days of Facebook Ads data
2026-04-01 12:55:39,127 [INFO   ] src.facebook_ads (facebook_ads.py:120): Fetched 1 days of Facebook Ads data
2026-04-01 12:55:39,127 [INFO   ] __main__ (main.py:96): Ad spend this month: 382.34
2026-04-01 12:55:39,127 [INFO   ] __main__ (main.py:101): Step 5/7: Writing Excel workbook...
2026-04-01 12:55:39,128 [INFO   ] src.excel_writer (excel_writer.py:960): Loading existing workbook: P&L.xlsx
2026-04-01 12:55:39,422 [INFO   ] src.facebook_ads (facebook_ads.py:120): Fetched 1 days of Facebook Ads data
2026-04-01 12:55:39,812 [INFO   ] src.facebook_ads (facebook_ads.py:120): Fetched 1 days of Facebook Ads data
2026-04-01 12:55:39,814 [INFO   ] __main__ (main.py:96): Ad spend this month: 382.34
2026-04-01 12:55:39,814 [INFO   ] __main__ (main.py:101): Step 5/7: Writing Excel workbook...
2026-04-01 12:55:39,814 [INFO   ] src.excel_writer (excel_writer.py:960): Loading existing workbook: P&L.xlsx
2026-04-02 16:20:08,488 [INFO   ] __main__ (main.py:63): ============================================================
2026-04-02 16:20:08,488 [INFO   ] __main__ (main.py:64): Starting P&L pipeline
2026-04-02 16:20:08,488 [INFO   ] __main__ (main.py:65): Board ID: 2131896795 | Mode: INCLUDES_VAT | Currency: ILS
2026-04-02 16:20:08,488 [INFO   ] __main__ (main.py:67): ============================================================
2026-04-02 16:20:08,488 [INFO   ] __main__ (main.py:72): Step 1/4: Fetching items from Monday.com...
2026-04-02 16:20:08,489 [INFO   ] src.monday_client (monday_client.py:145): Fetching page 1 (cursor=START)...
2026-04-02 16:20:12,512 [INFO   ] src.monday_client (monday_client.py:162):   -> Got 100 items (total so far: 100)
2026-04-02 16:20:12,535 [INFO   ] src.monday_client (monday_client.py:145): Fetching page 2 (cursor=MSwyMTMxODk2Nzk1LDdDakJLa2Fod2VBcUREekFzSzB3eiw4ODIsMTAwLHwzMDgwMjQyNjY)...
2026-04-02 16:20:17,029 [INFO   ] src.monday_client (monday_client.py:162):   -> Got 100 items (total so far: 200)
2026-04-02 16:20:17,029 [INFO   ] src.monday_client (monday_client.py:145): Fetching page 3 (cursor=MSwyMTMxODk2Nzk1LDdDakJLa2Fod2VBcUREekFzSzB3eiw4ODIsMjAwLHwxNTMxODA1Mg)...
2026-04-02 16:20:20,050 [INFO   ] src.monday_client (monday_client.py:162):   -> Got 100 items (total so far: 300)
2026-04-02 16:20:20,050 [INFO   ] src.monday_client (monday_client.py:145): Fetching page 4 (cursor=MSwyMTMxODk2Nzk1LDdDakJLa2Fod2VBcUREekFzSzB3eiw4ODIsMzAwLHwzMDkyNjM0NDMz)...
2026-04-02 16:20:23,894 [INFO   ] src.monday_client (monday_client.py:162):   -> Got 100 items (total so far: 400)
2026-04-02 16:20:23,894 [INFO   ] src.monday_client (monday_client.py:145): Fetching page 5 (cursor=MSwyMTMxODk2Nzk1LDdDakJLa2Fod2VBcUREekFzSzB3eiw4ODIsNDAwLHw2MjkzMzUwMzI)...
2026-04-02 16:20:26,882 [INFO   ] src.monday_client (monday_client.py:162):   -> Got 100 items (total so far: 500)
2026-04-02 16:20:26,882 [INFO   ] src.monday_client (monday_client.py:145): Fetching page 6 (cursor=MSwyMTMxODk2Nzk1LDdDakJLa2Fod2VBcUREekFzSzB3eiw4ODIsNTAwLHwyNjM4MTIwMDkz)...
2026-04-02 16:20:30,544 [INFO   ] src.monday_client (monday_client.py:162):   -> Got 100 items (total so far: 600)
2026-04-02 16:20:30,544 [INFO   ] src.monday_client (monday_client.py:145): Fetching page 7 (cursor=MSwyMTMxODk2Nzk1LDdDakJLa2Fod2VBcUREekFzSzB3eiw4ODIsNjAwLHwyNDA4MjYyNTE1)...
2026-04-02 16:20:33,829 [INFO   ] src.monday_client (monday_client.py:162):   -> Got 100 items (total so far: 700)
2026-04-02 16:20:33,829 [INFO   ] src.monday_client (monday_client.py:145): Fetching page 8 (cursor=MSwyMTMxODk2Nzk1LDdDakJLa2Fod2VBcUREekFzSzB3eiw4ODIsNzAwLHw5MjYzNzA4Mzg)...
2026-04-02 16:20:37,317 [INFO   ] src.monday_client (monday_client.py:162):   -> Got 100 items (total so far: 800)
2026-04-02 16:20:37,317 [INFO   ] src.monday_client (monday_client.py:145): Fetching page 9 (cursor=MSwyMTMxODk2Nzk1LDdDakJLa2Fod2VBcUREekFzSzB3eiw4ODIsODAwLHwxODY3Nzk5NjE2)...
2026-04-02 16:20:40,458 [INFO   ] src.monday_client (monday_client.py:162):   -> Got 82 items (total so far: 882)
2026-04-02 16:20:40,458 [INFO   ] src.monday_client (monday_client.py:168): Finished fetching. Total items: 882
2026-04-02 16:20:40,458 [INFO   ] __main__ (main.py:76): Step 2/4: Normalizing orders...
2026-04-02 16:20:40,458 [INFO   ] src.order_mapper (order_mapper.py:287): Column validation passed (28 parent columns, 12 subitem columns seen)
2026-04-02 16:20:40,471 [INFO   ] src.order_mapper (order_mapper.py:304): Normalized 882 / 882 items
2026-04-02 16:20:40,471 [INFO   ] __main__ (main.py:83): Step 3/7: Computing P&L...
2026-04-02 16:20:40,518 [INFO   ] pnl_shared.exchange_rate (exchange_rate.py:82): Live exchange rate: 1 USD = 3.1298 ILS (source: https://open.er-api.com/v6/latest/USD)
2026-04-02 16:20:40,518 [INFO   ] src.pnl_engine (pnl_engine.py:120): Using exchange rate: 1 USD = 3.1298 ILS
2026-04-02 16:20:40,522 [INFO   ] src.pnl_engine (pnl_engine.py:128): Computed P&L for 882 / 882 orders
2026-04-02 16:20:40,522 [INFO   ] __main__ (main.py:87): Step 4/7: Fetching Facebook Ads data...
2026-04-02 16:20:42,508 [INFO   ] src.facebook_ads (facebook_ads.py:120): Fetched 2 days of Facebook Ads data
2026-04-02 16:20:42,936 [INFO   ] src.facebook_ads (facebook_ads.py:120): Fetched 2 days of Facebook Ads data
2026-04-02 16:20:42,936 [INFO   ] __main__ (main.py:96): Ad spend this month: 703.32
2026-04-02 16:20:42,936 [INFO   ] __main__ (main.py:101): Step 5/7: Writing Excel workbook...
2026-04-02 16:20:42,936 [INFO   ] src.excel_writer (excel_writer.py:960): Loading existing workbook: P&L.xlsx
2026-04-03 09:33:57,414 [INFO   ] __main__ (main.py:63): ============================================================
2026-04-03 09:33:57,415 [INFO   ] __main__ (main.py:64): Starting P&L pipeline
2026-04-03 09:33:57,415 [INFO   ] __main__ (main.py:65): Board ID: 2131896795 | Mode: INCLUDES_VAT | Currency: ILS
2026-04-03 09:33:57,415 [INFO   ] __main__ (main.py:67): ============================================================
2026-04-03 09:33:57,415 [INFO   ] __main__ (main.py:72): Step 1/4: Fetching items from Monday.com...
2026-04-03 09:33:57,415 [INFO   ] src.monday_client (monday_client.py:145): Fetching page 1 (cursor=START)...
2026-04-03 09:34:17,751 [WARNING] src.monday_client (monday_client.py:86): Server error 503. Retrying in 2.0s (attempt 1/5)
2026-04-03 09:34:24,266 [INFO   ] src.monday_client (monday_client.py:162):   -> Got 100 items (total so far: 100)
2026-04-03 09:34:24,268 [INFO   ] src.monday_client (monday_client.py:145): Fetching page 2 (cursor=MSwyMTMxODk2Nzk1LDBHMUtEU0hhUFFDVDY4Q1J0RlZEZyw4ODksMTAwLHw1MTI0NDgzNw)...
2026-04-03 09:34:27,822 [INFO   ] src.monday_client (monday_client.py:162):   -> Got 100 items (total so far: 200)
2026-04-03 09:34:27,823 [INFO   ] src.monday_client (monday_client.py:145): Fetching page 3 (cursor=MSwyMTMxODk2Nzk1LDBHMUtEU0hhUFFDVDY4Q1J0RlZEZyw4ODksMjAwLHwyOTcyODc4ODM)...
2026-04-03 09:34:31,510 [INFO   ] src.monday_client (monday_client.py:162):   -> Got 100 items (total so far: 300)
2026-04-03 09:34:31,510 [INFO   ] src.monday_client (monday_client.py:145): Fetching page 4 (cursor=MSwyMTMxODk2Nzk1LDBHMUtEU0hhUFFDVDY4Q1J0RlZEZyw4ODksMzAwLHwyODM1NjIxODA2)...
2026-04-03 09:34:34,875 [INFO   ] src.monday_client (monday_client.py:162):   -> Got 100 items (total so far: 400)
2026-04-03 09:34:34,875 [INFO   ] src.monday_client (monday_client.py:145): Fetching page 5 (cursor=MSwyMTMxODk2Nzk1LDBHMUtEU0hhUFFDVDY4Q1J0RlZEZyw4ODksNDAwLHw4ODYyNTEyODc)...
2026-04-03 09:34:37,950 [INFO   ] src.monday_client (monday_client.py:162):   -> Got 100 items (total so far: 500)
2026-04-03 09:34:37,950 [INFO   ] src.monday_client (monday_client.py:145): Fetching page 6 (cursor=MSwyMTMxODk2Nzk1LDBHMUtEU0hhUFFDVDY4Q1J0RlZEZyw4ODksNTAwLHwyMzU2MTE1NTcw)...
2026-04-03 09:34:41,935 [INFO   ] src.monday_client (monday_client.py:162):   -> Got 100 items (total so far: 600)
2026-04-03 09:34:41,935 [INFO   ] src.monday_client (monday_client.py:145): Fetching page 7 (cursor=MSwyMTMxODk2Nzk1LDBHMUtEU0hhUFFDVDY4Q1J0RlZEZyw4ODksNjAwLHwyNjY1MTQyMTcy)...
2026-04-03 09:34:45,665 [INFO   ] src.monday_client (monday_client.py:162):   -> Got 100 items (total so far: 700)
2026-04-03 09:34:45,665 [INFO   ] src.monday_client (monday_client.py:145): Fetching page 8 (cursor=MSwyMTMxODk2Nzk1LDBHMUtEU0hhUFFDVDY4Q1J0RlZEZyw4ODksNzAwLHw2NDQyNjQxODU)...
2026-04-03 09:34:48,980 [INFO   ] src.monday_client (monday_client.py:162):   -> Got 100 items (total so far: 800)
2026-04-03 09:34:48,980 [INFO   ] src.monday_client (monday_client.py:145): Fetching page 9 (cursor=MSwyMTMxODk2Nzk1LDBHMUtEU0hhUFFDVDY4Q1J0RlZEZyw4ODksODAwLHwyMTE0Mjk4MDMx)...
2026-04-03 09:34:52,218 [INFO   ] src.monday_client (monday_client.py:162):   -> Got 89 items (total so far: 889)
2026-04-03 09:34:52,218 [INFO   ] src.monday_client (monday_client.py:168): Finished fetching. Total items: 889
2026-04-03 09:34:52,219 [INFO   ] __main__ (main.py:76): Step 2/4: Normalizing orders...
2026-04-03 09:34:52,219 [INFO   ] src.order_mapper (order_mapper.py:287): Column validation passed (28 parent columns, 12 subitem columns seen)
2026-04-03 09:34:52,234 [INFO   ] src.order_mapper (order_mapper.py:304): Normalized 889 / 889 items
2026-04-03 09:34:52,234 [INFO   ] __main__ (main.py:83): Step 3/7: Computing P&L...
2026-04-03 09:34:52,354 [INFO   ] pnl_shared.exchange_rate (exchange_rate.py:82): Live exchange rate: 1 USD = 3.1390 ILS (source: https://open.er-api.com/v6/latest/USD)
2026-04-03 09:34:52,354 [INFO   ] src.pnl_engine (pnl_engine.py:120): Using exchange rate: 1 USD = 3.1390 ILS
2026-04-03 09:34:52,357 [INFO   ] src.pnl_engine (pnl_engine.py:128): Computed P&L for 889 / 889 orders
2026-04-03 09:34:52,357 [INFO   ] __main__ (main.py:87): Step 4/7: Fetching Facebook Ads data...
2026-04-03 09:34:54,455 [INFO   ] src.facebook_ads (facebook_ads.py:120): Fetched 3 days of Facebook Ads data
2026-04-03 09:34:55,348 [INFO   ] src.facebook_ads (facebook_ads.py:120): Fetched 3 days of Facebook Ads data
2026-04-03 09:34:55,348 [INFO   ] __main__ (main.py:96): Ad spend this month: 1373.95
2026-04-03 09:34:55,348 [INFO   ] __main__ (main.py:101): Step 5/7: Writing Excel workbook...
2026-04-03 09:34:55,348 [INFO   ] src.excel_writer (excel_writer.py:960): Loading existing workbook: P&L.xlsx
2026-04-03 12:55:02,123 [INFO   ] __main__ (main.py:63): ============================================================
2026-04-03 12:55:02,123 [INFO   ] __main__ (main.py:64): Starting P&L pipeline
2026-04-03 12:55:02,123 [INFO   ] __main__ (main.py:65): Board ID: 2131896795 | Mode: INCLUDES_VAT | Currency: ILS
2026-04-03 12:55:02,123 [INFO   ] __main__ (main.py:67): ============================================================
2026-04-03 12:55:02,123 [INFO   ] __main__ (main.py:65): Board ID: 2131896795 | Mode: INCLUDES_VAT | Currency: ILS
2026-04-03 12:55:02,123 [INFO   ] __main__ (main.py:72): Step 1/4: Fetching items from Monday.com...
2026-04-03 12:55:02,123 [INFO   ] __main__ (main.py:67): ============================================================
2026-04-03 12:55:02,123 [INFO   ] src.monday_client (monday_client.py:145): Fetching page 1 (cursor=START)...
2026-04-03 12:55:02,123 [INFO   ] __main__ (main.py:72): Step 1/4: Fetching items from Monday.com...
2026-04-03 12:55:02,124 [INFO   ] src.monday_client (monday_client.py:145): Fetching page 1 (cursor=START)...
2026-04-03 12:55:06,122 [INFO   ] src.monday_client (monday_client.py:162):   -> Got 100 items (total so far: 100)
2026-04-03 12:55:06,122 [INFO   ] src.monday_client (monday_client.py:145): Fetching page 2 (cursor=MSwyMTMxODk2Nzk1LGY5dXI5dmZJMU1jRmREMHhBdGpzQyw4OTEsMTAwLHwyOTMxNjE4NzE1)...
2026-04-03 12:55:06,716 [INFO   ] src.monday_client (monday_client.py:162):   -> Got 100 items (total so far: 100)
2026-04-03 12:55:06,716 [INFO   ] src.monday_client (monday_client.py:145): Fetching page 2 (cursor=MSwyMTMxODk2Nzk1LEtxck9aNzFvMGRkVEp2TzktcDlrLSw4OTEsMTAwLHwyODE4OTAzMTg5)...
2026-04-03 12:55:09,824 [INFO   ] src.monday_client (monday_client.py:162):   -> Got 100 items (total so far: 200)
2026-04-03 12:55:09,824 [INFO   ] src.monday_client (monday_client.py:145): Fetching page 3 (cursor=MSwyMTMxODk2Nzk1LGY5dXI5dmZJMU1jRmREMHhBdGpzQyw4OTEsMjAwLHwzMTU0NzMwMTAx)...
2026-04-03 12:55:10,376 [INFO   ] src.monday_client (monday_client.py:162):   -> Got 100 items (total so far: 200)
2026-04-03 12:55:10,376 [INFO   ] src.monday_client (monday_client.py:145): Fetching page 3 (cursor=MSwyMTMxODk2Nzk1LEtxck9aNzFvMGRkVEp2TzktcDlrLSw4OTEsMjAwLHwzMTMyMTM4MzYz)...
2026-04-03 12:55:13,144 [INFO   ] src.monday_client (monday_client.py:162):   -> Got 100 items (total so far: 300)
2026-04-03 12:55:13,144 [INFO   ] src.monday_client (monday_client.py:145): Fetching page 4 (cursor=MSwyMTMxODk2Nzk1LGY5dXI5dmZJMU1jRmREMHhBdGpzQyw4OTEsMzAwLHw3ODk4NjAwMA)...
2026-04-03 12:55:14,097 [INFO   ] src.monday_client (monday_client.py:162):   -> Got 100 items (total so far: 300)
2026-04-03 12:55:14,097 [INFO   ] src.monday_client (monday_client.py:145): Fetching page 4 (cursor=MSwyMTMxODk2Nzk1LEtxck9aNzFvMGRkVEp2TzktcDlrLSw4OTEsMzAwLHwzNDM5MTA3MA)...
2026-04-03 12:55:16,486 [INFO   ] src.monday_client (monday_client.py:162):   -> Got 100 items (total so far: 400)
2026-04-03 12:55:16,486 [INFO   ] src.monday_client (monday_client.py:145): Fetching page 5 (cursor=MSwyMTMxODk2Nzk1LGY5dXI5dmZJMU1jRmREMHhBdGpzQyw4OTEsNDAwLHwyNTczMzM3NTEz)...
2026-04-03 12:55:17,378 [INFO   ] src.monday_client (monday_client.py:162):   -> Got 100 items (total so far: 400)
2026-04-03 12:55:17,378 [INFO   ] src.monday_client (monday_client.py:145): Fetching page 5 (cursor=MSwyMTMxODk2Nzk1LEtxck9aNzFvMGRkVEp2TzktcDlrLSw4OTEsNDAwLHwyNjgxOTk0NDA3)...
2026-04-03 12:55:20,079 [INFO   ] src.monday_client (monday_client.py:162):   -> Got 100 items (total so far: 500)
2026-04-03 12:55:20,079 [INFO   ] src.monday_client (monday_client.py:145): Fetching page 6 (cursor=MSwyMTMxODk2Nzk1LGY5dXI5dmZJMU1jRmREMHhBdGpzQyw4OTEsNTAwLHw1NjgyMjI5MjQ)...
2026-04-03 12:55:20,205 [INFO   ] src.monday_client (monday_client.py:162):   -> Got 100 items (total so far: 500)
2026-04-03 12:55:20,205 [INFO   ] src.monday_client (monday_client.py:145): Fetching page 6 (cursor=MSwyMTMxODk2Nzk1LEtxck9aNzFvMGRkVEp2TzktcDlrLSw4OTEsNTAwLHw2NjExMDE1MDY)...
2026-04-03 12:55:23,011 [INFO   ] src.monday_client (monday_client.py:162):   -> Got 100 items (total so far: 600)
2026-04-03 12:55:23,011 [INFO   ] src.monday_client (monday_client.py:145): Fetching page 7 (cursor=MSwyMTMxODk2Nzk1LEtxck9aNzFvMGRkVEp2TzktcDlrLSw4OTEsNjAwLHw5MDI5NjgzNjQ)...
2026-04-03 12:55:23,519 [INFO   ] src.monday_client (monday_client.py:162):   -> Got 100 items (total so far: 600)
2026-04-03 12:55:23,519 [INFO   ] src.monday_client (monday_client.py:145): Fetching page 7 (cursor=MSwyMTMxODk2Nzk1LGY5dXI5dmZJMU1jRmREMHhBdGpzQyw4OTEsNjAwLHw4NjI3MDIzNzA)...
2026-04-03 12:55:26,598 [INFO   ] src.monday_client (monday_client.py:162):   -> Got 100 items (total so far: 700)
2026-04-03 12:55:26,598 [INFO   ] src.monday_client (monday_client.py:145): Fetching page 8 (cursor=MSwyMTMxODk2Nzk1LGY5dXI5dmZJMU1jRmREMHhBdGpzQyw4OTEsNzAwLHwyMzQ2MTY3MzY3)...
2026-04-03 12:55:26,620 [INFO   ] src.monday_client (monday_client.py:162):   -> Got 100 items (total so far: 700)
2026-04-03 12:55:26,620 [INFO   ] src.monday_client (monday_client.py:145): Fetching page 8 (cursor=MSwyMTMxODk2Nzk1LEtxck9aNzFvMGRkVEp2TzktcDlrLSw4OTEsNzAwLHwyMzcyODE3NzM3)...
2026-04-03 12:55:30,148 [INFO   ] src.monday_client (monday_client.py:162):   -> Got 100 items (total so far: 800)
2026-04-03 12:55:30,149 [INFO   ] src.monday_client (monday_client.py:145): Fetching page 9 (cursor=MSwyMTMxODk2Nzk1LGY5dXI5dmZJMU1jRmREMHhBdGpzQyw4OTEsODAwLHwzNTUxODM3MjAx)...
2026-04-03 12:55:30,158 [INFO   ] src.monday_client (monday_client.py:162):   -> Got 100 items (total so far: 800)
2026-04-03 12:55:30,158 [INFO   ] src.monday_client (monday_client.py:145): Fetching page 9 (cursor=MSwyMTMxODk2Nzk1LEtxck9aNzFvMGRkVEp2TzktcDlrLSw4OTEsODAwLHwzNTc0NDE2MTU5)...
2026-04-03 12:55:33,399 [INFO   ] src.monday_client (monday_client.py:162):   -> Got 91 items (total so far: 891)
2026-04-03 12:55:33,399 [INFO   ] src.monday_client (monday_client.py:168): Finished fetching. Total items: 891
2026-04-03 12:55:33,399 [INFO   ] __main__ (main.py:76): Step 2/4: Normalizing orders...
2026-04-03 12:55:33,399 [INFO   ] src.order_mapper (order_mapper.py:287): Column validation passed (28 parent columns, 12 subitem columns seen)
2026-04-03 12:55:33,414 [INFO   ] src.order_mapper (order_mapper.py:304): Normalized 891 / 891 items
2026-04-03 12:55:33,414 [INFO   ] __main__ (main.py:83): Step 3/7: Computing P&L...
2026-04-03 12:55:33,476 [INFO   ] pnl_shared.exchange_rate (exchange_rate.py:82): Live exchange rate: 1 USD = 3.1390 ILS (source: https://open.er-api.com/v6/latest/USD)
2026-04-03 12:55:33,476 [INFO   ] src.pnl_engine (pnl_engine.py:120): Using exchange rate: 1 USD = 3.1390 ILS
2026-04-03 12:55:33,479 [INFO   ] src.pnl_engine (pnl_engine.py:128): Computed P&L for 891 / 891 orders
2026-04-03 12:55:33,479 [INFO   ] __main__ (main.py:87): Step 4/7: Fetching Facebook Ads data...
2026-04-03 12:55:33,672 [INFO   ] src.monday_client (monday_client.py:162):   -> Got 91 items (total so far: 891)
2026-04-03 12:55:33,673 [INFO   ] src.monday_client (monday_client.py:168): Finished fetching. Total items: 891
2026-04-03 12:55:33,673 [INFO   ] __main__ (main.py:76): Step 2/4: Normalizing orders...
2026-04-03 12:55:33,673 [INFO   ] src.order_mapper (order_mapper.py:287): Column validation passed (28 parent columns, 12 subitem columns seen)
2026-04-03 12:55:33,686 [INFO   ] src.order_mapper (order_mapper.py:304): Normalized 891 / 891 items
2026-04-03 12:55:33,686 [INFO   ] __main__ (main.py:83): Step 3/7: Computing P&L...
2026-04-03 12:55:33,733 [INFO   ] pnl_shared.exchange_rate (exchange_rate.py:82): Live exchange rate: 1 USD = 3.1390 ILS (source: https://open.er-api.com/v6/latest/USD)
2026-04-03 12:55:33,733 [INFO   ] src.pnl_engine (pnl_engine.py:120): Using exchange rate: 1 USD = 3.1390 ILS
2026-04-03 12:55:33,736 [INFO   ] src.pnl_engine (pnl_engine.py:128): Computed P&L for 891 / 891 orders
2026-04-03 12:55:33,736 [INFO   ] __main__ (main.py:87): Step 4/7: Fetching Facebook Ads data...
2026-04-03 12:55:34,781 [INFO   ] src.facebook_ads (facebook_ads.py:120): Fetched 3 days of Facebook Ads data
2026-04-03 12:55:34,925 [INFO   ] src.facebook_ads (facebook_ads.py:120): Fetched 3 days of Facebook Ads data
2026-04-03 12:55:35,561 [INFO   ] src.facebook_ads (facebook_ads.py:120): Fetched 3 days of Facebook Ads data
2026-04-03 12:55:35,561 [INFO   ] __main__ (main.py:96): Ad spend this month: 1630.68
2026-04-03 12:55:35,561 [INFO   ] __main__ (main.py:101): Step 5/7: Writing Excel workbook...
2026-04-03 12:55:35,562 [INFO   ] src.excel_writer (excel_writer.py:960): Loading existing workbook: P&L.xlsx
2026-04-03 12:55:36,025 [INFO   ] src.facebook_ads (facebook_ads.py:120): Fetched 3 days of Facebook Ads data
2026-04-03 12:55:36,025 [INFO   ] __main__ (main.py:96): Ad spend this month: 1630.68
2026-04-03 12:55:36,025 [INFO   ] __main__ (main.py:101): Step 5/7: Writing Excel workbook...
2026-04-03 12:55:36,025 [INFO   ] src.excel_writer (excel_writer.py:960): Loading existing workbook: P&L.xlsx
2026-04-04 13:16:51,700 [INFO   ] __main__ (main.py:63): ============================================================
2026-04-04 13:16:51,700 [INFO   ] __main__ (main.py:64): Starting P&L pipeline
2026-04-04 13:16:51,700 [INFO   ] __main__ (main.py:65): Board ID: 2131896795 | Mode: INCLUDES_VAT | Currency: ILS
2026-04-04 13:16:51,700 [INFO   ] __main__ (main.py:67): ============================================================
2026-04-04 13:16:51,700 [INFO   ] __main__ (main.py:72): Step 1/4: Fetching items from Monday.com...
2026-04-04 13:16:51,700 [INFO   ] src.monday_client (monday_client.py:145): Fetching page 1 (cursor=START)...
2026-04-04 13:16:55,958 [INFO   ] src.monday_client (monday_client.py:162):   -> Got 100 items (total so far: 100)
2026-04-04 13:16:55,958 [INFO   ] src.monday_client (monday_client.py:145): Fetching page 2 (cursor=MSwyMTMxODk2Nzk1LFRSQXQtYndaRzkyWHdJSXVPLUQ2ciw4OTYsMTAwLHwzODM3MDY3MzUz)...
2026-04-04 13:17:00,213 [INFO   ] src.monday_client (monday_client.py:162):   -> Got 100 items (total so far: 200)
2026-04-04 13:17:00,213 [INFO   ] src.monday_client (monday_client.py:145): Fetching page 3 (cursor=MSwyMTMxODk2Nzk1LFRSQXQtYndaRzkyWHdJSXVPLUQ2ciw4OTYsMjAwLHw0MTI3MjQwMTE5)...
2026-04-04 13:17:03,190 [INFO   ] src.monday_client (monday_client.py:162):   -> Got 100 items (total so far: 300)
2026-04-04 13:17:03,190 [INFO   ] src.monday_client (monday_client.py:145): Fetching page 4 (cursor=MSwyMTMxODk2Nzk1LFRSQXQtYndaRzkyWHdJSXVPLUQ2ciw4OTYsMzAwLHwxMzIwOTk1MDI2)...
2026-04-04 13:17:06,464 [INFO   ] src.monday_client (monday_client.py:162):   -> Got 100 items (total so far: 400)
2026-04-04 13:17:06,464 [INFO   ] src.monday_client (monday_client.py:145): Fetching page 5 (cursor=MSwyMTMxODk2Nzk1LFRSQXQtYndaRzkyWHdJSXVPLUQ2ciw4OTYsNDAwLHwzNTQ3MDY2NDc1)...
2026-04-04 13:17:09,734 [INFO   ] src.monday_client (monday_client.py:162):   -> Got 100 items (total so far: 500)
2026-04-04 13:17:09,734 [INFO   ] src.monday_client (monday_client.py:145): Fetching page 6 (cursor=MSwyMTMxODk2Nzk1LFRSQXQtYndaRzkyWHdJSXVPLUQ2ciw4OTYsNTAwLHwxODA5MjkxMDIy)...
2026-04-04 13:17:13,228 [INFO   ] src.monday_client (monday_client.py:162):   -> Got 100 items (total so far: 600)
2026-04-04 13:17:13,228 [INFO   ] src.monday_client (monday_client.py:145): Fetching page 7 (cursor=MSwyMTMxODk2Nzk1LFRSQXQtYndaRzkyWHdJSXVPLUQ2ciw4OTYsNjAwLHwyMDM2NDgwMjI0)...
2026-04-04 13:17:16,564 [INFO   ] src.monday_client (monday_client.py:162):   -> Got 100 items (total so far: 700)
2026-04-04 13:17:16,564 [INFO   ] src.monday_client (monday_client.py:145): Fetching page 8 (cursor=MSwyMTMxODk2Nzk1LFRSQXQtYndaRzkyWHdJSXVPLUQ2ciw4OTYsNzAwLHwzMjUyNTc2MTMz)...
2026-04-04 13:17:21,817 [INFO   ] src.monday_client (monday_client.py:162):   -> Got 100 items (total so far: 800)
2026-04-04 13:17:21,817 [INFO   ] src.monday_client (monday_client.py:145): Fetching page 9 (cursor=MSwyMTMxODk2Nzk1LFRSQXQtYndaRzkyWHdJSXVPLUQ2ciw4OTYsODAwLHwyNTc5MzIwNzg3)...
2026-04-04 13:17:25,306 [INFO   ] src.monday_client (monday_client.py:162):   -> Got 96 items (total so far: 896)
2026-04-04 13:17:25,306 [INFO   ] src.monday_client (monday_client.py:168): Finished fetching. Total items: 896
2026-04-04 13:17:25,306 [INFO   ] __main__ (main.py:76): Step 2/4: Normalizing orders...
2026-04-04 13:17:25,306 [INFO   ] src.order_mapper (order_mapper.py:287): Column validation passed (28 parent columns, 12 subitem columns seen)
2026-04-04 13:17:25,321 [INFO   ] src.order_mapper (order_mapper.py:304): Normalized 896 / 896 items
2026-04-04 13:17:25,321 [INFO   ] __main__ (main.py:83): Step 3/7: Computing P&L...
2026-04-04 13:17:25,440 [INFO   ] pnl_shared.exchange_rate (exchange_rate.py:82): Live exchange rate: 1 USD = 3.1315 ILS (source: https://open.er-api.com/v6/latest/USD)
2026-04-04 13:17:25,440 [INFO   ] src.pnl_engine (pnl_engine.py:120): Using exchange rate: 1 USD = 3.1315 ILS
2026-04-04 13:17:25,443 [INFO   ] src.pnl_engine (pnl_engine.py:128): Computed P&L for 896 / 896 orders
2026-04-04 13:17:25,443 [INFO   ] __main__ (main.py:87): Step 4/7: Fetching Facebook Ads data...
2026-04-04 13:17:26,853 [INFO   ] src.facebook_ads (facebook_ads.py:120): Fetched 4 days of Facebook Ads data
2026-04-04 13:17:27,640 [INFO   ] src.facebook_ads (facebook_ads.py:120): Fetched 4 days of Facebook Ads data
2026-04-04 13:17:27,640 [INFO   ] __main__ (main.py:96): Ad spend this month: 2044.51
2026-04-04 13:17:27,640 [INFO   ] __main__ (main.py:101): Step 5/7: Writing Excel workbook...
2026-04-04 13:17:27,640 [INFO   ] src.excel_writer (excel_writer.py:960): Loading existing workbook: P&L.xlsx
2026-04-05 00:25:47,775 [INFO   ] __main__ (main.py:63): ============================================================
2026-04-05 00:25:47,775 [INFO   ] __main__ (main.py:64): Starting P&L pipeline
2026-04-05 00:25:47,775 [INFO   ] __main__ (main.py:65): Board ID: 2131896795 | Mode: INCLUDES_VAT | Currency: ILS
2026-04-05 00:25:47,776 [INFO   ] __main__ (main.py:67): ============================================================
2026-04-05 00:25:47,776 [INFO   ] __main__ (main.py:72): Step 1/4: Fetching items from Monday.com...
2026-04-05 00:25:47,776 [INFO   ] src.monday_client (monday_client.py:145): Fetching page 1 (cursor=START)...
2026-04-05 00:25:51,585 [INFO   ] src.monday_client (monday_client.py:162):   -> Got 100 items (total so far: 100)
2026-04-05 00:25:51,585 [INFO   ] src.monday_client (monday_client.py:145): Fetching page 2 (cursor=MSwyMTMxODk2Nzk1LHhGRXFiT0Y0WmZUcV9UbjBySm1BUCw5MDAsMTAwLHw3MzIwOTczMzY)...
2026-04-05 00:25:56,361 [INFO   ] src.monday_client (monday_client.py:162):   -> Got 100 items (total so far: 200)
2026-04-05 00:25:56,362 [INFO   ] src.monday_client (monday_client.py:145): Fetching page 3 (cursor=MSwyMTMxODk2Nzk1LHhGRXFiT0Y0WmZUcV9UbjBySm1BUCw5MDAsMjAwLHw5NTc4MjYyNjI)...
2026-04-05 00:25:59,916 [INFO   ] src.monday_client (monday_client.py:162):   -> Got 100 items (total so far: 300)
2026-04-05 00:25:59,916 [INFO   ] src.monday_client (monday_client.py:145): Fetching page 4 (cursor=MSwyMTMxODk2Nzk1LHhGRXFiT0Y0WmZUcV9UbjBySm1BUCw5MDAsMzAwLHwyMTc1NDc2NjU5)...
2026-04-05 00:26:03,041 [INFO   ] src.monday_client (monday_client.py:162):   -> Got 100 items (total so far: 400)
2026-04-05 00:26:03,042 [INFO   ] src.monday_client (monday_client.py:145): Fetching page 5 (cursor=MSwyMTMxODk2Nzk1LHhGRXFiT0Y0WmZUcV9UbjBySm1BUCw5MDAsNDAwLHw0Nzc4OTU0MzQ)...
2026-04-05 00:26:06,566 [INFO   ] src.monday_client (monday_client.py:162):   -> Got 100 items (total so far: 500)
2026-04-05 00:26:06,566 [INFO   ] src.monday_client (monday_client.py:145): Fetching page 6 (cursor=MSwyMTMxODk2Nzk1LHhGRXFiT0Y0WmZUcV9UbjBySm1BUCw5MDAsNTAwLHwyNzY0MDc4MTkx)...
2026-04-05 00:26:09,743 [INFO   ] src.monday_client (monday_client.py:162):   -> Got 100 items (total so far: 600)
2026-04-05 00:26:09,743 [INFO   ] src.monday_client (monday_client.py:145): Fetching page 7 (cursor=MSwyMTMxODk2Nzk1LHhGRXFiT0Y0WmZUcV9UbjBySm1BUCw5MDAsNjAwLHwzMDYxMTc1MTY5)...
2026-04-05 00:26:13,093 [INFO   ] src.monday_client (monday_client.py:162):   -> Got 100 items (total so far: 700)
2026-04-05 00:26:13,093 [INFO   ] src.monday_client (monday_client.py:145): Fetching page 8 (cursor=MSwyMTMxODk2Nzk1LHhGRXFiT0Y0WmZUcV9UbjBySm1BUCw5MDAsNzAwLHwyNDgxMDAwNjg)...
2026-04-05 00:26:16,383 [INFO   ] src.monday_client (monday_client.py:162):   -> Got 100 items (total so far: 800)
2026-04-05 00:26:16,384 [INFO   ] src.monday_client (monday_client.py:145): Fetching page 9 (cursor=MSwyMTMxODk2Nzk1LHhGRXFiT0Y0WmZUcV9UbjBySm1BUCw5MDAsODAwLHwxNDU0MDIzODU4)...
2026-04-05 00:26:20,813 [INFO   ] src.monday_client (monday_client.py:162):   -> Got 100 items (total so far: 900)
2026-04-05 00:26:20,813 [INFO   ] src.monday_client (monday_client.py:168): Finished fetching. Total items: 900
2026-04-05 00:26:20,813 [INFO   ] __main__ (main.py:76): Step 2/4: Normalizing orders...
2026-04-05 00:26:20,813 [INFO   ] src.order_mapper (order_mapper.py:287): Column validation passed (28 parent columns, 12 subitem columns seen)
2026-04-05 00:26:20,827 [INFO   ] src.order_mapper (order_mapper.py:304): Normalized 900 / 900 items
2026-04-05 00:26:20,827 [INFO   ] __main__ (main.py:83): Step 3/7: Computing P&L...
2026-04-05 00:26:20,876 [INFO   ] pnl_shared.exchange_rate (exchange_rate.py:82): Live exchange rate: 1 USD = 3.1315 ILS (source: https://open.er-api.com/v6/latest/USD)
2026-04-05 00:26:20,876 [INFO   ] src.pnl_engine (pnl_engine.py:120): Using exchange rate: 1 USD = 3.1315 ILS
2026-04-05 00:26:20,879 [INFO   ] src.pnl_engine (pnl_engine.py:128): Computed P&L for 900 / 900 orders
2026-04-05 00:26:20,879 [INFO   ] __main__ (main.py:87): Step 4/7: Fetching Facebook Ads data...
2026-04-05 00:26:22,455 [INFO   ] src.facebook_ads (facebook_ads.py:120): Fetched 5 days of Facebook Ads data
2026-04-05 00:26:23,276 [INFO   ] src.facebook_ads (facebook_ads.py:120): Fetched 5 days of Facebook Ads data
2026-04-05 00:26:23,276 [INFO   ] __main__ (main.py:96): Ad spend this month: 2588.30
2026-04-05 00:26:23,276 [INFO   ] __main__ (main.py:101): Step 5/7: Writing Excel workbook...
2026-04-05 00:26:23,276 [INFO   ] src.excel_writer (excel_writer.py:960): Loading existing workbook: P&L.xlsx
2026-04-15 12:55:02,789 [INFO   ] __main__ (main.py:63): ============================================================
2026-04-15 12:55:02,789 [INFO   ] __main__ (main.py:64): Starting P&L pipeline
2026-04-15 12:55:02,789 [INFO   ] __main__ (main.py:64): Starting P&L pipeline
2026-04-15 12:55:02,791 [INFO   ] __main__ (main.py:65): Board ID: 2131896795 | Mode: INCLUDES_VAT | Currency: ILS
2026-04-15 12:55:02,791 [INFO   ] __main__ (main.py:65): Board ID: 2131896795 | Mode: INCLUDES_VAT | Currency: ILS
2026-04-15 12:55:02,791 [INFO   ] __main__ (main.py:67): ============================================================
2026-04-15 12:55:02,791 [INFO   ] __main__ (main.py:72): Step 1/4: Fetching items from Monday.com...
2026-04-15 12:55:02,791 [INFO   ] __main__ (main.py:67): ============================================================
2026-04-15 12:55:02,791 [INFO   ] __main__ (main.py:72): Step 1/4: Fetching items from Monday.com...
2026-04-15 12:55:02,791 [INFO   ] src.monday_client (monday_client.py:145): Fetching page 1 (cursor=START)...
2026-04-15 12:55:02,791 [INFO   ] src.monday_client (monday_client.py:145): Fetching page 1 (cursor=START)...
2026-04-15 12:55:07,021 [INFO   ] src.monday_client (monday_client.py:162):   -> Got 100 items (total so far: 100)
2026-04-15 12:55:07,021 [INFO   ] src.monday_client (monday_client.py:145): Fetching page 2 (cursor=MSwyMTMxODk2Nzk1LERmYkRkeFdjZDNWQ0JNdXltekpTbCw5NzEsMTAwLHwzMzIzOTY4MDgx)...
2026-04-15 12:55:07,874 [INFO   ] src.monday_client (monday_client.py:162):   -> Got 100 items (total so far: 100)
2026-04-15 12:55:07,875 [INFO   ] src.monday_client (monday_client.py:145): Fetching page 2 (cursor=MSwyMTMxODk2Nzk1LDlOUWc0QnF0Yk1NYy1aWGFybWtfViw5NzEsMTAwLHw1NTEyNDI0NDQ)...
2026-04-15 12:55:11,629 [INFO   ] src.monday_client (monday_client.py:162):   -> Got 100 items (total so far: 200)
2026-04-15 12:55:11,629 [INFO   ] src.monday_client (monday_client.py:145): Fetching page 3 (cursor=MSwyMTMxODk2Nzk1LERmYkRkeFdjZDNWQ0JNdXltekpTbCw5NzEsMjAwLHwzNTY3OTE2NDc5)...
2026-04-15 12:55:11,959 [INFO   ] src.monday_client (monday_client.py:162):   -> Got 100 items (total so far: 200)
2026-04-15 12:55:11,959 [INFO   ] src.monday_client (monday_client.py:145): Fetching page 3 (cursor=MSwyMTMxODk2Nzk1LDlOUWc0QnF0Yk1NYy1aWGFybWtfViw5NzEsMjAwLHw4NDYxMjg0MTg)...
2026-04-15 12:55:15,737 [INFO   ] src.monday_client (monday_client.py:162):   -> Got 100 items (total so far: 300)
2026-04-15 12:55:15,737 [INFO   ] src.monday_client (monday_client.py:145): Fetching page 4 (cursor=MSwyMTMxODk2Nzk1LERmYkRkeFdjZDNWQ0JNdXltekpTbCw5NzEsMzAwLHwxODEzNDEwNTIy)...
2026-04-15 12:55:15,854 [INFO   ] src.monday_client (monday_client.py:162):   -> Got 100 items (total so far: 300)
2026-04-15 12:55:15,856 [INFO   ] src.monday_client (monday_client.py:145): Fetching page 4 (cursor=MSwyMTMxODk2Nzk1LDlOUWc0QnF0Yk1NYy1aWGFybWtfViw5NzEsMzAwLHwyMzI5MDUxNzE5)...
2026-04-15 12:55:19,271 [INFO   ] src.monday_client (monday_client.py:162):   -> Got 100 items (total so far: 400)
2026-04-15 12:55:19,273 [INFO   ] src.monday_client (monday_client.py:145): Fetching page 5 (cursor=MSwyMTMxODk2Nzk1LERmYkRkeFdjZDNWQ0JNdXltekpTbCw5NzEsNDAwLHw0MDU1OTc2NTQ3)...
2026-04-15 12:55:19,356 [INFO   ] src.monday_client (monday_client.py:162):   -> Got 100 items (total so far: 400)
2026-04-15 12:55:19,356 [INFO   ] src.monday_client (monday_client.py:145): Fetching page 5 (cursor=MSwyMTMxODk2Nzk1LDlOUWc0QnF0Yk1NYy1aWGFybWtfViw5NzEsNDAwLHwzODYyNTE1MTg)...
2026-04-15 12:55:22,452 [INFO   ] src.monday_client (monday_client.py:162):   -> Got 100 items (total so far: 500)
2026-04-15 12:55:22,452 [INFO   ] src.monday_client (monday_client.py:145): Fetching page 6 (cursor=MSwyMTMxODk2Nzk1LDlOUWc0QnF0Yk1NYy1aWGFybWtfViw5NzEsNTAwLHwyOTQ4MTkzNjkx)...
2026-04-15 12:55:22,956 [INFO   ] src.monday_client (monday_client.py:162):   -> Got 100 items (total so far: 500)
2026-04-15 12:55:22,956 [INFO   ] src.monday_client (monday_client.py:145): Fetching page 6 (cursor=MSwyMTMxODk2Nzk1LERmYkRkeFdjZDNWQ0JNdXltekpTbCw5NzEsNTAwLHwxMjMyOTQwMjk0)...
2026-04-15 12:55:26,126 [INFO   ] src.monday_client (monday_client.py:162):   -> Got 100 items (total so far: 600)
2026-04-15 12:55:26,126 [INFO   ] src.monday_client (monday_client.py:145): Fetching page 7 (cursor=MSwyMTMxODk2Nzk1LDlOUWc0QnF0Yk1NYy1aWGFybWtfViw5NzEsNjAwLHwzMTcxNzA5NTU3)...
2026-04-15 12:55:27,060 [INFO   ] src.monday_client (monday_client.py:162):   -> Got 100 items (total so far: 600)
2026-04-15 12:55:27,060 [INFO   ] src.monday_client (monday_client.py:145): Fetching page 7 (cursor=MSwyMTMxODk2Nzk1LERmYkRkeFdjZDNWQ0JNdXltekpTbCw5NzEsNjAwLHwxNTM5ODY3MzY4)...
2026-04-15 12:55:29,678 [INFO   ] src.monday_client (monday_client.py:162):   -> Got 100 items (total so far: 700)
2026-04-15 12:55:29,678 [INFO   ] src.monday_client (monday_client.py:145): Fetching page 8 (cursor=MSwyMTMxODk2Nzk1LDlOUWc0QnF0Yk1NYy1aWGFybWtfViw5NzEsNzAwLHw5NTQyNTgwOA)...
2026-04-15 12:55:30,899 [INFO   ] src.monday_client (monday_client.py:162):   -> Got 100 items (total so far: 700)
2026-04-15 12:55:30,899 [INFO   ] src.monday_client (monday_client.py:145): Fetching page 8 (cursor=MSwyMTMxODk2Nzk1LERmYkRkeFdjZDNWQ0JNdXltekpTbCw5NzEsNzAwLHwzODE2MDg4OTcz)...
2026-04-15 12:55:33,448 [INFO   ] src.monday_client (monday_client.py:162):   -> Got 100 items (total so far: 800)
2026-04-15 12:55:33,448 [INFO   ] src.monday_client (monday_client.py:145): Fetching page 9 (cursor=MSwyMTMxODk2Nzk1LDlOUWc0QnF0Yk1NYy1aWGFybWtfViw5NzEsODAwLHwxNTc0MTEwNTM0)...
2026-04-15 12:55:34,605 [INFO   ] src.monday_client (monday_client.py:162):   -> Got 100 items (total so far: 800)
2026-04-15 12:55:34,605 [INFO   ] src.monday_client (monday_client.py:145): Fetching page 9 (cursor=MSwyMTMxODk2Nzk1LERmYkRkeFdjZDNWQ0JNdXltekpTbCw5NzEsODAwLHwzMTM4OTA5NjU5)...
2026-04-15 12:55:37,053 [INFO   ] src.monday_client (monday_client.py:162):   -> Got 100 items (total so far: 900)
2026-04-15 12:55:37,053 [INFO   ] src.monday_client (monday_client.py:145): Fetching page 10 (cursor=MSwyMTMxODk2Nzk1LDlOUWc0QnF0Yk1NYy1aWGFybWtfViw5NzEsOTAwLHwzODQ5MjgyMDgz)...
2026-04-15 12:55:38,001 [INFO   ] src.monday_client (monday_client.py:162):   -> Got 100 items (total so far: 900)
2026-04-15 12:55:38,001 [INFO   ] src.monday_client (monday_client.py:145): Fetching page 10 (cursor=MSwyMTMxODk2Nzk1LERmYkRkeFdjZDNWQ0JNdXltekpTbCw5NzEsOTAwLHw2MTU3NTg3MA)...
2026-04-15 12:55:39,722 [INFO   ] src.monday_client (monday_client.py:162):   -> Got 71 items (total so far: 971)
2026-04-15 12:55:39,722 [INFO   ] src.monday_client (monday_client.py:168): Finished fetching. Total items: 971
2026-04-15 12:55:39,722 [INFO   ] __main__ (main.py:76): Step 2/4: Normalizing orders...
2026-04-15 12:55:39,722 [INFO   ] src.order_mapper (order_mapper.py:287): Column validation passed (28 parent columns, 12 subitem columns seen)
2026-04-15 12:55:39,738 [INFO   ] src.order_mapper (order_mapper.py:304): Normalized 971 / 971 items
2026-04-15 12:55:39,738 [INFO   ] __main__ (main.py:83): Step 3/7: Computing P&L...
2026-04-15 12:55:39,860 [INFO   ] pnl_shared.exchange_rate (exchange_rate.py:82): Live exchange rate: 1 USD = 3.0174 ILS (source: https://open.er-api.com/v6/latest/USD)
2026-04-15 12:55:39,860 [INFO   ] src.pnl_engine (pnl_engine.py:120): Using exchange rate: 1 USD = 3.0174 ILS
2026-04-15 12:55:39,864 [INFO   ] src.pnl_engine (pnl_engine.py:128): Computed P&L for 971 / 971 orders
2026-04-15 12:55:39,864 [INFO   ] __main__ (main.py:87): Step 4/7: Fetching Facebook Ads data...
2026-04-15 12:55:41,192 [INFO   ] src.monday_client (monday_client.py:162):   -> Got 71 items (total so far: 971)
2026-04-15 12:55:41,192 [INFO   ] src.monday_client (monday_client.py:168): Finished fetching. Total items: 971
2026-04-15 12:55:41,192 [INFO   ] __main__ (main.py:76): Step 2/4: Normalizing orders...
2026-04-15 12:55:41,192 [INFO   ] src.order_mapper (order_mapper.py:287): Column validation passed (28 parent columns, 12 subitem columns seen)
2026-04-15 12:55:41,208 [INFO   ] src.order_mapper (order_mapper.py:304): Normalized 971 / 971 items
2026-04-15 12:55:41,208 [INFO   ] __main__ (main.py:83): Step 3/7: Computing P&L...
2026-04-15 12:55:41,242 [INFO   ] pnl_shared.exchange_rate (exchange_rate.py:82): Live exchange rate: 1 USD = 3.0174 ILS (source: https://open.er-api.com/v6/latest/USD)
2026-04-15 12:55:41,242 [INFO   ] src.pnl_engine (pnl_engine.py:120): Using exchange rate: 1 USD = 3.0174 ILS
2026-04-15 12:55:41,245 [INFO   ] src.pnl_engine (pnl_engine.py:128): Computed P&L for 971 / 971 orders
2026-04-15 12:55:41,245 [INFO   ] __main__ (main.py:87): Step 4/7: Fetching Facebook Ads data...
2026-04-15 12:55:41,528 [INFO   ] src.facebook_ads (facebook_ads.py:120): Fetched 15 days of Facebook Ads data
2026-04-15 12:55:42,372 [INFO   ] src.facebook_ads (facebook_ads.py:120): Fetched 15 days of Facebook Ads data
2026-04-15 12:55:42,372 [INFO   ] __main__ (main.py:96): Ad spend this month: 12086.33
2026-04-15 12:55:42,372 [INFO   ] __main__ (main.py:101): Step 5/7: Writing Excel workbook...
2026-04-15 12:55:42,373 [INFO   ] src.excel_writer (excel_writer.py:960): Loading existing workbook: P&L.xlsx
2026-04-15 12:55:42,525 [INFO   ] src.facebook_ads (facebook_ads.py:120): Fetched 15 days of Facebook Ads data
2026-04-15 12:55:43,263 [INFO   ] src.facebook_ads (facebook_ads.py:120): Fetched 15 days of Facebook Ads data
2026-04-15 12:55:43,265 [INFO   ] __main__ (main.py:96): Ad spend this month: 12086.33
2026-04-15 12:55:43,265 [INFO   ] __main__ (main.py:101): Step 5/7: Writing Excel workbook...
2026-04-15 12:55:43,265 [INFO   ] src.excel_writer (excel_writer.py:960): Loading existing workbook: P&L.xlsx
Traceback (most recent call last):
  File "<frozen runpy>", line 198, in _run_module_as_main
  File "<frozen runpy>", line 88, in _run_code
  File "C:\Users\amith\ads-dashboard\monday-pnl\src\main.py", line 182, in <module>
    main()
  File "C:\Users\amith\ads-dashboard\monday-pnl\src\main.py", line 172, in main
    setup_logging()
  File "C:\Users\amith\ads-dashboard\monday-pnl\src\main.py", line 46, in setup_logging
    file_handler = logging.handlers.RotatingFileHandler(
                   ^^^^^^^^^^^^^^^^^^^^^^^^^^^^^^^^^^^^^
  File "C:\Users\amith\AppData\Local\Programs\Python\Python312\Lib\logging\handlers.py", line 155, in __init__
    BaseRotatingHandler.__init__(self, filename, mode, encoding=encoding,
  File "C:\Users\amith\AppData\Local\Programs\Python\Python312\Lib\logging\handlers.py", line 58, in __init__
    logging.FileHandler.__init__(self, filename, mode=mode,
  File "C:\Users\amith\AppData\Local\Programs\Python\Python312\Lib\logging\__init__.py", line 1231, in __init__
    StreamHandler.__init__(self, self._open())
                                 ^^^^^^^^^^^^
  File "C:\Users\amith\AppData\Local\Programs\Python\Python312\Lib\logging\__init__.py", line 1263, in _open
    return open_func(self.baseFilename, self.mode,
           ^^^^^^^^^^^^^^^^^^^^^^^^^^^^^^^^^^^^^^^
PermissionError: [Errno 13] Permission denied: 'C:\\Users\\amith\\ads-dashboard\\monday-pnl\\logs\\pnl.log'
2026-04-16 16:08:41,411 [INFO   ] __main__ (main.py:63): ============================================================
2026-04-16 16:08:41,411 [INFO   ] __main__ (main.py:64): Starting P&L pipeline
2026-04-16 16:08:41,411 [INFO   ] __main__ (main.py:65): Board ID: 2131896795 | Mode: INCLUDES_VAT | Currency: ILS
2026-04-16 16:08:41,411 [INFO   ] __main__ (main.py:67): ============================================================
2026-04-16 16:08:41,411 [INFO   ] __main__ (main.py:72): Step 1/4: Fetching items from Monday.com...
2026-04-16 16:08:41,411 [INFO   ] src.monday_client (monday_client.py:145): Fetching page 1 (cursor=START)...
2026-04-16 16:08:45,936 [INFO   ] src.monday_client (monday_client.py:162):   -> Got 100 items (total so far: 100)
2026-04-16 16:08:45,936 [INFO   ] src.monday_client (monday_client.py:145): Fetching page 2 (cursor=MSwyMTMxODk2Nzk1LFlaV3kyUmRHS0R0MzRfRF9iSDFhWiw5NzcsMTAwLHwyMTkxMzc0OTgy)...
2026-04-16 16:08:49,775 [INFO   ] src.monday_client (monday_client.py:162):   -> Got 100 items (total so far: 200)
2026-04-16 16:08:49,775 [INFO   ] src.monday_client (monday_client.py:145): Fetching page 3 (cursor=MSwyMTMxODk2Nzk1LFlaV3kyUmRHS0R0MzRfRF9iSDFhWiw5NzcsMjAwLHwyNDE4NTQ2MDI0)...
2026-04-16 16:08:53,811 [INFO   ] src.monday_client (monday_client.py:162):   -> Got 100 items (total so far: 300)
2026-04-16 16:08:53,811 [INFO   ] src.monday_client (monday_client.py:145): Fetching page 4 (cursor=MSwyMTMxODk2Nzk1LFlaV3kyUmRHS0R0MzRfRF9iSDFhWiw5NzcsMzAwLHw2ODA4MTcxNjU)...
2026-04-16 16:08:57,593 [INFO   ] src.monday_client (monday_client.py:162):   -> Got 100 items (total so far: 400)
2026-04-16 16:08:57,593 [INFO   ] src.monday_client (monday_client.py:145): Fetching page 5 (cursor=MSwyMTMxODk2Nzk1LFlaV3kyUmRHS0R0MzRfRF9iSDFhWiw5NzcsNDAwLHwzMDQxMDg2MTMy)...
2026-04-16 16:09:01,373 [INFO   ] src.monday_client (monday_client.py:162):   -> Got 100 items (total so far: 500)
2026-04-16 16:09:01,373 [INFO   ] src.monday_client (monday_client.py:145): Fetching page 6 (cursor=MSwyMTMxODk2Nzk1LFlaV3kyUmRHS0R0MzRfRF9iSDFhWiw5NzcsNTAwLHwyMzQ4MjcyMTc)...
2026-04-16 16:09:05,194 [INFO   ] src.monday_client (monday_client.py:162):   -> Got 100 items (total so far: 600)
2026-04-16 16:09:05,194 [INFO   ] src.monday_client (monday_client.py:145): Fetching page 7 (cursor=MSwyMTMxODk2Nzk1LFlaV3kyUmRHS0R0MzRfRF9iSDFhWiw5NzcsNjAwLHw1MjQ5NzY3MDM)...
2026-04-16 16:09:09,306 [INFO   ] src.monday_client (monday_client.py:162):   -> Got 100 items (total so far: 700)
2026-04-16 16:09:09,306 [INFO   ] src.monday_client (monday_client.py:145): Fetching page 8 (cursor=MSwyMTMxODk2Nzk1LFlaV3kyUmRHS0R0MzRfRF9iSDFhWiw5NzcsNzAwLHwyODE3OTc1NjQy)...
2026-04-16 16:09:13,315 [INFO   ] src.monday_client (monday_client.py:162):   -> Got 100 items (total so far: 800)
2026-04-16 16:09:13,316 [INFO   ] src.monday_client (monday_client.py:145): Fetching page 9 (cursor=MSwyMTMxODk2Nzk1LFlaV3kyUmRHS0R0MzRfRF9iSDFhWiw5NzcsODAwLHw0Mjg4MDE3Njc2)...
2026-04-16 16:09:17,317 [INFO   ] src.monday_client (monday_client.py:162):   -> Got 100 items (total so far: 900)
2026-04-16 16:09:17,318 [INFO   ] src.monday_client (monday_client.py:145): Fetching page 10 (cursor=MSwyMTMxODk2Nzk1LFlaV3kyUmRHS0R0MzRfRF9iSDFhWiw5NzcsOTAwLHwxMTkzOTA2Nzkz)...
2026-04-16 16:09:20,239 [INFO   ] src.monday_client (monday_client.py:162):   -> Got 77 items (total so far: 977)
2026-04-16 16:09:20,239 [INFO   ] src.monday_client (monday_client.py:168): Finished fetching. Total items: 977
2026-04-16 16:09:20,239 [INFO   ] __main__ (main.py:76): Step 2/4: Normalizing orders...
2026-04-16 16:09:20,239 [INFO   ] src.order_mapper (order_mapper.py:287): Column validation passed (28 parent columns, 12 subitem columns seen)
2026-04-16 16:09:20,255 [INFO   ] src.order_mapper (order_mapper.py:304): Normalized 977 / 977 items
2026-04-16 16:09:20,255 [INFO   ] __main__ (main.py:83): Step 3/7: Computing P&L...
2026-04-16 16:09:20,344 [INFO   ] pnl_shared.exchange_rate (exchange_rate.py:82): Live exchange rate: 1 USD = 3.0010 ILS (source: https://open.er-api.com/v6/latest/USD)
2026-04-16 16:09:20,344 [INFO   ] src.pnl_engine (pnl_engine.py:120): Using exchange rate: 1 USD = 3.0010 ILS
2026-04-16 16:09:20,347 [INFO   ] src.pnl_engine (pnl_engine.py:128): Computed P&L for 977 / 977 orders
2026-04-16 16:09:20,347 [INFO   ] __main__ (main.py:87): Step 4/7: Fetching Facebook Ads data...
2026-04-16 16:09:22,586 [INFO   ] src.facebook_ads (facebook_ads.py:120): Fetched 16 days of Facebook Ads data
2026-04-16 16:09:23,267 [INFO   ] src.facebook_ads (facebook_ads.py:120): Fetched 16 days of Facebook Ads data
2026-04-16 16:09:23,267 [INFO   ] __main__ (main.py:96): Ad spend this month: 13065.00
2026-04-16 16:09:23,267 [INFO   ] __main__ (main.py:101): Step 5/7: Writing Excel workbook...
2026-04-16 16:09:23,267 [INFO   ] src.excel_writer (excel_writer.py:960): Loading existing workbook: P&L.xlsx
2026-04-17 09:18:18,481 [INFO   ] __main__ (main.py:63): ============================================================
2026-04-17 09:18:18,481 [INFO   ] __main__ (main.py:64): Starting P&L pipeline
2026-04-17 09:18:18,481 [INFO   ] __main__ (main.py:65): Board ID: 2131896795 | Mode: INCLUDES_VAT | Currency: ILS
2026-04-17 09:18:18,481 [INFO   ] __main__ (main.py:67): ============================================================
2026-04-17 09:18:18,482 [INFO   ] __main__ (main.py:72): Step 1/4: Fetching items from Monday.com...
2026-04-17 09:18:18,482 [INFO   ] src.monday_client (monday_client.py:145): Fetching page 1 (cursor=START)...
2026-04-17 09:18:23,436 [INFO   ] src.monday_client (monday_client.py:162):   -> Got 100 items (total so far: 100)
2026-04-17 09:18:23,436 [INFO   ] src.monday_client (monday_client.py:145): Fetching page 2 (cursor=MSwyMTMxODk2Nzk1LDE0X0xINFBMNzBveXk0MF81cTBGTCw5NzgsMTAwLHw0NzY2ODY2MzE)...
2026-04-17 09:18:27,289 [INFO   ] src.monday_client (monday_client.py:162):   -> Got 100 items (total so far: 200)
2026-04-17 09:18:27,289 [INFO   ] src.monday_client (monday_client.py:145): Fetching page 3 (cursor=MSwyMTMxODk2Nzk1LDE0X0xINFBMNzBveXk0MF81cTBGTCw5NzgsMjAwLHwyNDkzMDA2ODE)...
2026-04-17 09:18:31,303 [INFO   ] src.monday_client (monday_client.py:162):   -> Got 100 items (total so far: 300)
2026-04-17 09:18:31,303 [INFO   ] src.monday_client (monday_client.py:145): Fetching page 4 (cursor=MSwyMTMxODk2Nzk1LDE0X0xINFBMNzBveXk0MF81cTBGTCw5NzgsMzAwLHwzMDU5NzY5Nzcy)...
2026-04-17 09:18:34,908 [INFO   ] src.monday_client (monday_client.py:162):   -> Got 100 items (total so far: 400)
2026-04-17 09:18:34,908 [INFO   ] src.monday_client (monday_client.py:145): Fetching page 5 (cursor=MSwyMTMxODk2Nzk1LDE0X0xINFBMNzBveXk0MF81cTBGTCw5NzgsNDAwLHw3MzM0MzYxODE)...
2026-04-17 09:18:37,881 [INFO   ] src.monday_client (monday_client.py:162):   -> Got 100 items (total so far: 500)
2026-04-17 09:18:37,881 [INFO   ] src.monday_client (monday_client.py:145): Fetching page 6 (cursor=MSwyMTMxODk2Nzk1LDE0X0xINFBMNzBveXk0MF81cTBGTCw5NzgsNTAwLHwyNDY2OTg3NjMy)...
2026-04-17 09:18:41,347 [INFO   ] src.monday_client (monday_client.py:162):   -> Got 100 items (total so far: 600)
2026-04-17 09:18:41,348 [INFO   ] src.monday_client (monday_client.py:145): Fetching page 7 (cursor=MSwyMTMxODk2Nzk1LDE0X0xINFBMNzBveXk0MF81cTBGTCw5NzgsNjAwLHwyMTc2NzQ5OTgy)...
2026-04-17 09:18:45,110 [INFO   ] src.monday_client (monday_client.py:162):   -> Got 100 items (total so far: 700)
2026-04-17 09:18:45,110 [INFO   ] src.monday_client (monday_client.py:145): Fetching page 8 (cursor=MSwyMTMxODk2Nzk1LDE0X0xINFBMNzBveXk0MF81cTBGTCw5NzgsNzAwLHw5NTY0OTU2MTE)...
2026-04-17 09:18:48,605 [INFO   ] src.monday_client (monday_client.py:162):   -> Got 100 items (total so far: 800)
2026-04-17 09:18:48,605 [INFO   ] src.monday_client (monday_client.py:145): Fetching page 9 (cursor=MSwyMTMxODk2Nzk1LDE0X0xINFBMNzBveXk0MF81cTBGTCw5NzgsODAwLHwxNjMzODA1OTk3)...
2026-04-17 09:18:52,299 [INFO   ] src.monday_client (monday_client.py:162):   -> Got 100 items (total so far: 900)
2026-04-17 09:18:52,299 [INFO   ] src.monday_client (monday_client.py:145): Fetching page 10 (cursor=MSwyMTMxODk2Nzk1LDE0X0xINFBMNzBveXk0MF81cTBGTCw5NzgsOTAwLHwzNjU1MTcyNTUy)...
2026-04-17 09:18:55,104 [INFO   ] src.monday_client (monday_client.py:162):   -> Got 78 items (total so far: 978)
2026-04-17 09:18:55,104 [INFO   ] src.monday_client (monday_client.py:168): Finished fetching. Total items: 978
2026-04-17 09:18:55,104 [INFO   ] __main__ (main.py:76): Step 2/4: Normalizing orders...
2026-04-17 09:18:55,104 [INFO   ] src.order_mapper (order_mapper.py:287): Column validation passed (28 parent columns, 12 subitem columns seen)
2026-04-17 09:18:55,121 [INFO   ] src.order_mapper (order_mapper.py:304): Normalized 978 / 978 items
2026-04-17 09:18:55,121 [INFO   ] __main__ (main.py:83): Step 3/7: Computing P&L...
2026-04-17 09:18:55,249 [INFO   ] pnl_shared.exchange_rate (exchange_rate.py:82): Live exchange rate: 1 USD = 2.9938 ILS (source: https://open.er-api.com/v6/latest/USD)
2026-04-17 09:18:55,251 [INFO   ] src.pnl_engine (pnl_engine.py:120): Using exchange rate: 1 USD = 2.9938 ILS
2026-04-17 09:18:55,254 [INFO   ] src.pnl_engine (pnl_engine.py:128): Computed P&L for 978 / 978 orders
2026-04-17 09:18:55,254 [INFO   ] __main__ (main.py:87): Step 4/7: Fetching Facebook Ads data...
2026-04-17 09:18:57,399 [INFO   ] src.facebook_ads (facebook_ads.py:120): Fetched 17 days of Facebook Ads data
2026-04-17 09:18:57,945 [INFO   ] src.facebook_ads (facebook_ads.py:120): Fetched 17 days of Facebook Ads data
2026-04-17 09:18:57,945 [INFO   ] __main__ (main.py:96): Ad spend this month: 13571.98
2026-04-17 09:18:57,945 [INFO   ] __main__ (main.py:101): Step 5/7: Writing Excel workbook...
2026-04-17 09:18:57,945 [INFO   ] src.excel_writer (excel_writer.py:960): Loading existing workbook: P&L.xlsx
2026-04-17 12:55:02,553 [INFO   ] __main__ (main.py:63): ============================================================
2026-04-17 12:55:02,553 [INFO   ] __main__ (main.py:64): Starting P&L pipeline
2026-04-17 12:55:02,553 [INFO   ] __main__ (main.py:64): Starting P&L pipeline
2026-04-17 12:55:02,553 [INFO   ] __main__ (main.py:65): Board ID: 2131896795 | Mode: INCLUDES_VAT | Currency: ILS
2026-04-17 12:55:02,553 [INFO   ] __main__ (main.py:65): Board ID: 2131896795 | Mode: INCLUDES_VAT | Currency: ILS
2026-04-17 12:55:02,553 [INFO   ] __main__ (main.py:67): ============================================================
2026-04-17 12:55:02,553 [INFO   ] __main__ (main.py:67): ============================================================
2026-04-17 12:55:02,553 [INFO   ] __main__ (main.py:72): Step 1/4: Fetching items from Monday.com...
2026-04-17 12:55:02,554 [INFO   ] src.monday_client (monday_client.py:145): Fetching page 1 (cursor=START)...
2026-04-17 12:55:02,554 [INFO   ] src.monday_client (monday_client.py:145): Fetching page 1 (cursor=START)...
2026-04-17 12:55:07,625 [INFO   ] src.monday_client (monday_client.py:162):   -> Got 100 items (total so far: 100)
2026-04-17 12:55:07,626 [INFO   ] src.monday_client (monday_client.py:145): Fetching page 2 (cursor=MSwyMTMxODk2Nzk1LEFsTTNNTFFSUFFzX24zSkdYaE93Viw5NzksMTAwLHwyMTc4MzU1MTU)...
2026-04-17 12:55:07,672 [INFO   ] src.monday_client (monday_client.py:162):   -> Got 100 items (total so far: 100)
2026-04-17 12:55:07,672 [INFO   ] src.monday_client (monday_client.py:145): Fetching page 2 (cursor=MSwyMTMxODk2Nzk1LGRLTXpsQVNQcUJYeGZCMWNNcURoeCw5NzksMTAwLHwxODc5NDgyOTg3)...
2026-04-17 12:55:11,658 [INFO   ] src.monday_client (monday_client.py:162):   -> Got 100 items (total so far: 200)
2026-04-17 12:55:11,658 [INFO   ] src.monday_client (monday_client.py:145): Fetching page 3 (cursor=MSwyMTMxODk2Nzk1LEFsTTNNTFFSUFFzX24zSkdYaE93Viw5NzksMjAwLHw1MDg0NDY3NDE)...
2026-04-17 12:55:12,058 [INFO   ] src.monday_client (monday_client.py:162):   -> Got 100 items (total so far: 200)
2026-04-17 12:55:12,060 [INFO   ] src.monday_client (monday_client.py:145): Fetching page 3 (cursor=MSwyMTMxODk2Nzk1LGRLTXpsQVNQcUJYeGZCMWNNcURoeCw5NzksMjAwLHwxNjU1OTAxNTcz)...
2026-04-17 12:55:15,456 [INFO   ] src.monday_client (monday_client.py:162):   -> Got 100 items (total so far: 300)
2026-04-17 12:55:15,457 [INFO   ] src.monday_client (monday_client.py:145): Fetching page 4 (cursor=MSwyMTMxODk2Nzk1LEFsTTNNTFFSUFFzX24zSkdYaE93Viw5NzksMzAwLHwyODAwODg5NzEy)...
2026-04-17 12:55:16,419 [INFO   ] src.monday_client (monday_client.py:162):   -> Got 100 items (total so far: 300)
2026-04-17 12:55:16,419 [INFO   ] src.monday_client (monday_client.py:145): Fetching page 4 (cursor=MSwyMTMxODk2Nzk1LGRLTXpsQVNQcUJYeGZCMWNNcURoeCw5NzksMzAwLHwzNjU4NDQzNDg4)...
2026-04-17 12:55:18,960 [INFO   ] src.monday_client (monday_client.py:162):   -> Got 100 items (total so far: 400)
2026-04-17 12:55:18,960 [INFO   ] src.monday_client (monday_client.py:145): Fetching page 5 (cursor=MSwyMTMxODk2Nzk1LEFsTTNNTFFSUFFzX24zSkdYaE93Viw5NzksNDAwLHw5OTIyODY2NjU)...
2026-04-17 12:55:19,590 [INFO   ] src.monday_client (monday_client.py:162):   -> Got 100 items (total so far: 400)
2026-04-17 12:55:19,590 [INFO   ] src.monday_client (monday_client.py:145): Fetching page 5 (cursor=MSwyMTMxODk2Nzk1LGRLTXpsQVNQcUJYeGZCMWNNcURoeCw5NzksNDAwLHwxMjA1MzU5MTkz)...
2026-04-17 12:55:22,091 [INFO   ] src.monday_client (monday_client.py:162):   -> Got 100 items (total so far: 500)
2026-04-17 12:55:22,091 [INFO   ] src.monday_client (monday_client.py:145): Fetching page 6 (cursor=MSwyMTMxODk2Nzk1LEFsTTNNTFFSUFFzX24zSkdYaE93Viw5NzksNTAwLHwyMjA3ODcxMTQ4)...
2026-04-17 12:55:23,002 [INFO   ] src.monday_client (monday_client.py:162):   -> Got 100 items (total so far: 500)
2026-04-17 12:55:23,002 [INFO   ] src.monday_client (monday_client.py:145): Fetching page 6 (cursor=MSwyMTMxODk2Nzk1LGRLTXpsQVNQcUJYeGZCMWNNcURoeCw5NzksNTAwLHw0Mjg0NzU3MzA4)...
2026-04-17 12:55:26,003 [INFO   ] src.monday_client (monday_client.py:162):   -> Got 100 items (total so far: 600)
2026-04-17 12:55:26,003 [INFO   ] src.monday_client (monday_client.py:145): Fetching page 7 (cursor=MSwyMTMxODk2Nzk1LEFsTTNNTFFSUFFzX24zSkdYaE93Viw5NzksNjAwLHwyNDM1NjM3MDU4)...
2026-04-17 12:55:26,412 [INFO   ] src.monday_client (monday_client.py:162):   -> Got 100 items (total so far: 600)
2026-04-17 12:55:26,412 [INFO   ] src.monday_client (monday_client.py:145): Fetching page 7 (cursor=MSwyMTMxODk2Nzk1LGRLTXpsQVNQcUJYeGZCMWNNcURoeCw5NzksNjAwLHwzOTg5OTM2ODUw)...
2026-04-17 12:55:29,640 [INFO   ] src.monday_client (monday_client.py:162):   -> Got 100 items (total so far: 700)
2026-04-17 12:55:29,640 [INFO   ] src.monday_client (monday_client.py:145): Fetching page 8 (cursor=MSwyMTMxODk2Nzk1LGRLTXpsQVNQcUJYeGZCMWNNcURoeCw5NzksNzAwLHwxNDMzMjcxNzM1)...
2026-04-17 12:55:30,600 [INFO   ] src.monday_client (monday_client.py:162):   -> Got 100 items (total so far: 700)
2026-04-17 12:55:30,600 [INFO   ] src.monday_client (monday_client.py:145): Fetching page 8 (cursor=MSwyMTMxODk2Nzk1LEFsTTNNTFFSUFFzX24zSkdYaE93Viw5NzksNzAwLHw2OTczNTAxODM)...
2026-04-17 12:55:33,548 [INFO   ] src.monday_client (monday_client.py:162):   -> Got 100 items (total so far: 800)
2026-04-17 12:55:33,548 [INFO   ] src.monday_client (monday_client.py:145): Fetching page 9 (cursor=MSwyMTMxODk2Nzk1LGRLTXpsQVNQcUJYeGZCMWNNcURoeCw5NzksODAwLHwyMTkwODIyMDk)...
2026-04-17 12:55:34,506 [INFO   ] src.monday_client (monday_client.py:162):   -> Got 100 items (total so far: 800)
2026-04-17 12:55:34,506 [INFO   ] src.monday_client (monday_client.py:145): Fetching page 9 (cursor=MSwyMTMxODk2Nzk1LEFsTTNNTFFSUFFzX24zSkdYaE93Viw5NzksODAwLHwxOTExNzkzNzc3)...
2026-04-17 12:55:37,118 [INFO   ] src.monday_client (monday_client.py:162):   -> Got 100 items (total so far: 900)
2026-04-17 12:55:37,118 [INFO   ] src.monday_client (monday_client.py:145): Fetching page 10 (cursor=MSwyMTMxODk2Nzk1LGRLTXpsQVNQcUJYeGZCMWNNcURoeCw5NzksOTAwLHwzMDQ4Mzc2OTY0)...
2026-04-17 12:55:37,696 [INFO   ] src.monday_client (monday_client.py:162):   -> Got 100 items (total so far: 900)
2026-04-17 12:55:37,696 [INFO   ] src.monday_client (monday_client.py:145): Fetching page 10 (cursor=MSwyMTMxODk2Nzk1LEFsTTNNTFFSUFFzX24zSkdYaE93Viw5NzksOTAwLHwzMzc3NDUwNzcy)...
2026-04-17 12:55:40,285 [INFO   ] src.monday_client (monday_client.py:162):   -> Got 79 items (total so far: 979)
2026-04-17 12:55:40,285 [INFO   ] src.monday_client (monday_client.py:168): Finished fetching. Total items: 979
2026-04-17 12:55:40,285 [INFO   ] __main__ (main.py:76): Step 2/4: Normalizing orders...
2026-04-17 12:55:40,285 [INFO   ] src.order_mapper (order_mapper.py:287): Column validation passed (28 parent columns, 12 subitem columns seen)
2026-04-17 12:55:40,303 [INFO   ] src.order_mapper (order_mapper.py:304): Normalized 979 / 979 items
2026-04-17 12:55:40,303 [INFO   ] __main__ (main.py:83): Step 3/7: Computing P&L...
2026-04-17 12:55:40,400 [INFO   ] src.monday_client (monday_client.py:162):   -> Got 79 items (total so far: 979)
2026-04-17 12:55:40,400 [INFO   ] src.monday_client (monday_client.py:168): Finished fetching. Total items: 979
2026-04-17 12:55:40,400 [INFO   ] __main__ (main.py:76): Step 2/4: Normalizing orders...
2026-04-17 12:55:40,400 [INFO   ] src.order_mapper (order_mapper.py:287): Column validation passed (28 parent columns, 12 subitem columns seen)
2026-04-17 12:55:40,402 [INFO   ] pnl_shared.exchange_rate (exchange_rate.py:82): Live exchange rate: 1 USD = 2.9938 ILS (source: https://open.er-api.com/v6/latest/USD)
2026-04-17 12:55:40,402 [INFO   ] src.pnl_engine (pnl_engine.py:120): Using exchange rate: 1 USD = 2.9938 ILS
2026-04-17 12:55:40,405 [INFO   ] src.pnl_engine (pnl_engine.py:128): Computed P&L for 979 / 979 orders
2026-04-17 12:55:40,405 [INFO   ] __main__ (main.py:87): Step 4/7: Fetching Facebook Ads data...
2026-04-17 12:55:40,417 [INFO   ] src.order_mapper (order_mapper.py:304): Normalized 979 / 979 items
2026-04-17 12:55:40,417 [INFO   ] __main__ (main.py:83): Step 3/7: Computing P&L...
2026-04-17 12:55:40,471 [INFO   ] pnl_shared.exchange_rate (exchange_rate.py:82): Live exchange rate: 1 USD = 2.9938 ILS (source: https://open.er-api.com/v6/latest/USD)
2026-04-17 12:55:40,471 [INFO   ] src.pnl_engine (pnl_engine.py:120): Using exchange rate: 1 USD = 2.9938 ILS
2026-04-17 12:55:40,474 [INFO   ] src.pnl_engine (pnl_engine.py:128): Computed P&L for 979 / 979 orders
2026-04-17 12:55:40,474 [INFO   ] __main__ (main.py:87): Step 4/7: Fetching Facebook Ads data...
2026-04-17 12:55:41,827 [INFO   ] src.facebook_ads (facebook_ads.py:120): Fetched 17 days of Facebook Ads data
2026-04-17 12:55:42,014 [INFO   ] src.facebook_ads (facebook_ads.py:120): Fetched 17 days of Facebook Ads data
2026-04-17 12:55:42,287 [INFO   ] src.facebook_ads (facebook_ads.py:120): Fetched 17 days of Facebook Ads data
2026-04-17 12:55:42,287 [INFO   ] __main__ (main.py:96): Ad spend this month: 13744.13
2026-04-17 12:55:42,287 [INFO   ] __main__ (main.py:101): Step 5/7: Writing Excel workbook...
2026-04-17 12:55:42,288 [INFO   ] src.excel_writer (excel_writer.py:960): Loading existing workbook: P&L.xlsx
2026-04-17 12:55:42,502 [INFO   ] src.facebook_ads (facebook_ads.py:120): Fetched 17 days of Facebook Ads data
2026-04-17 12:55:42,504 [INFO   ] __main__ (main.py:96): Ad spend this month: 13744.13
2026-04-17 12:55:42,505 [INFO   ] __main__ (main.py:101): Step 5/7: Writing Excel workbook...
2026-04-17 12:55:42,505 [INFO   ] src.excel_writer (excel_writer.py:960): Loading existing workbook: P&L.xlsx
Traceback (most recent call last):
  File "<frozen runpy>", line 198, in _run_module_as_main
  File "<frozen runpy>", line 88, in _run_code
  File "C:\Users\amith\ads-dashboard\monday-pnl\src\main.py", line 182, in <module>
    main()
  File "C:\Users\amith\ads-dashboard\monday-pnl\src\main.py", line 172, in main
    setup_logging()
  File "C:\Users\amith\ads-dashboard\monday-pnl\src\main.py", line 46, in setup_logging
    file_handler = logging.handlers.RotatingFileHandler(
                   ^^^^^^^^^^^^^^^^^^^^^^^^^^^^^^^^^^^^^
  File "C:\Users\amith\AppData\Local\Programs\Python\Python312\Lib\logging\handlers.py", line 155, in __init__
    BaseRotatingHandler.__init__(self, filename, mode, encoding=encoding,
  File "C:\Users\amith\AppData\Local\Programs\Python\Python312\Lib\logging\handlers.py", line 58, in __init__
    logging.FileHandler.__init__(self, filename, mode=mode,
  File "C:\Users\amith\AppData\Local\Programs\Python\Python312\Lib\logging\__init__.py", line 1231, in __init__
    StreamHandler.__init__(self, self._open())
                                 ^^^^^^^^^^^^
  File "C:\Users\amith\AppData\Local\Programs\Python\Python312\Lib\logging\__init__.py", line 1263, in _open
    return open_func(self.baseFilename, self.mode,
           ^^^^^^^^^^^^^^^^^^^^^^^^^^^^^^^^^^^^^^^
PermissionError: [Errno 13] Permission denied: 'C:\\Users\\amith\\ads-dashboard\\monday-pnl\\logs\\pnl.log'
2026-04-18 13:29:44,624 [INFO   ] __main__ (main.py:63): ============================================================
2026-04-18 13:29:44,625 [INFO   ] __main__ (main.py:64): Starting P&L pipeline
2026-04-18 13:29:44,625 [INFO   ] __main__ (main.py:65): Board ID: 2131896795 | Mode: INCLUDES_VAT | Currency: ILS
2026-04-18 13:29:44,625 [INFO   ] __main__ (main.py:67): ============================================================
2026-04-18 13:29:44,625 [INFO   ] __main__ (main.py:72): Step 1/4: Fetching items from Monday.com...
2026-04-18 13:29:44,625 [INFO   ] src.monday_client (monday_client.py:145): Fetching page 1 (cursor=START)...
2026-04-18 13:29:49,582 [INFO   ] src.monday_client (monday_client.py:162):   -> Got 100 items (total so far: 100)
2026-04-18 13:29:49,582 [INFO   ] src.monday_client (monday_client.py:145): Fetching page 2 (cursor=MSwyMTMxODk2Nzk1LG5OMFNkSU1wR2ViY1ktRUItRzduTiw5ODEsMTAwLHwxNjg4MjAyNjg3)...
2026-04-18 13:29:53,586 [INFO   ] src.monday_client (monday_client.py:162):   -> Got 100 items (total so far: 200)
2026-04-18 13:29:53,587 [INFO   ] src.monday_client (monday_client.py:145): Fetching page 3 (cursor=MSwyMTMxODk2Nzk1LG5OMFNkSU1wR2ViY1ktRUItRzduTiw5ODEsMjAwLHwxOTgyNDgwOTc3)...
2026-04-18 13:29:57,112 [INFO   ] src.monday_client (monday_client.py:162):   -> Got 100 items (total so far: 300)
2026-04-18 13:29:57,112 [INFO   ] src.monday_client (monday_client.py:145): Fetching page 4 (cursor=MSwyMTMxODk2Nzk1LG5OMFNkSU1wR2ViY1ktRUItRzduTiw5ODEsMzAwLHwzNDY1OTQ2NDIw)...
2026-04-18 13:30:00,188 [INFO   ] src.monday_client (monday_client.py:162):   -> Got 100 items (total so far: 400)
2026-04-18 13:30:00,188 [INFO   ] src.monday_client (monday_client.py:145): Fetching page 5 (cursor=MSwyMTMxODk2Nzk1LG5OMFNkSU1wR2ViY1ktRUItRzduTiw5ODEsNDAwLHwxMzk2Nzc2MzMz)...
2026-04-18 13:30:03,396 [INFO   ] src.monday_client (monday_client.py:162):   -> Got 100 items (total so far: 500)
2026-04-18 13:30:03,396 [INFO   ] src.monday_client (monday_client.py:145): Fetching page 6 (cursor=MSwyMTMxODk2Nzk1LG5OMFNkSU1wR2ViY1ktRUItRzduTiw5ODEsNTAwLHwzOTU5MjU3ODMy)...
2026-04-18 13:30:06,842 [INFO   ] src.monday_client (monday_client.py:162):   -> Got 100 items (total so far: 600)
2026-04-18 13:30:06,842 [INFO   ] src.monday_client (monday_client.py:145): Fetching page 7 (cursor=MSwyMTMxODk2Nzk1LG5OMFNkSU1wR2ViY1ktRUItRzduTiw5ODEsNjAwLHw0MTgyMjk5OTEw)...
2026-04-18 13:30:10,571 [INFO   ] src.monday_client (monday_client.py:162):   -> Got 100 items (total so far: 700)
2026-04-18 13:30:10,571 [INFO   ] src.monday_client (monday_client.py:145): Fetching page 8 (cursor=MSwyMTMxODk2Nzk1LG5OMFNkSU1wR2ViY1ktRUItRzduTiw5ODEsNzAwLHwxMTA2NTU1NDkx)...
2026-04-18 13:30:14,125 [INFO   ] src.monday_client (monday_client.py:162):   -> Got 100 items (total so far: 800)
2026-04-18 13:30:14,127 [INFO   ] src.monday_client (monday_client.py:145): Fetching page 9 (cursor=MSwyMTMxODk2Nzk1LG5OMFNkSU1wR2ViY1ktRUItRzduTiw5ODEsODAwLHw0MjkzNjc4NjE)...
2026-04-18 13:30:17,932 [INFO   ] src.monday_client (monday_client.py:162):   -> Got 100 items (total so far: 900)
2026-04-18 13:30:17,932 [INFO   ] src.monday_client (monday_client.py:145): Fetching page 10 (cursor=MSwyMTMxODk2Nzk1LG5OMFNkSU1wR2ViY1ktRUItRzduTiw5ODEsOTAwLHwyNzA0MDAwMzM2)...
2026-04-18 13:30:20,617 [INFO   ] src.monday_client (monday_client.py:162):   -> Got 81 items (total so far: 981)
2026-04-18 13:30:20,617 [INFO   ] src.monday_client (monday_client.py:168): Finished fetching. Total items: 981
2026-04-18 13:30:20,617 [INFO   ] __main__ (main.py:76): Step 2/4: Normalizing orders...
2026-04-18 13:30:20,617 [INFO   ] src.order_mapper (order_mapper.py:287): Column validation passed (28 parent columns, 12 subitem columns seen)
2026-04-18 13:30:20,632 [INFO   ] src.order_mapper (order_mapper.py:304): Normalized 981 / 981 items
2026-04-18 13:30:20,632 [INFO   ] __main__ (main.py:83): Step 3/7: Computing P&L...
2026-04-18 13:30:20,759 [INFO   ] pnl_shared.exchange_rate (exchange_rate.py:82): Live exchange rate: 1 USD = 2.9772 ILS (source: https://open.er-api.com/v6/latest/USD)
2026-04-18 13:30:20,759 [INFO   ] src.pnl_engine (pnl_engine.py:120): Using exchange rate: 1 USD = 2.9772 ILS
2026-04-18 13:30:20,761 [INFO   ] src.pnl_engine (pnl_engine.py:128): Computed P&L for 981 / 981 orders
2026-04-18 13:30:20,761 [INFO   ] __main__ (main.py:87): Step 4/7: Fetching Facebook Ads data...
2026-04-18 13:30:23,159 [INFO   ] src.facebook_ads (facebook_ads.py:120): Fetched 18 days of Facebook Ads data
2026-04-18 13:30:24,080 [INFO   ] src.facebook_ads (facebook_ads.py:120): Fetched 18 days of Facebook Ads data
2026-04-18 13:30:24,080 [INFO   ] __main__ (main.py:96): Ad spend this month: 13976.13
2026-04-18 13:30:24,080 [INFO   ] __main__ (main.py:101): Step 5/7: Writing Excel workbook...
2026-04-18 13:30:24,080 [INFO   ] src.excel_writer (excel_writer.py:960): Loading existing workbook: P&L.xlsx
2026-04-20 18:30:23,809 [INFO   ] __main__ (main.py:63): ============================================================
2026-04-20 18:30:23,809 [INFO   ] __main__ (main.py:64): Starting P&L pipeline
2026-04-20 18:30:23,810 [INFO   ] __main__ (main.py:65): Board ID: 2131896795 | Mode: INCLUDES_VAT | Currency: ILS
2026-04-20 18:30:23,810 [INFO   ] __main__ (main.py:67): ============================================================
2026-04-20 18:30:23,810 [INFO   ] __main__ (main.py:72): Step 1/4: Fetching items from Monday.com...
2026-04-20 18:30:23,810 [INFO   ] src.monday_client (monday_client.py:145): Fetching page 1 (cursor=START)...
2026-04-20 18:30:28,301 [INFO   ] src.monday_client (monday_client.py:162):   -> Got 100 items (total so far: 100)
2026-04-20 18:30:28,301 [INFO   ] src.monday_client (monday_client.py:145): Fetching page 2 (cursor=MSwyMTMxODk2Nzk1LERyR2lDdGpxMUtOS0RoOVlDclVxTiwxMDAzLDEwMCx8MjI2ODkwMTc1OA)...
2026-04-20 18:30:32,486 [INFO   ] src.monday_client (monday_client.py:162):   -> Got 100 items (total so far: 200)
2026-04-20 18:30:32,486 [INFO   ] src.monday_client (monday_client.py:145): Fetching page 3 (cursor=MSwyMTMxODk2Nzk1LERyR2lDdGpxMUtOS0RoOVlDclVxTiwxMDAzLDIwMCx8MjUwODc5MTQ0MA)...
2026-04-20 18:30:36,688 [INFO   ] src.monday_client (monday_client.py:162):   -> Got 100 items (total so far: 300)
2026-04-20 18:30:36,688 [INFO   ] src.monday_client (monday_client.py:145): Fetching page 4 (cursor=MSwyMTMxODk2Nzk1LERyR2lDdGpxMUtOS0RoOVlDclVxTiwxMDAzLDMwMCx8NzU4NDc5MzQ5)...
2026-04-20 18:30:40,916 [INFO   ] src.monday_client (monday_client.py:162):   -> Got 100 items (total so far: 400)
2026-04-20 18:30:40,916 [INFO   ] src.monday_client (monday_client.py:145): Fetching page 5 (cursor=MSwyMTMxODk2Nzk1LERyR2lDdGpxMUtOS0RoOVlDclVxTiwxMDAzLDQwMCx8Mjk2NzYxNzg2OA)...
2026-04-20 18:30:43,829 [INFO   ] src.monday_client (monday_client.py:162):   -> Got 100 items (total so far: 500)
2026-04-20 18:30:43,830 [INFO   ] src.monday_client (monday_client.py:145): Fetching page 6 (cursor=MSwyMTMxODk2Nzk1LERyR2lDdGpxMUtOS0RoOVlDclVxTiwxMDAzLDUwMCx8MTQwMzg3ODgx)...
2026-04-20 18:30:47,855 [INFO   ] src.monday_client (monday_client.py:162):   -> Got 100 items (total so far: 600)
2026-04-20 18:30:47,855 [INFO   ] src.monday_client (monday_client.py:145): Fetching page 7 (cursor=MSwyMTMxODk2Nzk1LERyR2lDdGpxMUtOS0RoOVlDclVxTiwxMDAzLDYwMCx8NDUxNjQzODQ3)...
2026-04-20 18:30:51,678 [INFO   ] src.monday_client (monday_client.py:162):   -> Got 100 items (total so far: 700)
2026-04-20 18:30:51,678 [INFO   ] src.monday_client (monday_client.py:145): Fetching page 8 (cursor=MSwyMTMxODk2Nzk1LERyR2lDdGpxMUtOS0RoOVlDclVxTiwxMDAzLDcwMCx8MjcyMzY3MTcxNA)...
2026-04-20 18:30:55,475 [INFO   ] src.monday_client (monday_client.py:162):   -> Got 100 items (total so far: 800)
2026-04-20 18:30:55,475 [INFO   ] src.monday_client (monday_client.py:145): Fetching page 9 (cursor=MSwyMTMxODk2Nzk1LERyR2lDdGpxMUtOS0RoOVlDclVxTiwxMDAzLDgwMCx8NDE5Nzc3NzE0MA)...
2026-04-20 18:31:00,144 [INFO   ] src.monday_client (monday_client.py:162):   -> Got 100 items (total so far: 900)
2026-04-20 18:31:00,144 [INFO   ] src.monday_client (monday_client.py:145): Fetching page 10 (cursor=MSwyMTMxODk2Nzk1LERyR2lDdGpxMUtOS0RoOVlDclVxTiwxMDAzLDkwMCx8MTExNjI0ODQ2NQ)...
2026-04-20 18:31:04,377 [INFO   ] src.monday_client (monday_client.py:162):   -> Got 100 items (total so far: 1000)
2026-04-20 18:31:04,377 [INFO   ] src.monday_client (monday_client.py:145): Fetching page 11 (cursor=MSwyMTMxODk2Nzk1LERyR2lDdGpxMUtOS0RoOVlDclVxTiwxMDAzLDEwMDAsfDI5Nzk1MTE5OTM)...
2026-04-20 18:31:05,177 [INFO   ] src.monday_client (monday_client.py:162):   -> Got 3 items (total so far: 1003)
2026-04-20 18:31:05,177 [INFO   ] src.monday_client (monday_client.py:168): Finished fetching. Total items: 1003
2026-04-20 18:31:05,179 [INFO   ] __main__ (main.py:76): Step 2/4: Normalizing orders...
2026-04-20 18:31:05,179 [INFO   ] src.order_mapper (order_mapper.py:287): Column validation passed (28 parent columns, 12 subitem columns seen)
2026-04-20 18:31:05,196 [INFO   ] src.order_mapper (order_mapper.py:304): Normalized 1003 / 1003 items
2026-04-20 18:31:05,196 [INFO   ] __main__ (main.py:83): Step 3/7: Computing P&L...
2026-04-20 18:31:05,316 [INFO   ] pnl_shared.exchange_rate (exchange_rate.py:82): Live exchange rate: 1 USD = 2.9716 ILS (source: https://open.er-api.com/v6/latest/USD)
2026-04-20 18:31:05,318 [INFO   ] src.pnl_engine (pnl_engine.py:120): Using exchange rate: 1 USD = 2.9716 ILS
2026-04-20 18:31:05,321 [INFO   ] src.pnl_engine (pnl_engine.py:128): Computed P&L for 1003 / 1003 orders
2026-04-20 18:31:05,321 [INFO   ] __main__ (main.py:87): Step 4/7: Fetching Facebook Ads data...
2026-04-20 18:31:06,597 [INFO   ] src.facebook_ads (facebook_ads.py:120): Fetched 20 days of Facebook Ads data
2026-04-20 18:31:07,343 [INFO   ] src.facebook_ads (facebook_ads.py:120): Fetched 20 days of Facebook Ads data
2026-04-20 18:31:07,345 [INFO   ] __main__ (main.py:96): Ad spend this month: 16820.35
2026-04-20 18:31:07,345 [INFO   ] __main__ (main.py:101): Step 5/7: Writing Excel workbook...
2026-04-20 18:31:07,345 [INFO   ] src.excel_writer (excel_writer.py:960): Loading existing workbook: P&L.xlsx
2026-04-21 00:56:25,900 [INFO   ] __main__ (main.py:63): ============================================================
2026-04-21 00:56:25,900 [INFO   ] __main__ (main.py:64): Starting P&L pipeline
2026-04-21 00:56:25,900 [INFO   ] __main__ (main.py:65): Board ID: 2131896795 | Mode: INCLUDES_VAT | Currency: ILS
2026-04-21 00:56:25,900 [INFO   ] __main__ (main.py:67): ============================================================
2026-04-21 00:56:25,900 [INFO   ] __main__ (main.py:72): Step 1/4: Fetching items from Monday.com...
2026-04-21 00:56:25,902 [INFO   ] src.monday_client (monday_client.py:145): Fetching page 1 (cursor=START)...
2026-04-21 00:56:31,037 [INFO   ] src.monday_client (monday_client.py:162):   -> Got 100 items (total so far: 100)
2026-04-21 00:56:31,037 [INFO   ] src.monday_client (monday_client.py:145): Fetching page 2 (cursor=MSwyMTMxODk2Nzk1LFgzQWZxWHZyTTFlcEstMlN6QXh6OSwxMDA3LDEwMCx8NDY5NDQxNjc)...
2026-04-21 00:56:35,375 [INFO   ] src.monday_client (monday_client.py:162):   -> Got 100 items (total so far: 200)
2026-04-21 00:56:35,376 [INFO   ] src.monday_client (monday_client.py:145): Fetching page 3 (cursor=MSwyMTMxODk2Nzk1LFgzQWZxWHZyTTFlcEstMlN6QXh6OSwxMDA3LDIwMCx8Mjc2NDIyNzI5)...
2026-04-21 00:56:38,605 [INFO   ] src.monday_client (monday_client.py:162):   -> Got 100 items (total so far: 300)
2026-04-21 00:56:38,606 [INFO   ] src.monday_client (monday_client.py:145): Fetching page 4 (cursor=MSwyMTMxODk2Nzk1LFgzQWZxWHZyTTFlcEstMlN6QXh6OSwxMDA3LDMwMCx8MjgzMTUxNzQ4NA)...
2026-04-21 00:56:41,997 [INFO   ] src.monday_client (monday_client.py:162):   -> Got 100 items (total so far: 400)
2026-04-21 00:56:41,997 [INFO   ] src.monday_client (monday_client.py:145): Fetching page 5 (cursor=MSwyMTMxODk2Nzk1LFgzQWZxWHZyTTFlcEstMlN6QXh6OSwxMDA3LDQwMCx8ODkwNDIxMTQx)...
2026-04-21 00:56:45,121 [INFO   ] src.monday_client (monday_client.py:162):   -> Got 100 items (total so far: 500)
2026-04-21 00:56:45,122 [INFO   ] src.monday_client (monday_client.py:145): Fetching page 6 (cursor=MSwyMTMxODk2Nzk1LFgzQWZxWHZyTTFlcEstMlN6QXh6OSwxMDA3LDUwMCx8MjM3NzA0NjI1Ng)...
2026-04-21 00:56:48,601 [INFO   ] src.monday_client (monday_client.py:162):   -> Got 100 items (total so far: 600)
2026-04-21 00:56:48,601 [INFO   ] src.monday_client (monday_client.py:145): Fetching page 7 (cursor=MSwyMTMxODk2Nzk1LFgzQWZxWHZyTTFlcEstMlN6QXh6OSwxMDA3LDYwMCx8MjY2OTM3NzMxMA)...
2026-04-21 00:56:52,238 [INFO   ] src.monday_client (monday_client.py:162):   -> Got 100 items (total so far: 700)
2026-04-21 00:56:52,238 [INFO   ] src.monday_client (monday_client.py:145): Fetching page 8 (cursor=MSwyMTMxODk2Nzk1LFgzQWZxWHZyTTFlcEstMlN6QXh6OSwxMDA3LDcwMCx8NjY1MjYwMTU1)...
2026-04-21 00:56:55,746 [INFO   ] src.monday_client (monday_client.py:162):   -> Got 100 items (total so far: 800)
2026-04-21 00:56:55,746 [INFO   ] src.monday_client (monday_client.py:145): Fetching page 9 (cursor=MSwyMTMxODk2Nzk1LFgzQWZxWHZyTTFlcEstMlN6QXh6OSwxMDA3LDgwMCx8MjE0MzU1MTUzMw)...
2026-04-21 00:56:59,246 [INFO   ] src.monday_client (monday_client.py:162):   -> Got 100 items (total so far: 900)
2026-04-21 00:56:59,247 [INFO   ] src.monday_client (monday_client.py:145): Fetching page 10 (cursor=MSwyMTMxODk2Nzk1LFgzQWZxWHZyTTFlcEstMlN6QXh6OSwxMDA3LDkwMCx8MzM0NjU1Njc0NA)...
2026-04-21 00:57:02,442 [INFO   ] src.monday_client (monday_client.py:162):   -> Got 100 items (total so far: 1000)
2026-04-21 00:57:02,442 [INFO   ] src.monday_client (monday_client.py:145): Fetching page 11 (cursor=MSwyMTMxODk2Nzk1LFgzQWZxWHZyTTFlcEstMlN6QXh6OSwxMDA3LDEwMDAsfDEzMTA1MzI2NjM)...
2026-04-21 00:57:03,523 [INFO   ] src.monday_client (monday_client.py:162):   -> Got 7 items (total so far: 1007)
2026-04-21 00:57:03,523 [INFO   ] src.monday_client (monday_client.py:168): Finished fetching. Total items: 1007
2026-04-21 00:57:03,523 [INFO   ] __main__ (main.py:76): Step 2/4: Normalizing orders...
2026-04-21 00:57:03,523 [INFO   ] src.order_mapper (order_mapper.py:287): Column validation passed (28 parent columns, 12 subitem columns seen)
2026-04-21 00:57:03,542 [INFO   ] src.order_mapper (order_mapper.py:304): Normalized 1007 / 1007 items
2026-04-21 00:57:03,542 [INFO   ] __main__ (main.py:83): Step 3/7: Computing P&L...
2026-04-21 00:57:03,662 [INFO   ] pnl_shared.exchange_rate (exchange_rate.py:82): Live exchange rate: 1 USD = 2.9716 ILS (source: https://open.er-api.com/v6/latest/USD)
2026-04-21 00:57:03,662 [INFO   ] src.pnl_engine (pnl_engine.py:120): Using exchange rate: 1 USD = 2.9716 ILS
2026-04-21 00:57:03,666 [INFO   ] src.pnl_engine (pnl_engine.py:128): Computed P&L for 1007 / 1007 orders
2026-04-21 00:57:03,666 [INFO   ] __main__ (main.py:87): Step 4/7: Fetching Facebook Ads data...
2026-04-21 00:57:06,754 [INFO   ] src.facebook_ads (facebook_ads.py:120): Fetched 21 days of Facebook Ads data
2026-04-21 00:57:07,223 [INFO   ] src.facebook_ads (facebook_ads.py:120): Fetched 21 days of Facebook Ads data
2026-04-21 00:57:07,223 [INFO   ] __main__ (main.py:96): Ad spend this month: 17435.83
2026-04-21 00:57:07,223 [INFO   ] __main__ (main.py:101): Step 5/7: Writing Excel workbook...
2026-04-21 00:57:07,223 [INFO   ] src.excel_writer (excel_writer.py:960): Loading existing workbook: P&L.xlsx
2026-04-21 12:55:02,250 [INFO   ] __main__ (main.py:63): ============================================================
2026-04-21 12:55:02,250 [INFO   ] __main__ (main.py:64): Starting P&L pipeline
2026-04-21 12:55:02,250 [INFO   ] __main__ (main.py:65): Board ID: 2131896795 | Mode: INCLUDES_VAT | Currency: ILS
2026-04-21 12:55:02,250 [INFO   ] __main__ (main.py:67): ============================================================
2026-04-21 12:55:02,250 [INFO   ] __main__ (main.py:72): Step 1/4: Fetching items from Monday.com...
2026-04-21 12:55:02,250 [INFO   ] src.monday_client (monday_client.py:145): Fetching page 1 (cursor=START)...
2026-04-21 12:55:02,615 [INFO   ] __main__ (main.py:63): ============================================================
2026-04-21 12:55:02,615 [INFO   ] __main__ (main.py:64): Starting P&L pipeline
2026-04-21 12:55:02,615 [INFO   ] __main__ (main.py:65): Board ID: 2131896795 | Mode: INCLUDES_VAT | Currency: ILS
2026-04-21 12:55:02,616 [INFO   ] __main__ (main.py:67): ============================================================
2026-04-21 12:55:02,616 [INFO   ] __main__ (main.py:72): Step 1/4: Fetching items from Monday.com...
2026-04-21 12:55:02,616 [INFO   ] src.monday_client (monday_client.py:145): Fetching page 1 (cursor=START)...
Traceback (most recent call last):
  File "<frozen runpy>", line 198, in _run_module_as_main
  File "<frozen runpy>", line 88, in _run_code
  File "C:\Users\amith\ads-dashboard\monday-pnl\src\main.py", line 182, in <module>
    main()
  File "C:\Users\amith\ads-dashboard\monday-pnl\src\main.py", line 172, in main
    setup_logging()
  File "C:\Users\amith\ads-dashboard\monday-pnl\src\main.py", line 46, in setup_logging
    file_handler = logging.handlers.RotatingFileHandler(
                   ^^^^^^^^^^^^^^^^^^^^^^^^^^^^^^^^^^^^^
  File "C:\Users\amith\AppData\Local\Programs\Python\Python312\Lib\logging\handlers.py", line 155, in __init__
    BaseRotatingHandler.__init__(self, filename, mode, encoding=encoding,
  File "C:\Users\amith\AppData\Local\Programs\Python\Python312\Lib\logging\handlers.py", line 58, in __init__
    logging.FileHandler.__init__(self, filename, mode=mode,
  File "C:\Users\amith\AppData\Local\Programs\Python\Python312\Lib\logging\__init__.py", line 1231, in __init__
    StreamHandler.__init__(self, self._open())
                                 ^^^^^^^^^^^^
  File "C:\Users\amith\AppData\Local\Programs\Python\Python312\Lib\logging\__init__.py", line 1263, in _open
    return open_func(self.baseFilename, self.mode,
           ^^^^^^^^^^^^^^^^^^^^^^^^^^^^^^^^^^^^^^^
PermissionError: [Errno 13] Permission denied: 'C:\\Users\\amith\\ads-dashboard\\monday-pnl\\logs\\pnl.log'
2026-04-22 16:58:46,708 [INFO   ] __main__ (main.py:63): ============================================================
2026-04-22 16:58:46,708 [INFO   ] __main__ (main.py:64): Starting P&L pipeline
2026-04-22 16:58:46,708 [INFO   ] __main__ (main.py:65): Board ID: 2131896795 | Mode: INCLUDES_VAT | Currency: ILS
2026-04-22 16:58:46,709 [INFO   ] __main__ (main.py:67): ============================================================
2026-04-22 16:58:46,709 [INFO   ] __main__ (main.py:72): Step 1/4: Fetching items from Monday.com...
2026-04-22 16:58:46,709 [INFO   ] src.monday_client (monday_client.py:145): Fetching page 1 (cursor=START)...
2026-04-22 16:58:51,521 [INFO   ] src.monday_client (monday_client.py:162):   -> Got 100 items (total so far: 100)
2026-04-22 16:58:51,521 [INFO   ] src.monday_client (monday_client.py:145): Fetching page 2 (cursor=MSwyMTMxODk2Nzk1LEF0NU1NczlVaVBiNzhEeUhqWkl6RSwxMDIyLDEwMCx8MTkxMTI0MDg2NQ)...
2026-04-22 16:58:55,896 [INFO   ] src.monday_client (monday_client.py:162):   -> Got 100 items (total so far: 200)
2026-04-22 16:58:55,896 [INFO   ] src.monday_client (monday_client.py:145): Fetching page 3 (cursor=MSwyMTMxODk2Nzk1LEF0NU1NczlVaVBiNzhEeUhqWkl6RSwxMDIyLDIwMCx8MTY2NzE0MzUwMw)...
2026-04-22 16:58:59,255 [INFO   ] src.monday_client (monday_client.py:162):   -> Got 100 items (total so far: 300)
2026-04-22 16:58:59,256 [INFO   ] src.monday_client (monday_client.py:145): Fetching page 4 (cursor=MSwyMTMxODk2Nzk1LEF0NU1NczlVaVBiNzhEeUhqWkl6RSwxMDIyLDMwMCx8MzY4OTA4MjkyMg)...
2026-04-22 16:59:03,113 [INFO   ] src.monday_client (monday_client.py:162):   -> Got 100 items (total so far: 400)
2026-04-22 16:59:03,113 [INFO   ] src.monday_client (monday_client.py:145): Fetching page 5 (cursor=MSwyMTMxODk2Nzk1LEF0NU1NczlVaVBiNzhEeUhqWkl6RSwxMDIyLDQwMCx8MTE3NzkyOTg3NQ)...
2026-04-22 16:59:06,716 [INFO   ] src.monday_client (monday_client.py:162):   -> Got 100 items (total so far: 500)
2026-04-22 16:59:06,716 [INFO   ] src.monday_client (monday_client.py:145): Fetching page 6 (cursor=MSwyMTMxODk2Nzk1LEF0NU1NczlVaVBiNzhEeUhqWkl6RSwxMDIyLDUwMCx8NDI3MDQzNjM0Mg)...
2026-04-22 16:59:10,186 [INFO   ] src.monday_client (monday_client.py:162):   -> Got 100 items (total so far: 600)
2026-04-22 16:59:10,186 [INFO   ] src.monday_client (monday_client.py:145): Fetching page 7 (cursor=MSwyMTMxODk2Nzk1LEF0NU1NczlVaVBiNzhEeUhqWkl6RSwxMDIyLDYwMCx8Mzk2MzM1NTE2MA)...
2026-04-23 20:37:39,291 [INFO   ] __main__ (main.py:63): ============================================================
2026-04-23 20:37:39,292 [INFO   ] __main__ (main.py:64): Starting P&L pipeline
2026-04-23 20:37:39,292 [INFO   ] __main__ (main.py:65): Board ID: 2131896795 | Mode: INCLUDES_VAT | Currency: ILS
2026-04-23 20:37:39,292 [INFO   ] __main__ (main.py:67): ============================================================
2026-04-23 20:37:39,292 [INFO   ] __main__ (main.py:72): Step 1/4: Fetching items from Monday.com...
2026-04-23 20:37:39,292 [INFO   ] src.monday_client (monday_client.py:145): Fetching page 1 (cursor=START)...
2026-04-23 20:37:44,519 [INFO   ] src.monday_client (monday_client.py:162):   -> Got 100 items (total so far: 100)
2026-04-23 20:37:44,519 [INFO   ] src.monday_client (monday_client.py:145): Fetching page 2 (cursor=MSwyMTMxODk2Nzk1LGR4VUZDN0tuREZYQmVkbjVMV3poUiwxMDMwLDEwMCx8OTQ0NDkzMTYx)...
2026-04-23 20:37:48,379 [INFO   ] src.monday_client (monday_client.py:162):   -> Got 100 items (total so far: 200)
2026-04-23 20:37:48,379 [INFO   ] src.monday_client (monday_client.py:145): Fetching page 3 (cursor=MSwyMTMxODk2Nzk1LGR4VUZDN0tuREZYQmVkbjVMV3poUiwxMDMwLDIwMCx8NzIxMzIxMzUx)...
2026-04-23 20:37:52,089 [INFO   ] src.monday_client (monday_client.py:162):   -> Got 100 items (total so far: 300)
2026-04-23 20:37:52,089 [INFO   ] src.monday_client (monday_client.py:145): Fetching page 4 (cursor=MSwyMTMxODk2Nzk1LGR4VUZDN0tuREZYQmVkbjVMV3poUiwxMDMwLDMwMCx8MjQ1MzgwNTc5NA)...
2026-04-23 20:37:55,452 [INFO   ] src.monday_client (monday_client.py:162):   -> Got 100 items (total so far: 400)
2026-04-23 20:37:55,453 [INFO   ] src.monday_client (monday_client.py:145): Fetching page 5 (cursor=MSwyMTMxODk2Nzk1LGR4VUZDN0tuREZYQmVkbjVMV3poUiwxMDMwLDQwMCx8MjYxNDMxODk5)...
2026-04-23 20:37:58,654 [INFO   ] src.monday_client (monday_client.py:162):   -> Got 100 items (total so far: 500)
2026-04-23 20:37:58,655 [INFO   ] src.monday_client (monday_client.py:145): Fetching page 6 (cursor=MSwyMTMxODk2Nzk1LGR4VUZDN0tuREZYQmVkbjVMV3poUiwxMDMwLDUwMCx8MzA3MjkzNTIzMA)...
2026-04-23 20:38:01,991 [INFO   ] src.monday_client (monday_client.py:162):   -> Got 100 items (total so far: 600)
2026-04-23 20:38:01,991 [INFO   ] src.monday_client (monday_client.py:145): Fetching page 7 (cursor=MSwyMTMxODk2Nzk1LGR4VUZDN0tuREZYQmVkbjVMV3poUiwxMDMwLDYwMCx8Mjc3ODUyNDM2OA)...
2026-04-23 20:38:05,550 [INFO   ] src.monday_client (monday_client.py:162):   -> Got 100 items (total so far: 700)
2026-04-23 20:38:05,552 [INFO   ] src.monday_client (monday_client.py:145): Fetching page 8 (cursor=MSwyMTMxODk2Nzk1LGR4VUZDN0tuREZYQmVkbjVMV3poUiwxMDMwLDcwMCx8NDg4NjcyNjkz)...
2026-04-23 20:38:09,353 [INFO   ] src.monday_client (monday_client.py:162):   -> Got 100 items (total so far: 800)
2026-04-23 20:38:09,353 [INFO   ] src.monday_client (monday_client.py:145): Fetching page 9 (cursor=MSwyMTMxODk2Nzk1LGR4VUZDN0tuREZYQmVkbjVMV3poUiwxMDMwLDgwMCx8MTE2MjA1OTIzNQ)...
2026-04-23 20:38:13,588 [INFO   ] src.monday_client (monday_client.py:162):   -> Got 100 items (total so far: 900)
2026-04-23 20:38:13,588 [INFO   ] src.monday_client (monday_client.py:145): Fetching page 10 (cursor=MSwyMTMxODk2Nzk1LGR4VUZDN0tuREZYQmVkbjVMV3poUiwxMDMwLDkwMCx8NDI2MTQxMTQ2Mg)...
2026-04-23 20:38:17,902 [INFO   ] src.monday_client (monday_client.py:162):   -> Got 100 items (total so far: 1000)
2026-04-23 20:38:17,902 [INFO   ] src.monday_client (monday_client.py:145): Fetching page 11 (cursor=MSwyMTMxODk2Nzk1LGR4VUZDN0tuREZYQmVkbjVMV3poUiwxMDMwLDEwMDAsfDg1NTMyOTgyMQ)...
2026-04-23 20:38:19,885 [INFO   ] src.monday_client (monday_client.py:162):   -> Got 30 items (total so far: 1030)
2026-04-23 20:38:19,885 [INFO   ] src.monday_client (monday_client.py:168): Finished fetching. Total items: 1030
2026-04-23 20:38:19,885 [INFO   ] __main__ (main.py:76): Step 2/4: Normalizing orders...
2026-04-23 20:38:19,885 [INFO   ] src.order_mapper (order_mapper.py:287): Column validation passed (28 parent columns, 12 subitem columns seen)
2026-04-23 20:38:19,900 [INFO   ] src.order_mapper (order_mapper.py:304): Normalized 1030 / 1030 items
2026-04-23 20:38:19,900 [INFO   ] __main__ (main.py:83): Step 3/7: Computing P&L...
2026-04-23 20:38:19,949 [INFO   ] pnl_shared.exchange_rate (exchange_rate.py:82): Live exchange rate: 1 USD = 3.0005 ILS (source: https://open.er-api.com/v6/latest/USD)
2026-04-23 20:38:19,949 [INFO   ] src.pnl_engine (pnl_engine.py:120): Using exchange rate: 1 USD = 3.0005 ILS
2026-04-23 20:38:19,951 [INFO   ] src.pnl_engine (pnl_engine.py:128): Computed P&L for 1030 / 1030 orders
2026-04-23 20:38:19,951 [INFO   ] __main__ (main.py:87): Step 4/7: Fetching Facebook Ads data...
2026-04-23 20:38:21,802 [INFO   ] src.facebook_ads (facebook_ads.py:120): Fetched 23 days of Facebook Ads data
2026-04-23 20:38:22,479 [INFO   ] src.facebook_ads (facebook_ads.py:120): Fetched 23 days of Facebook Ads data
2026-04-23 20:38:22,480 [INFO   ] __main__ (main.py:96): Ad spend this month: 20630.89
2026-04-23 20:38:22,480 [INFO   ] __main__ (main.py:101): Step 5/7: Writing Excel workbook...
2026-04-23 20:38:22,480 [INFO   ] src.excel_writer (excel_writer.py:960): Loading existing workbook: P&L.xlsx
2026-04-24 09:09:52,376 [INFO   ] __main__ (main.py:63): ============================================================
2026-04-24 09:09:52,376 [INFO   ] __main__ (main.py:64): Starting P&L pipeline
2026-04-24 09:09:52,376 [INFO   ] __main__ (main.py:65): Board ID: 2131896795 | Mode: INCLUDES_VAT | Currency: ILS
2026-04-24 09:09:52,376 [INFO   ] __main__ (main.py:67): ============================================================
2026-04-24 09:09:52,376 [INFO   ] __main__ (main.py:72): Step 1/4: Fetching items from Monday.com...
2026-04-24 09:09:52,376 [INFO   ] src.monday_client (monday_client.py:145): Fetching page 1 (cursor=START)...
2026-04-24 09:09:57,210 [INFO   ] src.monday_client (monday_client.py:162):   -> Got 100 items (total so far: 100)
2026-04-24 09:09:57,210 [INFO   ] src.monday_client (monday_client.py:145): Fetching page 2 (cursor=MSwyMTMxODk2Nzk1LE44ZXlWT2VsQmwtYXk4cnRxWXZZQiwxMDM2LDEwMCx8NDI5MTExNDM1Mg)...
2026-04-24 09:10:01,799 [INFO   ] src.monday_client (monday_client.py:162):   -> Got 100 items (total so far: 200)
2026-04-24 09:10:01,799 [INFO   ] src.monday_client (monday_client.py:145): Fetching page 3 (cursor=MSwyMTMxODk2Nzk1LE44ZXlWT2VsQmwtYXk4cnRxWXZZQiwxMDM2LDIwMCx8Mzk4MzU3OTgwNg)...
2026-04-24 09:10:05,453 [INFO   ] src.monday_client (monday_client.py:162):   -> Got 100 items (total so far: 300)
2026-04-24 09:10:05,453 [INFO   ] src.monday_client (monday_client.py:145): Fetching page 4 (cursor=MSwyMTMxODk2Nzk1LE44ZXlWT2VsQmwtYXk4cnRxWXZZQiwxMDM2LDMwMCx8MTQzOTQ5NzcyMw)...
2026-04-24 09:10:09,105 [INFO   ] src.monday_client (monday_client.py:162):   -> Got 100 items (total so far: 400)
2026-04-24 09:10:09,105 [INFO   ] src.monday_client (monday_client.py:145): Fetching page 5 (cursor=MSwyMTMxODk2Nzk1LE44ZXlWT2VsQmwtYXk4cnRxWXZZQiwxMDM2LDQwMCx8MzM1NzI2MzE3MA)...
2026-04-24 09:10:12,122 [INFO   ] src.monday_client (monday_client.py:162):   -> Got 100 items (total so far: 500)
2026-04-24 09:10:12,122 [INFO   ] src.monday_client (monday_client.py:145): Fetching page 6 (cursor=MSwyMTMxODk2Nzk1LE44ZXlWT2VsQmwtYXk4cnRxWXZZQiwxMDM2LDUwMCx8MTg5MDAzNDIxNQ)...
2026-04-24 09:10:15,755 [INFO   ] src.monday_client (monday_client.py:162):   -> Got 100 items (total so far: 600)
2026-04-24 09:10:15,757 [INFO   ] src.monday_client (monday_client.py:145): Fetching page 7 (cursor=MSwyMTMxODk2Nzk1LE44ZXlWT2VsQmwtYXk4cnRxWXZZQiwxMDM2LDYwMCx8MTY0NTM1MDM0NQ)...
2026-04-24 09:10:20,026 [INFO   ] src.monday_client (monday_client.py:162):   -> Got 100 items (total so far: 700)
2026-04-24 09:10:20,026 [INFO   ] src.monday_client (monday_client.py:145): Fetching page 8 (cursor=MSwyMTMxODk2Nzk1LE44ZXlWT2VsQmwtYXk4cnRxWXZZQiwxMDM2LDcwMCx8MzY2ODg2MzY2MA)...
2026-04-24 09:10:23,968 [INFO   ] src.monday_client (monday_client.py:162):   -> Got 100 items (total so far: 800)
2026-04-24 09:10:23,968 [INFO   ] src.monday_client (monday_client.py:145): Fetching page 9 (cursor=MSwyMTMxODk2Nzk1LE44ZXlWT2VsQmwtYXk4cnRxWXZZQiwxMDM2LDgwMCx8MjE5NDUwNDQ0Mg)...
2026-04-24 09:10:27,476 [INFO   ] src.monday_client (monday_client.py:162):   -> Got 100 items (total so far: 900)
2026-04-24 09:10:27,476 [INFO   ] src.monday_client (monday_client.py:145): Fetching page 10 (cursor=MSwyMTMxODk2Nzk1LE44ZXlWT2VsQmwtYXk4cnRxWXZZQiwxMDM2LDkwMCx8OTgwNDkxNjc5)...
2026-04-24 09:10:31,103 [INFO   ] src.monday_client (monday_client.py:162):   -> Got 100 items (total so far: 1000)
2026-04-24 09:10:31,103 [INFO   ] src.monday_client (monday_client.py:145): Fetching page 11 (cursor=MSwyMTMxODk2Nzk1LE44ZXlWT2VsQmwtYXk4cnRxWXZZQiwxMDM2LDEwMDAsfDE0NDg1Njk0MDI)...
2026-04-24 09:10:32,948 [INFO   ] src.monday_client (monday_client.py:162):   -> Got 36 items (total so far: 1036)
2026-04-24 09:10:32,949 [INFO   ] src.monday_client (monday_client.py:168): Finished fetching. Total items: 1036
2026-04-24 09:10:32,949 [INFO   ] __main__ (main.py:76): Step 2/4: Normalizing orders...
2026-04-24 09:10:32,949 [INFO   ] src.order_mapper (order_mapper.py:287): Column validation passed (28 parent columns, 12 subitem columns seen)
2026-04-24 09:10:32,963 [INFO   ] src.order_mapper (order_mapper.py:304): Normalized 1036 / 1036 items
2026-04-24 09:10:32,963 [INFO   ] __main__ (main.py:83): Step 3/7: Computing P&L...
2026-04-24 09:10:33,008 [INFO   ] pnl_shared.exchange_rate (exchange_rate.py:82): Live exchange rate: 1 USD = 3.0007 ILS (source: https://open.er-api.com/v6/latest/USD)
2026-04-24 09:10:33,008 [INFO   ] src.pnl_engine (pnl_engine.py:120): Using exchange rate: 1 USD = 3.0007 ILS
2026-04-24 09:10:33,011 [INFO   ] src.pnl_engine (pnl_engine.py:128): Computed P&L for 1036 / 1036 orders
2026-04-24 09:10:33,011 [INFO   ] __main__ (main.py:87): Step 4/7: Fetching Facebook Ads data...
2026-04-24 09:10:34,826 [INFO   ] src.facebook_ads (facebook_ads.py:120): Fetched 24 days of Facebook Ads data
2026-04-24 09:10:35,365 [INFO   ] src.facebook_ads (facebook_ads.py:120): Fetched 24 days of Facebook Ads data
2026-04-24 09:10:35,366 [INFO   ] __main__ (main.py:96): Ad spend this month: 21136.58
2026-04-24 09:10:35,366 [INFO   ] __main__ (main.py:101): Step 5/7: Writing Excel workbook...
2026-04-24 09:10:35,366 [INFO   ] src.excel_writer (excel_writer.py:960): Loading existing workbook: P&L.xlsx
2026-04-24 12:55:02,371 [INFO   ] __main__ (main.py:63): ============================================================
2026-04-24 12:55:02,371 [INFO   ] __main__ (main.py:64): Starting P&L pipeline
2026-04-24 12:55:02,371 [INFO   ] __main__ (main.py:65): Board ID: 2131896795 | Mode: INCLUDES_VAT | Currency: ILS
2026-04-24 12:55:02,371 [INFO   ] __main__ (main.py:67): ============================================================
2026-04-24 12:55:02,371 [INFO   ] __main__ (main.py:72): Step 1/4: Fetching items from Monday.com...
2026-04-24 12:55:02,371 [INFO   ] src.monday_client (monday_client.py:145): Fetching page 1 (cursor=START)...
2026-04-24 12:55:02,371 [INFO   ] __main__ (main.py:63): ============================================================
2026-04-24 12:55:02,373 [INFO   ] __main__ (main.py:64): Starting P&L pipeline
2026-04-24 12:55:02,373 [INFO   ] __main__ (main.py:65): Board ID: 2131896795 | Mode: INCLUDES_VAT | Currency: ILS
2026-04-24 12:55:02,373 [INFO   ] __main__ (main.py:67): ============================================================
2026-04-24 12:55:02,373 [INFO   ] __main__ (main.py:72): Step 1/4: Fetching items from Monday.com...
2026-04-24 12:55:02,373 [INFO   ] src.monday_client (monday_client.py:145): Fetching page 1 (cursor=START)...
2026-04-24 12:55:06,681 [INFO   ] src.monday_client (monday_client.py:162):   -> Got 100 items (total so far: 100)
2026-04-24 12:55:06,683 [INFO   ] src.monday_client (monday_client.py:145): Fetching page 2 (cursor=MSwyMTMxODk2Nzk1LE1ISmVIdlhEeS1EcDYxS0V4MnpwZiwxMDM4LDEwMCx8MTU3NjA5MDU3NQ)...
2026-04-24 12:55:06,941 [INFO   ] src.monday_client (monday_client.py:162):   -> Got 100 items (total so far: 100)
2026-04-24 12:55:06,941 [INFO   ] src.monday_client (monday_client.py:145): Fetching page 2 (cursor=MSwyMTMxODk2Nzk1LEVpSGlHQ29aNUxlZDAxTkxGU1FJNSwxMDM4LDEwMCx8MzA4NDk4OTE4MQ)...
2026-04-24 12:55:10,964 [INFO   ] src.monday_client (monday_client.py:162):   -> Got 100 items (total so far: 200)
2026-04-24 12:55:10,964 [INFO   ] src.monday_client (monday_client.py:145): Fetching page 3 (cursor=MSwyMTMxODk2Nzk1LE1ISmVIdlhEeS1EcDYxS0V4MnpwZiwxMDM4LDIwMCx8MTMyOTg5NDQzMw)...
2026-04-24 12:55:11,269 [INFO   ] src.monday_client (monday_client.py:162):   -> Got 100 items (total so far: 200)
2026-04-24 12:55:11,269 [INFO   ] src.monday_client (monday_client.py:145): Fetching page 3 (cursor=MSwyMTMxODk2Nzk1LEVpSGlHQ29aNUxlZDAxTkxGU1FJNSwxMDM4LDIwMCx8Mjc3Mzc4NTg3NQ)...
2026-04-24 12:55:14,262 [INFO   ] src.monday_client (monday_client.py:162):   -> Got 100 items (total so far: 300)
2026-04-24 12:55:14,262 [INFO   ] src.monday_client (monday_client.py:145): Fetching page 4 (cursor=MSwyMTMxODk2Nzk1LE1ISmVIdlhEeS1EcDYxS0V4MnpwZiwxMDM4LDMwMCx8NDE2MDI4NzU1Ng)...
2026-04-24 12:55:14,588 [INFO   ] src.monday_client (monday_client.py:162):   -> Got 100 items (total so far: 300)
2026-04-24 12:55:14,588 [INFO   ] src.monday_client (monday_client.py:145): Fetching page 4 (cursor=MSwyMTMxODk2Nzk1LEVpSGlHQ29aNUxlZDAxTkxGU1FJNSwxMDM4LDMwMCx8NTAxODA3NzM0)...
Traceback (most recent call last):
  File "<frozen runpy>", line 198, in _run_module_as_main
  File "<frozen runpy>", line 88, in _run_code
  File "C:\Users\amith\ads-dashboard\monday-pnl\src\main.py", line 182, in <module>
    main()
  File "C:\Users\amith\ads-dashboard\monday-pnl\src\main.py", line 172, in main
    setup_logging()
  File "C:\Users\amith\ads-dashboard\monday-pnl\src\main.py", line 46, in setup_logging
    file_handler = logging.handlers.RotatingFileHandler(
                   ^^^^^^^^^^^^^^^^^^^^^^^^^^^^^^^^^^^^^
  File "C:\Users\amith\AppData\Local\Programs\Python\Python312\Lib\logging\handlers.py", line 155, in __init__
    BaseRotatingHandler.__init__(self, filename, mode, encoding=encoding,
  File "C:\Users\amith\AppData\Local\Programs\Python\Python312\Lib\logging\handlers.py", line 58, in __init__
    logging.FileHandler.__init__(self, filename, mode=mode,
  File "C:\Users\amith\AppData\Local\Programs\Python\Python312\Lib\logging\__init__.py", line 1231, in __init__
    StreamHandler.__init__(self, self._open())
                                 ^^^^^^^^^^^^
  File "C:\Users\amith\AppData\Local\Programs\Python\Python312\Lib\logging\__init__.py", line 1263, in _open
    return open_func(self.baseFilename, self.mode,
           ^^^^^^^^^^^^^^^^^^^^^^^^^^^^^^^^^^^^^^^
PermissionError: [Errno 13] Permission denied: 'C:\\Users\\amith\\ads-dashboard\\monday-pnl\\logs\\pnl.log'
2026-04-25 19:46:48,674 [INFO   ] __main__ (main.py:63): ============================================================
2026-04-25 19:46:48,674 [INFO   ] __main__ (main.py:64): Starting P&L pipeline
2026-04-25 19:46:48,674 [INFO   ] __main__ (main.py:65): Board ID: 2131896795 | Mode: INCLUDES_VAT | Currency: ILS
2026-04-25 19:46:48,674 [INFO   ] __main__ (main.py:67): ============================================================
2026-04-25 19:46:48,674 [INFO   ] __main__ (main.py:72): Step 1/4: Fetching items from Monday.com...
2026-04-25 19:46:48,674 [INFO   ] src.monday_client (monday_client.py:145): Fetching page 1 (cursor=START)...
2026-04-25 19:46:52,920 [INFO   ] src.monday_client (monday_client.py:162):   -> Got 100 items (total so far: 100)
2026-04-25 19:46:52,920 [INFO   ] src.monday_client (monday_client.py:145): Fetching page 2 (cursor=MSwyMTMxODk2Nzk1LFNBQjRpLTI1TW5Wa19Za21YNmpndiwxMDQ3LDEwMCx8NDAzMjU5MTAzNg)...
2026-04-25 19:46:56,762 [INFO   ] src.monday_client (monday_client.py:162):   -> Got 100 items (total so far: 200)
2026-04-25 19:46:56,762 [INFO   ] src.monday_client (monday_client.py:145): Fetching page 3 (cursor=MSwyMTMxODk2Nzk1LFNBQjRpLTI1TW5Wa19Za21YNmpndiwxMDQ3LDIwMCx8MzgwNjk3Njg1MA)...
2026-04-25 19:46:59,729 [INFO   ] src.monday_client (monday_client.py:162):   -> Got 100 items (total so far: 300)
2026-04-25 19:46:59,730 [INFO   ] src.monday_client (monday_client.py:145): Fetching page 4 (cursor=MSwyMTMxODk2Nzk1LFNBQjRpLTI1TW5Wa19Za21YNmpndiwxMDQ3LDMwMCx8MTUxNTU2ODE4Mw)...
2026-04-25 19:47:02,880 [INFO   ] src.monday_client (monday_client.py:162):   -> Got 100 items (total so far: 400)
2026-04-25 19:47:02,880 [INFO   ] src.monday_client (monday_client.py:145): Fetching page 5 (cursor=MSwyMTMxODk2Nzk1LFNBQjRpLTI1TW5Wa19Za21YNmpndiwxMDQ3LDQwMCx8MzM0NzIxOTU5OA)...
2026-04-25 19:47:05,642 [INFO   ] src.monday_client (monday_client.py:162):   -> Got 100 items (total so far: 500)
2026-04-25 19:47:05,642 [INFO   ] src.monday_client (monday_client.py:145): Fetching page 6 (cursor=MSwyMTMxODk2Nzk1LFNBQjRpLTI1TW5Wa19Za21YNmpndiwxMDQ3LDUwMCx8MjEzNDgyODAxMQ)...
2026-04-25 19:47:09,146 [INFO   ] src.monday_client (monday_client.py:162):   -> Got 100 items (total so far: 600)
2026-04-25 19:47:09,146 [INFO   ] src.monday_client (monday_client.py:145): Fetching page 7 (cursor=MSwyMTMxODk2Nzk1LFNBQjRpLTI1TW5Wa19Za21YNmpndiwxMDQ3LDYwMCx8MTgzNzg0NTUwOQ)...
2026-04-25 19:47:12,404 [INFO   ] src.monday_client (monday_client.py:162):   -> Got 100 items (total so far: 700)
2026-04-25 19:47:12,404 [INFO   ] src.monday_client (monday_client.py:145): Fetching page 8 (cursor=MSwyMTMxODk2Nzk1LFNBQjRpLTI1TW5Wa19Za21YNmpndiwxMDQ3LDcwMCx8MzU3NzE2MjU5Mg)...
2026-04-25 19:47:15,936 [INFO   ] src.monday_client (monday_client.py:162):   -> Got 100 items (total so far: 800)
2026-04-25 19:47:15,936 [INFO   ] src.monday_client (monday_client.py:145): Fetching page 9 (cursor=MSwyMTMxODk2Nzk1LFNBQjRpLTI1TW5Wa19Za21YNmpndiwxMDQ3LDgwMCx8MjM3MTEwNzYzOA)...
2026-04-25 19:47:19,638 [INFO   ] src.monday_client (monday_client.py:162):   -> Got 100 items (total so far: 900)
2026-04-25 19:47:19,638 [INFO   ] src.monday_client (monday_client.py:145): Fetching page 10 (cursor=MSwyMTMxODk2Nzk1LFNBQjRpLTI1TW5Wa19Za21YNmpndiwxMDQ3LDkwMCx8OTA0NDIwNDM1)...
2026-04-25 19:47:23,645 [INFO   ] src.monday_client (monday_client.py:162):   -> Got 100 items (total so far: 1000)
2026-04-25 19:47:23,645 [INFO   ] src.monday_client (monday_client.py:145): Fetching page 11 (cursor=MSwyMTMxODk2Nzk1LFNBQjRpLTI1TW5Wa19Za21YNmpndiwxMDQ3LDEwMDAsfDMyOTc0MTA1Mjg)...
2026-04-25 19:47:25,809 [INFO   ] src.monday_client (monday_client.py:162):   -> Got 47 items (total so far: 1047)
2026-04-25 19:47:25,809 [INFO   ] src.monday_client (monday_client.py:168): Finished fetching. Total items: 1047
2026-04-25 19:47:25,809 [INFO   ] __main__ (main.py:76): Step 2/4: Normalizing orders...
2026-04-25 19:47:25,809 [INFO   ] src.order_mapper (order_mapper.py:287): Column validation passed (28 parent columns, 12 subitem columns seen)
2026-04-25 19:47:25,825 [INFO   ] src.order_mapper (order_mapper.py:304): Normalized 1047 / 1047 items
2026-04-25 19:47:25,826 [INFO   ] __main__ (main.py:83): Step 3/7: Computing P&L...
2026-04-25 19:47:25,911 [INFO   ] pnl_shared.exchange_rate (exchange_rate.py:82): Live exchange rate: 1 USD = 2.9860 ILS (source: https://open.er-api.com/v6/latest/USD)
2026-04-25 19:47:25,911 [INFO   ] src.pnl_engine (pnl_engine.py:120): Using exchange rate: 1 USD = 2.9860 ILS
2026-04-25 19:47:25,914 [INFO   ] src.pnl_engine (pnl_engine.py:128): Computed P&L for 1047 / 1047 orders
2026-04-25 19:47:25,914 [INFO   ] __main__ (main.py:87): Step 4/7: Fetching Facebook Ads data...
2026-04-25 19:47:27,934 [INFO   ] src.facebook_ads (facebook_ads.py:120): Fetched 25 days of Facebook Ads data
2026-04-25 19:47:28,410 [INFO   ] src.facebook_ads (facebook_ads.py:120): Fetched 25 days of Facebook Ads data
2026-04-25 19:47:28,410 [INFO   ] __main__ (main.py:96): Ad spend this month: 21251.47
2026-04-25 19:47:28,410 [INFO   ] __main__ (main.py:101): Step 5/7: Writing Excel workbook...
2026-04-25 19:47:28,410 [INFO   ] src.excel_writer (excel_writer.py:960): Loading existing workbook: P&L.xlsx
2026-04-26 13:13:27,969 [INFO   ] __main__ (main.py:63): ============================================================
2026-04-26 13:13:27,969 [INFO   ] __main__ (main.py:64): Starting P&L pipeline
2026-04-26 13:13:27,969 [INFO   ] __main__ (main.py:65): Board ID: 2131896795 | Mode: INCLUDES_VAT | Currency: ILS
2026-04-26 13:13:27,969 [INFO   ] __main__ (main.py:67): ============================================================
2026-04-26 13:13:27,969 [INFO   ] __main__ (main.py:72): Step 1/4: Fetching items from Monday.com...
2026-04-26 13:13:27,969 [INFO   ] src.monday_client (monday_client.py:145): Fetching page 1 (cursor=START)...
2026-04-26 13:13:32,156 [INFO   ] src.monday_client (monday_client.py:162):   -> Got 100 items (total so far: 100)
2026-04-26 13:13:32,156 [INFO   ] src.monday_client (monday_client.py:145): Fetching page 2 (cursor=MSwyMTMxODk2Nzk1LHlhQU5YblE5dG43NnZCYkhLZGVHTywxMDQ3LDEwMCx8MjAwMzYxNjk4Nw)...
2026-04-26 13:13:36,889 [INFO   ] src.monday_client (monday_client.py:162):   -> Got 100 items (total so far: 200)
2026-04-26 13:13:36,889 [INFO   ] src.monday_client (monday_client.py:145): Fetching page 3 (cursor=MSwyMTMxODk2Nzk1LHlhQU5YblE5dG43NnZCYkhLZGVHTywxMDQ3LDIwMCx8MTcwODc0NzU3Mw)...
2026-04-26 13:13:40,400 [INFO   ] src.monday_client (monday_client.py:162):   -> Got 100 items (total so far: 300)
2026-04-26 13:13:40,400 [INFO   ] src.monday_client (monday_client.py:145): Fetching page 4 (cursor=MSwyMTMxODk2Nzk1LHlhQU5YblE5dG43NnZCYkhLZGVHTywxMDQ3LDMwMCx8MzcxNDM4NzAyNA)...
2026-04-26 13:13:43,691 [INFO   ] src.monday_client (monday_client.py:162):   -> Got 100 items (total so far: 400)
2026-04-26 13:13:43,691 [INFO   ] src.monday_client (monday_client.py:145): Fetching page 5 (cursor=MSwyMTMxODk2Nzk1LHlhQU5YblE5dG43NnZCYkhLZGVHTywxMDQ3LDQwMCx8MTA4NTQyMDc3Nw)...
2026-04-26 13:13:46,630 [INFO   ] src.monday_client (monday_client.py:162):   -> Got 100 items (total so far: 500)
2026-04-26 13:13:46,630 [INFO   ] src.monday_client (monday_client.py:145): Fetching page 6 (cursor=MSwyMTMxODk2Nzk1LHlhQU5YblE5dG43NnZCYkhLZGVHTywxMDQ3LDUwMCx8NDE2MTY4ODQ2MA)...
2026-04-26 13:13:49,790 [INFO   ] src.monday_client (monday_client.py:162):   -> Got 100 items (total so far: 600)
2026-04-26 13:13:49,791 [INFO   ] src.monday_client (monday_client.py:145): Fetching page 7 (cursor=MSwyMTMxODk2Nzk1LHlhQU5YblE5dG43NnZCYkhLZGVHTywxMDQ3LDYwMCx8MzkzODE4ODM4Ng)...
2026-04-26 13:13:52,959 [INFO   ] src.monday_client (monday_client.py:162):   -> Got 100 items (total so far: 700)
2026-04-26 13:13:52,959 [INFO   ] src.monday_client (monday_client.py:145): Fetching page 8 (cursor=MSwyMTMxODk2Nzk1LHlhQU5YblE5dG43NnZCYkhLZGVHTywxMDQ3LDcwMCx8MTM3NjIzMDE1MQ)...
2026-04-26 13:13:56,235 [INFO   ] src.monday_client (monday_client.py:162):   -> Got 100 items (total so far: 800)
2026-04-26 13:13:56,237 [INFO   ] src.monday_client (monday_client.py:145): Fetching page 9 (cursor=MSwyMTMxODk2Nzk1LHlhQU5YblE5dG43NnZCYkhLZGVHTywxMDQ3LDgwMCx8MTc0MzYxNDI1)...
2026-04-26 13:13:59,421 [INFO   ] src.monday_client (monday_client.py:162):   -> Got 100 items (total so far: 900)
2026-04-26 13:13:59,421 [INFO   ] src.monday_client (monday_client.py:145): Fetching page 10 (cursor=MSwyMTMxODk2Nzk1LHlhQU5YblE5dG43NnZCYkhLZGVHTywxMDQ3LDkwMCx8MzAwMDU2MDY5Mg)...
2026-04-26 13:14:02,855 [INFO   ] src.monday_client (monday_client.py:162):   -> Got 100 items (total so far: 1000)
2026-04-26 13:14:02,855 [INFO   ] src.monday_client (monday_client.py:145): Fetching page 11 (cursor=MSwyMTMxODk2Nzk1LHlhQU5YblE5dG43NnZCYkhLZGVHTywxMDQ3LDEwMDAsfDQwMDI3NTg4Mw)...
2026-04-26 13:14:05,058 [INFO   ] src.monday_client (monday_client.py:162):   -> Got 47 items (total so far: 1047)
2026-04-26 13:14:05,058 [INFO   ] src.monday_client (monday_client.py:168): Finished fetching. Total items: 1047
2026-04-26 13:14:05,058 [INFO   ] __main__ (main.py:76): Step 2/4: Normalizing orders...
2026-04-26 13:14:05,058 [INFO   ] src.order_mapper (order_mapper.py:287): Column validation passed (28 parent columns, 12 subitem columns seen)
2026-04-26 13:14:05,075 [INFO   ] src.order_mapper (order_mapper.py:304): Normalized 1047 / 1047 items
2026-04-26 13:14:05,075 [INFO   ] __main__ (main.py:83): Step 3/7: Computing P&L...
2026-04-26 13:14:05,122 [INFO   ] pnl_shared.exchange_rate (exchange_rate.py:82): Live exchange rate: 1 USD = 2.9869 ILS (source: https://open.er-api.com/v6/latest/USD)
2026-04-26 13:14:05,122 [INFO   ] src.pnl_engine (pnl_engine.py:120): Using exchange rate: 1 USD = 2.9869 ILS
2026-04-26 13:14:05,125 [INFO   ] src.pnl_engine (pnl_engine.py:128): Computed P&L for 1047 / 1047 orders
2026-04-26 13:14:05,125 [INFO   ] __main__ (main.py:87): Step 4/7: Fetching Facebook Ads data...
2026-04-26 13:14:06,778 [INFO   ] src.facebook_ads (facebook_ads.py:120): Fetched 26 days of Facebook Ads data
2026-04-26 13:14:07,560 [INFO   ] src.facebook_ads (facebook_ads.py:120): Fetched 26 days of Facebook Ads data
2026-04-26 13:14:07,560 [INFO   ] __main__ (main.py:96): Ad spend this month: 23446.06
2026-04-26 13:14:07,560 [INFO   ] __main__ (main.py:101): Step 5/7: Writing Excel workbook...
2026-04-26 13:14:07,560 [INFO   ] src.excel_writer (excel_writer.py:960): Loading existing workbook: P&L.xlsx
2026-04-26 10:16:31,600 [INFO   ] __main__ (main.py:63): ============================================================
2026-04-26 10:16:31,601 [INFO   ] __main__ (main.py:64): Starting P&L pipeline
2026-04-26 10:16:31,602 [INFO   ] __main__ (main.py:65): Board ID: 2131896795 | Mode: INCLUDES_VAT | Currency: ILS
2026-04-26 10:16:31,602 [INFO   ] __main__ (main.py:67): ============================================================
2026-04-26 10:16:31,603 [INFO   ] __main__ (main.py:72): Step 1/4: Fetching items from Monday.com...
2026-04-26 10:16:31,604 [INFO   ] src.monday_client (monday_client.py:145): Fetching page 1 (cursor=START)...
2026-04-26 10:16:31,608 [WARNING] src.monday_client (monday_client.py:112): Connection error: HTTPSConnectionPool(host='api.monday.com', port=443): Max retries exceeded with url: /v2 (Caused by ProxyError('Unable to connect to proxy', OSError('Tunnel connection failed: 403 Forbidden'))). Retrying in 2.0s (attempt 1/5)
2026-04-26 10:16:33,614 [WARNING] src.monday_client (monday_client.py:112): Connection error: HTTPSConnectionPool(host='api.monday.com', port=443): Max retries exceeded with url: /v2 (Caused by ProxyError('Unable to connect to proxy', OSError('Tunnel connection failed: 403 Forbidden'))). Retrying in 4.0s (attempt 2/5)
2026-04-26 10:16:37,621 [WARNING] src.monday_client (monday_client.py:112): Connection error: HTTPSConnectionPool(host='api.monday.com', port=443): Max retries exceeded with url: /v2 (Caused by ProxyError('Unable to connect to proxy', OSError('Tunnel connection failed: 403 Forbidden'))). Retrying in 8.0s (attempt 3/5)
2026-04-26 10:16:45,633 [WARNING] src.monday_client (monday_client.py:112): Connection error: HTTPSConnectionPool(host='api.monday.com', port=443): Max retries exceeded with url: /v2 (Caused by ProxyError('Unable to connect to proxy', OSError('Tunnel connection failed: 403 Forbidden'))). Retrying in 16.0s (attempt 4/5)
2026-04-26 10:17:01,653 [WARNING] src.monday_client (monday_client.py:112): Connection error: HTTPSConnectionPool(host='api.monday.com', port=443): Max retries exceeded with url: /v2 (Caused by ProxyError('Unable to connect to proxy', OSError('Tunnel connection failed: 403 Forbidden'))). Retrying in 32.0s (attempt 5/5)
2026-04-27 14:26:03,670 [INFO   ] __main__ (main.py:63): ============================================================
2026-04-27 14:26:03,670 [INFO   ] __main__ (main.py:64): Starting P&L pipeline
2026-04-27 14:26:03,670 [INFO   ] __main__ (main.py:65): Board ID: 2131896795 | Mode: INCLUDES_VAT | Currency: ILS
2026-04-27 14:26:03,670 [INFO   ] __main__ (main.py:67): ============================================================
2026-04-27 14:26:03,671 [INFO   ] __main__ (main.py:72): Step 1/4: Fetching items from Monday.com...
2026-04-27 14:26:03,671 [INFO   ] src.monday_client (monday_client.py:145): Fetching page 1 (cursor=START)...
2026-04-27 14:26:08,295 [INFO   ] src.monday_client (monday_client.py:162):   -> Got 100 items (total so far: 100)
2026-04-27 14:26:08,296 [INFO   ] src.monday_client (monday_client.py:145): Fetching page 2 (cursor=MSwyMTMxODk2Nzk1LEZPVUJ0T21Xc2NSOVlZX0pKLWZoYiwxMDM3LDEwMCx8MzE2Njg0NzY2MQ)...
2026-04-27 14:26:12,957 [INFO   ] src.monday_client (monday_client.py:162):   -> Got 100 items (total so far: 200)
2026-04-27 14:26:12,957 [INFO   ] src.monday_client (monday_client.py:145): Fetching page 3 (cursor=MSwyMTMxODk2Nzk1LEZPVUJ0T21Xc2NSOVlZX0pKLWZoYiwxMDM3LDIwMCx8MjkyNzA5NTEwNw)...
2026-04-27 14:26:16,721 [INFO   ] src.monday_client (monday_client.py:162):   -> Got 100 items (total so far: 300)
2026-04-27 14:26:16,721 [INFO   ] src.monday_client (monday_client.py:145): Fetching page 4 (cursor=MSwyMTMxODk2Nzk1LEZPVUJ0T21Xc2NSOVlZX0pKLWZoYiwxMDM3LDMwMCx8MzgyNDM3OTI2)...
2026-04-27 14:26:19,951 [INFO   ] src.monday_client (monday_client.py:162):   -> Got 100 items (total so far: 400)
2026-04-27 14:26:19,952 [INFO   ] src.monday_client (monday_client.py:145): Fetching page 5 (cursor=MSwyMTMxODk2Nzk1LEZPVUJ0T21Xc2NSOVlZX0pKLWZoYiwxMDM3LDQwMCx8MjMzMzkxMzc1OQ)...
2026-04-27 14:26:23,207 [INFO   ] src.monday_client (monday_client.py:162):   -> Got 100 items (total so far: 500)
2026-04-27 14:26:23,207 [INFO   ] src.monday_client (monday_client.py:145): Fetching page 6 (cursor=MSwyMTMxODk2Nzk1LEZPVUJ0T21Xc2NSOVlZX0pKLWZoYiwxMDM3LDUwMCx8ODY2MTc4NTU0)...
2026-04-27 14:26:26,783 [INFO   ] src.monday_client (monday_client.py:162):   -> Got 100 items (total so far: 600)
2026-04-27 14:26:26,783 [INFO   ] src.monday_client (monday_client.py:145): Fetching page 7 (cursor=MSwyMTMxODk2Nzk1LEZPVUJ0T21Xc2NSOVlZX0pKLWZoYiwxMDM3LDYwMCx8NTU1MDU1NjM2)...
2026-04-27 14:26:31,840 [INFO   ] src.monday_client (monday_client.py:162):   -> Got 100 items (total so far: 700)
2026-04-27 14:26:31,840 [INFO   ] src.monday_client (monday_client.py:145): Fetching page 8 (cursor=MSwyMTMxODk2Nzk1LEZPVUJ0T21Xc2NSOVlZX0pKLWZoYiwxMDM3LDcwMCx8MjU3Nzk5NzE2OQ)...
2026-04-27 14:26:36,011 [INFO   ] src.monday_client (monday_client.py:162):   -> Got 100 items (total so far: 800)
2026-04-27 14:26:36,011 [INFO   ] src.monday_client (monday_client.py:145): Fetching page 9 (cursor=MSwyMTMxODk2Nzk1LEZPVUJ0T21Xc2NSOVlZX0pKLWZoYiwxMDM3LDgwMCx8MzI1MTI0NDMyNw)...
2026-04-27 14:26:39,168 [INFO   ] src.monday_client (monday_client.py:162):   -> Got 100 items (total so far: 900)
2026-04-27 14:26:39,168 [INFO   ] src.monday_client (monday_client.py:145): Fetching page 10 (cursor=MSwyMTMxODk2Nzk1LEZPVUJ0T21Xc2NSOVlZX0pKLWZoYiwxMDM3LDkwMCx8MjAzNzgwMzU4Ng)...
2026-04-27 14:26:43,030 [INFO   ] src.monday_client (monday_client.py:162):   -> Got 100 items (total so far: 1000)
2026-04-27 14:26:43,030 [INFO   ] src.monday_client (monday_client.py:145): Fetching page 11 (cursor=MSwyMTMxODk2Nzk1LEZPVUJ0T21Xc2NSOVlZX0pKLWZoYiwxMDM3LDEwMDAsfDI5MjcwMTg3ODg)...
2026-04-27 14:26:45,073 [INFO   ] src.monday_client (monday_client.py:162):   -> Got 37 items (total so far: 1037)
2026-04-27 14:26:45,073 [INFO   ] src.monday_client (monday_client.py:168): Finished fetching. Total items: 1037
2026-04-27 14:26:45,073 [INFO   ] __main__ (main.py:76): Step 2/4: Normalizing orders...
2026-04-27 14:26:45,073 [INFO   ] src.order_mapper (order_mapper.py:287): Column validation passed (28 parent columns, 12 subitem columns seen)
2026-04-27 14:26:45,088 [INFO   ] src.order_mapper (order_mapper.py:304): Normalized 1037 / 1037 items
2026-04-27 14:26:45,089 [INFO   ] __main__ (main.py:83): Step 3/7: Computing P&L...
2026-04-27 14:26:45,119 [INFO   ] pnl_shared.exchange_rate (exchange_rate.py:82): Live exchange rate: 1 USD = 2.9844 ILS (source: https://open.er-api.com/v6/latest/USD)
2026-04-27 14:26:45,120 [INFO   ] src.pnl_engine (pnl_engine.py:120): Using exchange rate: 1 USD = 2.9844 ILS
2026-04-27 14:26:45,123 [INFO   ] src.pnl_engine (pnl_engine.py:128): Computed P&L for 1037 / 1037 orders
2026-04-27 14:26:45,123 [INFO   ] __main__ (main.py:87): Step 4/7: Fetching Facebook Ads data...
2026-04-27 14:26:47,414 [INFO   ] src.facebook_ads (facebook_ads.py:120): Fetched 27 days of Facebook Ads data
2026-04-27 14:26:48,277 [INFO   ] src.facebook_ads (facebook_ads.py:120): Fetched 27 days of Facebook Ads data
2026-04-27 14:26:48,278 [INFO   ] __main__ (main.py:96): Ad spend this month: 24929.36
2026-04-27 14:26:48,278 [INFO   ] __main__ (main.py:101): Step 5/7: Writing Excel workbook...
2026-04-27 14:26:48,279 [INFO   ] src.excel_writer (excel_writer.py:960): Loading existing workbook: P&L.xlsx
2026-04-27 11:29:19,391 [INFO   ] __main__ (main.py:63): ============================================================
2026-04-27 11:29:19,392 [INFO   ] __main__ (main.py:64): Starting P&L pipeline
2026-04-27 11:29:19,393 [INFO   ] __main__ (main.py:65): Board ID: 2131896795 | Mode: INCLUDES_VAT | Currency: ILS
2026-04-27 11:29:19,394 [INFO   ] __main__ (main.py:67): ============================================================
2026-04-27 11:29:19,394 [INFO   ] __main__ (main.py:72): Step 1/4: Fetching items from Monday.com...
2026-04-27 11:29:19,395 [INFO   ] src.monday_client (monday_client.py:145): Fetching page 1 (cursor=START)...
2026-04-27 11:29:19,399 [WARNING] src.monday_client (monday_client.py:112): Connection error: HTTPSConnectionPool(host='api.monday.com', port=443): Max retries exceeded with url: /v2 (Caused by ProxyError('Unable to connect to proxy', OSError('Tunnel connection failed: 403 Forbidden'))). Retrying in 2.0s (attempt 1/5)
2026-04-27 11:29:21,405 [WARNING] src.monday_client (monday_client.py:112): Connection error: HTTPSConnectionPool(host='api.monday.com', port=443): Max retries exceeded with url: /v2 (Caused by ProxyError('Unable to connect to proxy', OSError('Tunnel connection failed: 403 Forbidden'))). Retrying in 4.0s (attempt 2/5)
2026-04-27 11:29:25,412 [WARNING] src.monday_client (monday_client.py:112): Connection error: HTTPSConnectionPool(host='api.monday.com', port=443): Max retries exceeded with url: /v2 (Caused by ProxyError('Unable to connect to proxy', OSError('Tunnel connection failed: 403 Forbidden'))). Retrying in 8.0s (attempt 3/5)
2026-04-27 11:29:33,424 [WARNING] src.monday_client (monday_client.py:112): Connection error: HTTPSConnectionPool(host='api.monday.com', port=443): Max retries exceeded with url: /v2 (Caused by ProxyError('Unable to connect to proxy', OSError('Tunnel connection failed: 403 Forbidden'))). Retrying in 16.0s (attempt 4/5)
2026-04-27 11:29:49,443 [WARNING] src.monday_client (monday_client.py:112): Connection error: HTTPSConnectionPool(host='api.monday.com', port=443): Max retries exceeded with url: /v2 (Caused by ProxyError('Unable to connect to proxy', OSError('Tunnel connection failed: 403 Forbidden'))). Retrying in 32.0s (attempt 5/5)
2026-04-28 14:31:37,295 [INFO   ] __main__ (main.py:63): ============================================================
2026-04-28 14:31:37,296 [INFO   ] __main__ (main.py:64): Starting P&L pipeline
2026-04-28 14:31:37,298 [INFO   ] __main__ (main.py:65): Board ID: 2131896795 | Mode: INCLUDES_VAT | Currency: ILS
2026-04-28 14:31:37,299 [INFO   ] __main__ (main.py:67): ============================================================
2026-04-28 14:31:37,299 [INFO   ] __main__ (main.py:72): Step 1/4: Fetching items from Monday.com...
2026-04-28 14:31:37,301 [INFO   ] src.monday_client (monday_client.py:145): Fetching page 1 (cursor=START)...
2026-04-28 14:31:40,978 [INFO   ] src.monday_client (monday_client.py:162):   -> Got 100 items (total so far: 100)
2026-04-28 14:31:40,978 [INFO   ] src.monday_client (monday_client.py:145): Fetching page 2 (cursor=MSwyMTMxODk2Nzk1LEszTW9jeUxhNWZEdjZFRjRiZ3Y1OSwxMDM3LDEwMCx8MTE3MTEyMDUwNA)...
2026-04-28 14:31:44,246 [INFO   ] src.monday_client (monday_client.py:162):   -> Got 100 items (total so far: 200)
2026-04-28 14:31:44,246 [INFO   ] src.monday_client (monday_client.py:145): Fetching page 3 (cursor=MSwyMTMxODk2Nzk1LEszTW9jeUxhNWZEdjZFRjRiZ3Y1OSwxMDM3LDIwMCx8MTQ2NzUwMjIzMA)...
2026-04-28 14:31:47,354 [INFO   ] src.monday_client (monday_client.py:162):   -> Got 100 items (total so far: 300)
2026-04-28 14:31:47,356 [INFO   ] src.monday_client (monday_client.py:145): Fetching page 4 (cursor=MSwyMTMxODk2Nzk1LEszTW9jeUxhNWZEdjZFRjRiZ3Y1OSwxMDM3LDMwMCx8NDAyMjYxMDQxOQ)...
2026-04-28 14:31:50,700 [INFO   ] src.monday_client (monday_client.py:162):   -> Got 100 items (total so far: 400)
2026-04-28 14:31:50,700 [INFO   ] src.monday_client (monday_client.py:145): Fetching page 5 (cursor=MSwyMTMxODk2Nzk1LEszTW9jeUxhNWZEdjZFRjRiZ3Y1OSwxMDM3LDQwMCx8MTkxMzg1MjIzNA)...
2026-04-28 14:31:53,573 [INFO   ] src.monday_client (monday_client.py:162):   -> Got 100 items (total so far: 500)
2026-04-28 14:31:53,573 [INFO   ] src.monday_client (monday_client.py:145): Fetching page 6 (cursor=MSwyMTMxODk2Nzk1LEszTW9jeUxhNWZEdjZFRjRiZ3Y1OSwxMDM3LDUwMCx8MzQwMDQ5NjY4Nw)...
2026-04-28 14:31:56,665 [INFO   ] src.monday_client (monday_client.py:162):   -> Got 100 items (total so far: 600)
2026-04-28 14:31:56,665 [INFO   ] src.monday_client (monday_client.py:145): Fetching page 7 (cursor=MSwyMTMxODk2Nzk1LEszTW9jeUxhNWZEdjZFRjRiZ3Y1OSwxMDM3LDYwMCx8MzYyNTYzODMzNw)...
2026-04-28 14:31:59,658 [INFO   ] src.monday_client (monday_client.py:162):   -> Got 100 items (total so far: 700)
2026-04-28 14:31:59,659 [INFO   ] src.monday_client (monday_client.py:145): Fetching page 8 (cursor=MSwyMTMxODk2Nzk1LEszTW9jeUxhNWZEdjZFRjRiZ3Y1OSwxMDM3LDcwMCx8MTYyMTU0MDUxNg)...
2026-04-28 14:32:03,045 [INFO   ] src.monday_client (monday_client.py:162):   -> Got 100 items (total so far: 800)
2026-04-28 14:32:03,045 [INFO   ] src.monday_client (monday_client.py:145): Fetching page 9 (cursor=MSwyMTMxODk2Nzk1LEszTW9jeUxhNWZEdjZFRjRiZ3Y1OSwxMDM3LDgwMCx8OTUyNDc5NDc0)...
2026-04-28 14:32:06,079 [INFO   ] src.monday_client (monday_client.py:162):   -> Got 100 items (total so far: 900)
2026-04-28 14:32:06,079 [INFO   ] src.monday_client (monday_client.py:145): Fetching page 10 (cursor=MSwyMTMxODk2Nzk1LEszTW9jeUxhNWZEdjZFRjRiZ3Y1OSwxMDM3LDkwMCx8MjE1NTQ2NTExMQ)...
2026-04-28 14:32:09,348 [INFO   ] src.monday_client (monday_client.py:162):   -> Got 100 items (total so far: 1000)
2026-04-28 14:32:09,348 [INFO   ] src.monday_client (monday_client.py:145): Fetching page 11 (cursor=MSwyMTMxODk2Nzk1LEszTW9jeUxhNWZEdjZFRjRiZ3Y1OSwxMDM3LDEwMDAsfDE0Nzk5OTQwNzY)...
2026-04-28 14:32:10,884 [INFO   ] src.monday_client (monday_client.py:162):   -> Got 37 items (total so far: 1037)
2026-04-28 14:32:10,884 [INFO   ] src.monday_client (monday_client.py:168): Finished fetching. Total items: 1037
2026-04-28 14:32:10,885 [INFO   ] __main__ (main.py:76): Step 2/4: Normalizing orders...
2026-04-28 14:32:10,885 [INFO   ] src.order_mapper (order_mapper.py:287): Column validation passed (28 parent columns, 12 subitem columns seen)
2026-04-28 14:32:10,900 [INFO   ] src.order_mapper (order_mapper.py:304): Normalized 1037 / 1037 items
2026-04-28 14:32:10,900 [INFO   ] __main__ (main.py:83): Step 3/7: Computing P&L...
2026-04-28 14:32:10,950 [INFO   ] pnl_shared.exchange_rate (exchange_rate.py:82): Live exchange rate: 1 USD = 2.9809 ILS (source: https://open.er-api.com/v6/latest/USD)
2026-04-28 14:32:10,951 [INFO   ] src.pnl_engine (pnl_engine.py:120): Using exchange rate: 1 USD = 2.9809 ILS
2026-04-28 14:32:10,954 [INFO   ] src.pnl_engine (pnl_engine.py:128): Computed P&L for 1037 / 1037 orders
2026-04-28 14:32:10,954 [INFO   ] __main__ (main.py:87): Step 4/7: Fetching Facebook Ads data...
2026-04-28 14:32:12,642 [INFO   ] src.facebook_ads (facebook_ads.py:120): Fetched 28 days of Facebook Ads data
2026-04-28 14:32:13,361 [INFO   ] src.facebook_ads (facebook_ads.py:120): Fetched 28 days of Facebook Ads data
2026-04-28 14:32:13,361 [INFO   ] __main__ (main.py:96): Ad spend this month: 26367.67
2026-04-28 14:32:13,361 [INFO   ] __main__ (main.py:101): Step 5/7: Writing Excel workbook...
2026-04-28 14:32:13,361 [INFO   ] src.excel_writer (excel_writer.py:960): Loading existing workbook: P&L.xlsx
2026-04-28 11:34:31,626 [INFO   ] __main__ (main.py:63): ============================================================
2026-04-28 11:34:31,626 [INFO   ] __main__ (main.py:64): Starting P&L pipeline
2026-04-28 11:34:31,627 [INFO   ] __main__ (main.py:65): Board ID: 2131896795 | Mode: INCLUDES_VAT | Currency: ILS
2026-04-28 11:34:31,628 [INFO   ] __main__ (main.py:67): ============================================================
2026-04-28 11:34:31,629 [INFO   ] __main__ (main.py:72): Step 1/4: Fetching items from Monday.com...
2026-04-28 11:34:31,630 [INFO   ] src.monday_client (monday_client.py:145): Fetching page 1 (cursor=START)...
2026-04-28 11:34:31,634 [WARNING] src.monday_client (monday_client.py:112): Connection error: HTTPSConnectionPool(host='api.monday.com', port=443): Max retries exceeded with url: /v2 (Caused by ProxyError('Unable to connect to proxy', OSError('Tunnel connection failed: 403 Forbidden'))). Retrying in 2.0s (attempt 1/5)
2026-04-28 11:34:33,639 [WARNING] src.monday_client (monday_client.py:112): Connection error: HTTPSConnectionPool(host='api.monday.com', port=443): Max retries exceeded with url: /v2 (Caused by ProxyError('Unable to connect to proxy', OSError('Tunnel connection failed: 403 Forbidden'))). Retrying in 4.0s (attempt 2/5)
2026-04-28 11:34:37,647 [WARNING] src.monday_client (monday_client.py:112): Connection error: HTTPSConnectionPool(host='api.monday.com', port=443): Max retries exceeded with url: /v2 (Caused by ProxyError('Unable to connect to proxy', OSError('Tunnel connection failed: 403 Forbidden'))). Retrying in 8.0s (attempt 3/5)
2026-04-28 11:34:45,659 [WARNING] src.monday_client (monday_client.py:112): Connection error: HTTPSConnectionPool(host='api.monday.com', port=443): Max retries exceeded with url: /v2 (Caused by ProxyError('Unable to connect to proxy', OSError('Tunnel connection failed: 403 Forbidden'))). Retrying in 16.0s (attempt 4/5)
2026-04-28 11:35:01,679 [WARNING] src.monday_client (monday_client.py:112): Connection error: HTTPSConnectionPool(host='api.monday.com', port=443): Max retries exceeded with url: /v2 (Caused by ProxyError('Unable to connect to proxy', OSError('Tunnel connection failed: 403 Forbidden'))). Retrying in 32.0s (attempt 5/5)
2026-04-28 21:36:51,790 [INFO   ] __main__ (main.py:63): ============================================================
2026-04-28 21:36:51,792 [INFO   ] __main__ (main.py:64): Starting P&L pipeline
2026-04-28 21:36:51,792 [INFO   ] __main__ (main.py:65): Board ID: 2131896795 | Mode: INCLUDES_VAT | Currency: ILS
2026-04-28 21:36:51,793 [INFO   ] __main__ (main.py:67): ============================================================
2026-04-28 21:36:51,793 [INFO   ] __main__ (main.py:72): Step 1/4: Fetching items from Monday.com...
2026-04-28 21:36:51,793 [INFO   ] src.monday_client (monday_client.py:145): Fetching page 1 (cursor=START)...
2026-04-28 21:36:56,041 [INFO   ] src.monday_client (monday_client.py:162):   -> Got 100 items (total so far: 100)
2026-04-28 21:36:56,041 [INFO   ] src.monday_client (monday_client.py:145): Fetching page 2 (cursor=MSwyMTMxODk2Nzk1LGFVWmg3T0kzSWw3Zlp5aWk3cjRjdSwxMDQ1LDEwMCx8MjYwNTIyMDEwNg)...
2026-04-28 21:36:59,490 [INFO   ] src.monday_client (monday_client.py:162):   -> Got 100 items (total so far: 200)
2026-04-28 21:36:59,490 [INFO   ] src.monday_client (monday_client.py:145): Fetching page 3 (cursor=MSwyMTMxODk2Nzk1LGFVWmg3T0kzSWw3Zlp5aWk3cjRjdSwxMDQ1LDIwMCx8MjMxNTA3MTIwNA)...
2026-04-28 21:37:02,411 [INFO   ] src.monday_client (monday_client.py:162):   -> Got 100 items (total so far: 300)
2026-04-28 21:37:02,411 [INFO   ] src.monday_client (monday_client.py:145): Fetching page 4 (cursor=MSwyMTMxODk2Nzk1LGFVWmg3T0kzSWw3Zlp5aWk3cjRjdSwxMDQ1LDMwMCx8ODI2MzYyMjQx)...
2026-04-28 21:37:05,449 [INFO   ] src.monday_client (monday_client.py:162):   -> Got 100 items (total so far: 400)
2026-04-28 21:37:05,449 [INFO   ] src.monday_client (monday_client.py:145): Fetching page 5 (cursor=MSwyMTMxODk2Nzk1LGFVWmg3T0kzSWw3Zlp5aWk3cjRjdSwxMDQ1LDQwMCx8Mjg5NTU0MDUzNg)...
2026-04-28 21:37:08,166 [INFO   ] src.monday_client (monday_client.py:162):   -> Got 100 items (total so far: 500)
2026-04-28 21:37:08,166 [INFO   ] src.monday_client (monday_client.py:145): Fetching page 6 (cursor=MSwyMTMxODk2Nzk1LGFVWmg3T0kzSWw3Zlp5aWk3cjRjdSwxMDQ1LDUwMCx8MzM4MzAyNTU3)...
2026-04-28 21:37:11,614 [INFO   ] src.monday_client (monday_client.py:162):   -> Got 100 items (total so far: 600)
2026-04-28 21:37:11,615 [INFO   ] src.monday_client (monday_client.py:145): Fetching page 7 (cursor=MSwyMTMxODk2Nzk1LGFVWmg3T0kzSWw3Zlp5aWk3cjRjdSwxMDQ1LDYwMCx8MTExMTMxMDU5)...
2026-04-28 21:37:14,858 [INFO   ] src.monday_client (monday_client.py:162):   -> Got 100 items (total so far: 700)
2026-04-28 21:37:14,858 [INFO   ] src.monday_client (monday_client.py:145): Fetching page 8 (cursor=MSwyMTMxODk2Nzk1LGFVWmg3T0kzSWw3Zlp5aWk3cjRjdSwxMDQ1LDcwMCx8MzE5MDAyMTg0Ng)...
2026-04-28 21:37:17,694 [INFO   ] src.monday_client (monday_client.py:162):   -> Got 100 items (total so far: 800)
2026-04-28 21:37:17,694 [INFO   ] src.monday_client (monday_client.py:145): Fetching page 9 (cursor=MSwyMTMxODk2Nzk1LGFVWmg3T0kzSWw3Zlp5aWk3cjRjdSwxMDQ1LDgwMCx8Mzg2MzAwNjg0OA)...
2026-04-28 21:37:20,630 [INFO   ] src.monday_client (monday_client.py:162):   -> Got 100 items (total so far: 900)
2026-04-28 21:37:20,630 [INFO   ] src.monday_client (monday_client.py:145): Fetching page 10 (cursor=MSwyMTMxODk2Nzk1LGFVWmg3T0kzSWw3Zlp5aWk3cjRjdSwxMDQ1LDkwMCx8MTU5MzYxNjg2OQ)...
2026-04-28 21:37:23,380 [INFO   ] src.monday_client (monday_client.py:162):   -> Got 100 items (total so far: 1000)
2026-04-28 21:37:23,380 [INFO   ] src.monday_client (monday_client.py:145): Fetching page 11 (cursor=MSwyMTMxODk2Nzk1LGFVWmg3T0kzSWw3Zlp5aWk3cjRjdSwxMDQ1LDEwMDAsfDM4NzM2NjkwMzY)...
2026-04-28 21:37:25,490 [INFO   ] src.monday_client (monday_client.py:162):   -> Got 45 items (total so far: 1045)
2026-04-28 21:37:25,490 [INFO   ] src.monday_client (monday_client.py:168): Finished fetching. Total items: 1045
2026-04-28 21:37:25,490 [INFO   ] __main__ (main.py:76): Step 2/4: Normalizing orders...
2026-04-28 21:37:25,490 [INFO   ] src.order_mapper (order_mapper.py:287): Column validation passed (28 parent columns, 12 subitem columns seen)
2026-04-28 21:37:25,506 [INFO   ] src.order_mapper (order_mapper.py:304): Normalized 1045 / 1045 items
2026-04-28 21:37:25,506 [INFO   ] __main__ (main.py:83): Step 3/7: Computing P&L...
2026-04-28 21:37:25,566 [INFO   ] pnl_shared.exchange_rate (exchange_rate.py:82): Live exchange rate: 1 USD = 2.9809 ILS (source: https://open.er-api.com/v6/latest/USD)
2026-04-28 21:37:25,566 [INFO   ] src.pnl_engine (pnl_engine.py:120): Using exchange rate: 1 USD = 2.9809 ILS
2026-04-28 21:37:25,569 [INFO   ] src.pnl_engine (pnl_engine.py:128): Computed P&L for 1045 / 1045 orders
2026-04-28 21:37:25,569 [INFO   ] __main__ (main.py:87): Step 4/7: Fetching Facebook Ads data...
2026-04-28 21:37:27,645 [INFO   ] src.facebook_ads (facebook_ads.py:120): Fetched 28 days of Facebook Ads data
2026-04-28 21:37:28,425 [INFO   ] src.facebook_ads (facebook_ads.py:120): Fetched 28 days of Facebook Ads data
2026-04-28 21:37:28,427 [INFO   ] __main__ (main.py:96): Ad spend this month: 26900.00
2026-04-28 21:37:28,427 [INFO   ] __main__ (main.py:101): Step 5/7: Writing Excel workbook...
2026-04-28 21:37:28,427 [INFO   ] src.excel_writer (excel_writer.py:960): Loading existing workbook: P&L.xlsx
2026-04-29 08:03:27,819 [INFO   ] __main__ (main.py:63): ============================================================
2026-04-29 08:03:27,820 [INFO   ] __main__ (main.py:64): Starting P&L pipeline
2026-04-29 08:03:27,820 [INFO   ] __main__ (main.py:65): Board ID: 2131896795 | Mode: INCLUDES_VAT | Currency: ILS
2026-04-29 08:03:27,820 [INFO   ] __main__ (main.py:67): ============================================================
2026-04-29 08:03:27,820 [INFO   ] __main__ (main.py:72): Step 1/4: Fetching items from Monday.com...
2026-04-29 08:03:27,820 [INFO   ] src.monday_client (monday_client.py:145): Fetching page 1 (cursor=START)...
2026-04-29 08:03:31,730 [INFO   ] src.monday_client (monday_client.py:162):   -> Got 100 items (total so far: 100)
2026-04-29 08:03:31,730 [INFO   ] src.monday_client (monday_client.py:145): Fetching page 2 (cursor=MSwyMTMxODk2Nzk1LDRrMXFfRmtnMFFQTzBadkJ5Rm91WCwxMDQ5LDEwMCx8MjQ4NDY1ODIyMw)...
2026-04-29 08:03:35,555 [INFO   ] src.monday_client (monday_client.py:162):   -> Got 100 items (total so far: 200)
2026-04-29 08:03:35,555 [INFO   ] src.monday_client (monday_client.py:145): Fetching page 3 (cursor=MSwyMTMxODk2Nzk1LDRrMXFfRmtnMFFQTzBadkJ5Rm91WCwxMDQ5LDIwMCx8MjI1OTUwNTA4OQ)...
2026-04-29 08:03:38,795 [INFO   ] src.monday_client (monday_client.py:162):   -> Got 100 items (total so far: 300)
2026-04-29 08:03:38,795 [INFO   ] src.monday_client (monday_client.py:145): Fetching page 4 (cursor=MSwyMTMxODk2Nzk1LDRrMXFfRmtnMFFQTzBadkJ5Rm91WCwxMDQ5LDMwMCx8MTA0MTMxMTkwOA)...
2026-04-29 07:09:09,169 [INFO   ] __main__ (main.py:63): ============================================================
2026-04-29 07:09:09,170 [INFO   ] __main__ (main.py:64): Starting P&L pipeline
2026-04-29 07:09:09,171 [INFO   ] __main__ (main.py:65): Board ID: 2131896795 | Mode: INCLUDES_VAT | Currency: ILS
2026-04-29 07:09:09,172 [INFO   ] __main__ (main.py:67): ============================================================
2026-04-29 07:09:09,172 [INFO   ] __main__ (main.py:72): Step 1/4: Fetching items from Monday.com...
2026-04-29 07:09:09,173 [INFO   ] src.monday_client (monday_client.py:145): Fetching page 1 (cursor=START)...
2026-04-29 07:09:09,178 [WARNING] src.monday_client (monday_client.py:112): Connection error: HTTPSConnectionPool(host='api.monday.com', port=443): Max retries exceeded with url: /v2 (Caused by ProxyError('Unable to connect to proxy', OSError('Tunnel connection failed: 403 Forbidden'))). Retrying in 2.0s (attempt 1/5)
2026-04-29 07:09:11,184 [WARNING] src.monday_client (monday_client.py:112): Connection error: HTTPSConnectionPool(host='api.monday.com', port=443): Max retries exceeded with url: /v2 (Caused by ProxyError('Unable to connect to proxy', OSError('Tunnel connection failed: 403 Forbidden'))). Retrying in 4.0s (attempt 2/5)
2026-04-29 07:09:15,192 [WARNING] src.monday_client (monday_client.py:112): Connection error: HTTPSConnectionPool(host='api.monday.com', port=443): Max retries exceeded with url: /v2 (Caused by ProxyError('Unable to connect to proxy', OSError('Tunnel connection failed: 403 Forbidden'))). Retrying in 8.0s (attempt 3/5)
2026-04-29 07:09:23,204 [WARNING] src.monday_client (monday_client.py:112): Connection error: HTTPSConnectionPool(host='api.monday.com', port=443): Max retries exceeded with url: /v2 (Caused by ProxyError('Unable to connect to proxy', OSError('Tunnel connection failed: 403 Forbidden'))). Retrying in 16.0s (attempt 4/5)
2026-04-29 07:09:39,225 [WARNING] src.monday_client (monday_client.py:112): Connection error: HTTPSConnectionPool(host='api.monday.com', port=443): Max retries exceeded with url: /v2 (Caused by ProxyError('Unable to connect to proxy', OSError('Tunnel connection failed: 403 Forbidden'))). Retrying in 32.0s (attempt 5/5)
2026-04-29 12:15:36,636 [INFO   ] __main__ (main.py:63): ============================================================
2026-04-29 12:15:36,636 [INFO   ] __main__ (main.py:64): Starting P&L pipeline
2026-04-29 12:15:36,636 [INFO   ] __main__ (main.py:65): Board ID: 2131896795 | Mode: INCLUDES_VAT | Currency: ILS
2026-04-29 12:15:36,636 [INFO   ] __main__ (main.py:67): ============================================================
2026-04-29 12:15:36,636 [INFO   ] __main__ (main.py:72): Step 1/4: Fetching items from Monday.com...
2026-04-29 12:15:36,638 [INFO   ] src.monday_client (monday_client.py:145): Fetching page 1 (cursor=START)...
2026-04-29 12:15:40,263 [INFO   ] src.monday_client (monday_client.py:162):   -> Got 100 items (total so far: 100)
2026-04-29 12:15:40,263 [INFO   ] src.monday_client (monday_client.py:145): Fetching page 2 (cursor=MSwyMTMxODk2Nzk1LEVxMWJuNGNZZENWcXdiektOVllSUSwxMDc0LDEwMCx8MTM5MzA0MzQ1Nw)...
2026-04-29 12:55:02,639 [INFO   ] __main__ (main.py:63): ============================================================
2026-04-29 12:55:02,639 [INFO   ] __main__ (main.py:64): Starting P&L pipeline
2026-04-29 12:55:02,639 [INFO   ] __main__ (main.py:65): Board ID: 2131896795 | Mode: INCLUDES_VAT | Currency: ILS
2026-04-29 12:55:02,639 [INFO   ] __main__ (main.py:67): ============================================================
2026-04-29 12:55:02,639 [INFO   ] __main__ (main.py:72): Step 1/4: Fetching items from Monday.com...
2026-04-29 12:55:02,639 [INFO   ] src.monday_client (monday_client.py:145): Fetching page 1 (cursor=START)...
2026-04-29 12:55:02,654 [INFO   ] __main__ (main.py:63): ============================================================
2026-04-29 12:55:02,655 [INFO   ] __main__ (main.py:64): Starting P&L pipeline
2026-04-29 12:55:02,655 [INFO   ] __main__ (main.py:65): Board ID: 2131896795 | Mode: INCLUDES_VAT | Currency: ILS
2026-04-29 12:55:02,655 [INFO   ] __main__ (main.py:67): ============================================================
2026-04-29 12:55:02,655 [INFO   ] __main__ (main.py:72): Step 1/4: Fetching items from Monday.com...
2026-04-29 12:55:02,655 [INFO   ] src.monday_client (monday_client.py:145): Fetching page 1 (cursor=START)...
Traceback (most recent call last):
  File "<frozen runpy>", line 198, in _run_module_as_main
  File "<frozen runpy>", line 88, in _run_code
  File "C:\Users\amith\ads-dashboard\monday-pnl\src\main.py", line 182, in <module>
    main()
  File "C:\Users\amith\ads-dashboard\monday-pnl\src\main.py", line 172, in main
    setup_logging()
  File "C:\Users\amith\ads-dashboard\monday-pnl\src\main.py", line 46, in setup_logging
    file_handler = logging.handlers.RotatingFileHandler(
                   ^^^^^^^^^^^^^^^^^^^^^^^^^^^^^^^^^^^^^
  File "C:\Users\amith\AppData\Local\Programs\Python\Python312\Lib\logging\handlers.py", line 155, in __init__
    BaseRotatingHandler.__init__(self, filename, mode, encoding=encoding,
  File "C:\Users\amith\AppData\Local\Programs\Python\Python312\Lib\logging\handlers.py", line 58, in __init__
    logging.FileHandler.__init__(self, filename, mode=mode,
  File "C:\Users\amith\AppData\Local\Programs\Python\Python312\Lib\logging\__init__.py", line 1231, in __init__
    StreamHandler.__init__(self, self._open())
                                 ^^^^^^^^^^^^
  File "C:\Users\amith\AppData\Local\Programs\Python\Python312\Lib\logging\__init__.py", line 1263, in _open
    return open_func(self.baseFilename, self.mode,
           ^^^^^^^^^^^^^^^^^^^^^^^^^^^^^^^^^^^^^^^
PermissionError: [Errno 13] Permission denied: 'C:\\Users\\amith\\ads-dashboard\\monday-pnl\\logs\\pnl.log'
